country,code,urban_pop,gdp_per_capita,pop_est,country.name.en,continent,region,un.regionsub.name,geom
Afghanistan,AFG,28.624544,1357.9878,40578801,Afghanistan,Asia,South Asia,Southern Asia,"list(c(74.8898634, 74.8038754, 74.3750999, 73.8426014, 73.7756025, 73.3058931, 73.0944613, 72.7951604, 72.6777778, 72.3443505, 71.8428435, 71.5673685, 71.4310417, 71.5068634, 71.4939204, 71.5924483, 71.5770869, 71.2573191, 71.3735373, 71.1642999, 70.7696957, 70.6104388, 70.4928771, 70.1778565, 70.2962244, 70.1445362, 69.5366639, 69.380318, 69.4020837, 69.2507539, 68.9733083, 68.822471, 68.5421592, 68.2943615, 68.0161546, 67.7865398, 67.6783831, 67.2620132, 67.0480733, 66.553732, 66.3089797, 66.0719754, 
65.70684, 65.5311916, 65.1326015, 64.7557323, 64.7981889, 64.6181515, 64.5799496, 64.2838285, 63.9892301, 63.5707105, 63.3058496, 63.2482108, 63.0949104, 63.1025239, 62.5775046, 62.265619, 62.0642638, 61.5877471, 61.2741149, 61.097123, 61.1409679, 60.9844877, 60.742333, 60.9183844, 60.6864856, 60.5175999, 60.5812847, 60.9026648, 60.5831657, 60.7095501, 60.8150197, 60.8830488, 60.8190952, 60.8560879, 61.7066524, 61.8385006, 61.7715464, 60.872972, 62.4691687, 63.576667, 64.0490634, 64.4613578, 64.5430912, 
65.0645277, 66.249863, 66.3734259, 66.2320832, 66.3239828, 66.356721, 66.2881545, 66.3919223, 66.5783639, 66.7164821, 66.9559049, 67.0700181, 67.4000418, 67.6511088, 67.8575247, 68.0703897, 68.1464801, 68.4280907, 68.5755243, 68.9077872, 69.1172933, 69.3199473, 69.2396471, 69.4537661, 69.3875733, 69.5732536, 70.0207045, 70.3284698, 70.1714074, 70.1533589, 69.9720676, 69.8586709, 69.9047103, 70.5468435, 70.8834506, 71.0814469, 71.1728091, 71.0241215, 71.0897322, 71.4750658, 71.6249625, 71.5460059, 
71.6563571, 71.5532163, 71.2506909, 71.538885, 71.6569393, 72.0882228, 72.2534809, 72.5904015, 73.0829066, 73.890477, 74.1208084, 74.4193479, 74.5646317, 74.5009021, 74.7494163, 74.8898634, 37.2340794, 37.3550155, 37.4240119, 37.2339056, 37.4394796, 37.4638108, 37.3242787, 37.2162531, 37.0219758, 36.9894017, 36.6803704, 36.7621034, 37.0576533, 37.3126842, 37.5416956, 37.7975706, 37.9345703, 37.9229012, 38.2559658, 38.3869323, 38.4555315, 38.3459169, 38.1212255, 37.9153039, 37.7696394, 37.5230499, 
37.5911028, 37.4293499, 37.1664982, 37.0935542, 37.317898, 37.3144221, 37.1646858, 37.1047019, 36.9243281, 37.1722583, 37.2327387, 37.1834308, 37.3794212, 37.3547424, 37.3234594, 37.4486411, 37.5386914, 37.238027, 37.2460712, 37.1128702, 36.9226895, 36.6359783, 36.3516507, 36.151514, 36.0363131, 35.9514269, 35.8579503, 35.6809283, 35.6184368, 35.428405, 35.2243704, 35.2954771, 35.4344133, 35.4369458, 35.6051539, 35.2579872, 35.0733678, 34.6197644, 34.5269333, 34.3047496, 34.3107082, 34.0617601, 33.5970338, 
33.5399548, 33.1298248, 32.6961084, 32.481075, 32.1977901, 32.0113335, 31.486524, 31.376239, 31.0351799, 30.8085519, 29.8584675, 29.3887011, 29.4870936, 29.407744, 29.5546003, 29.5874723, 29.5295739, 29.8495046, 29.9711359, 30.0631725, 30.2489587, 30.476406, 30.5768343, 30.9406109, 30.9766856, 31.18869, 31.3079875, 31.2138654, 31.211035, 31.3923026, 31.6237968, 31.6960208, 31.8044685, 31.755955, 31.834237, 31.5966352, 31.7017063, 31.9275894, 32.4644652, 32.6582957, 32.7679599, 33.0992121, 33.13844, 
33.3434181, 33.5389617, 33.6948304, 33.7576944, 33.925257, 34.0396882, 33.9430089, 33.9738698, 34.0621325, 34.3649321, 34.4505134, 34.6783579, 34.9494027, 35.1389876, 35.313949, 35.4386092, 35.7227383, 36.1291193, 36.3275429, 36.4835606, 36.5966263, 36.7525447, 36.8380019, 36.8871609, 36.9125101, 36.8382254, 37.0073274, 37.0308641, 37.2392684, 37.2845791, 37.2340794))"
Albania,ALB,60.694756,12978.101,2827562,Albania,Europe,Europe & Central Asia,Southern Europe,"list(c(20.078887, 19.8313133, 19.610163, 19.2895442, 19.4109575, 19.3684113, 19.5987427, 19.5600033, 19.4187053, 19.5203682, 19.3595886, 19.4570864, 19.4732988, 19.858722, 20.0173966, 20.0086635, 20.1908953, 20.4167033, 20.3122637, 20.6774439, 20.7075397, 20.8442248, 21.057269, 20.9806859, 20.7316791, 20.6697409, 20.5151864, 20.5942774, 20.5238748, 20.2572673, 20.078887, 42.5557889, 42.4663344, 42.5754525, 42.1874688, 42.1180504, 41.8903548, 41.8082742, 41.5778725, 41.3283037, 41.2507169, 40.694103, 
40.5616716, 40.2129159, 40.0400153, 39.8452662, 39.691483, 39.6448812, 39.8411696, 39.9905087, 40.0991054, 40.2684556, 40.4803855, 40.6676118, 40.8539442, 40.9116936, 41.0872756, 41.2324685, 41.8773203, 42.2115269, 42.3187085, 42.5557889))"
Algeria,DZA,71.448296,13506.444,45477339,Algeria,Africa,Middle East & North Africa,Northern Africa,"list(c(8.6419485, 8.4257246, 8.2408504, 7.8467389, 7.7701558, 7.5134907, 7.2563329, 7.1981566, 6.9281006, 6.8405004, 6.5842831, 6.4894724, 6.2673816, 6.2045924, 5.9616764, 5.7083253, 5.5187935, 5.2943291, 4.7894184, 3.7383945, 3.4988374, 3.1671567, 3.0069145, 2.6029949, 2.3058885, 2.0045723, 1.3967, 1.0640788, 0.8699789, 0.6585918, 0.3418246, 0.1348712, -0.0953705, -0.4729115, -0.6387071, -0.8049057, -1.0469708, -1.2118707, -1.2841095, -1.4642812, -1.7720913, -2.2116601, -2.2157355, -1.7395771, -1.8360449, 
-1.7834668, -1.6480805, -1.7306648, -1.5882024, -1.6702493, -1.4788813, -1.5444023, -1.3817417, -0.9969903, -1.2035854, -1.249983, -1.5972043, -1.9746109, -2.4477239, -2.5943961, -2.9075805, -2.8234735, -3.6666483, -3.6666483, -3.788375, -3.5374872, -3.6553176, -3.6455096, -4.3241428, -4.602305, -4.9391808, -5.2766388, -5.3314562, -5.5616531, -5.796463, -6.04753, -6.4624668, -6.7613646, -7.1476387, -7.3397233, -7.6191394, -8.1947663, -8.4481621, -8.6676106, -8.6676106, -8.6676106, -7.5008164, -6.3007467, 
-4.8341142, -4.0983348, -3.1738745, -1.8264608, -0.425439, 0.3501547, 1.1666822, 1.1782816, 1.5911135, 1.6682339, 1.7977981, 2.0022883, 2.2734639, 2.4016397, 2.5621506, 2.6977608, 3.258071, 3.2627735, 3.1789352, 3.1633947, 3.357629, 4.2666832, 5.8130336, 6.7169822, 7.4593899, 8.5755766, 9.7425051, 11.0671678, 11.9984803, 11.8145018, 11.6418989, 11.4215547, 10.9515767, 10.6124616, 10.3557964, 10.2232316, 10.0410894, 10.0283703, 9.3998519, 9.5044259, 9.8634704, 9.9304246, 9.8613655, 9.7817819, 9.9659395, 
9.8348078, 9.9043147, 9.7831254, 9.3914771, 9.5564217, 9.0754265, 8.3573373, 8.3232108, 8.1045684, 7.8103283, 7.7433742, 7.5246422, 7.5539319, 7.6542064, 7.8041479, 7.8554272, 8.1486373, 8.2742603, 8.3081629, 8.4538946, 8.3345415, 8.3559937, 8.2643628, 8.2648106, 8.4069595, 8.2091424, 8.5723072, 8.6419485, 36.9409627, 36.8955279, 36.948858, 36.8426447, 36.9594842, 37.0418131, 37.0235647, 36.9408138, 36.8810533, 36.9559587, 36.9750016, 37.0852121, 37.027562, 36.9065018, 36.8322667, 36.8201011, 36.6881663, 
36.6379397, 36.8909844, 36.8881789, 36.7698745, 36.7432095, 36.8171218, 36.6008222, 36.6371949, 36.5664606, 36.5366672, 36.4883772, 36.372357, 36.3301746, 36.1927777, 36.0420235, 35.7925788, 35.8845161, 35.7089837, 35.7717235, 35.6666275, 35.5249106, 35.3577948, 35.3072455, 35.119622, 35.0851362, 35.0467028, 34.7430095, 34.62905, 34.3908026, 34.1081881, 33.733959, 33.5307437, 33.2840053, 33.0803927, 32.9571972, 32.7398301, 32.5165539, 32.3950468, 32.0764319, 32.0941093, 32.158165, 32.1596298, 32.1118115, 
32.1181426, 31.7976905, 31.6333306, 31.3780514, 31.2367317, 31.0210777, 30.8458184, 30.6978945, 30.5305802, 30.2892542, 30.1398406, 29.9044733, 29.7697827, 29.4915626, 29.6171415, 29.565897, 29.5642087, 29.4628369, 29.5241615, 29.3955288, 29.3684913, 29.0032748, 28.8003822, 28.7141553, 27.6672674, 27.3158799, 26.6238056, 25.9002994, 25.000665, 24.5485761, 23.9707841, 23.1092355, 22.1891678, 21.6692742, 21.1138768, 20.7263153, 20.600364, 20.4064094, 20.2978872, 20.2424468, 20.2988555, 20.1174886, 
20.033099, 20.066393, 19.8166008, 19.4390448, 19.3662497, 19.1145458, 18.9681364, 19.1455556, 19.4432407, 20.2170728, 20.843403, 21.5214992, 22.2157583, 22.9855435, 23.5149958, 23.6142821, 23.8930235, 24.2006148, 24.5290614, 24.5718149, 24.5333318, 24.6456527, 24.9555281, 25.354138, 26.1954272, 26.3780851, 26.5162765, 26.8579315, 26.933408, 27.2704947, 27.8828718, 28.2862734, 28.7581998, 29.4270601, 30.168194, 30.2280289, 32.0864624, 32.5017317, 32.8231769, 33.049929, 33.2143882, 33.4251512, 33.7973195, 
34.0188081, 34.1979405, 34.2192675, 34.4056248, 34.5340092, 34.6455853, 34.9471434, 35.2197772, 35.2795625, 35.6698799, 35.7305094, 35.9380696, 36.422534, 36.4476348, 36.7732014, 36.9409627))"
American Samoa,ASM,94.9852,NA,48322,NA,NA,NA,NA,list()
Andorra,AND,95.00263,NA,79675,Andorra,Europe,Europe & Central Asia,Southern Europe,"list(c(1.7257832, 1.73792, 1.4385744, 1.5156501, 1.7257832, 42.5043954, 42.6113038, 42.6031603, 42.4287451, 42.5043954))"
Angola,AGO,66.44555,6118.905,35634984,Angola,Africa,Sub-Saharan Africa,Sub-Saharan Africa,"list(list(c(23.999894, 23.8628507, 23.4839661, 23.1513002, 22.707432, 22.5776887, 22.4382717, 22.2697442, 22.1687979, 22.328234, 22.3280996, 22.2156883, 22.1773967, 22.0684338, 21.8749609, 21.7915705, 21.8614357, 21.8342062, 21.9517231, 21.8724081, 21.7753134, 21.7753581, 21.8527025, 21.8232337, 21.7403807, 20.5530301, 20.627553, 20.3219822, 20.3029036, 19.547956, 19.494527, 19.5428057, 19.4059863, 19.341764, 19.3813543, 18.7964569, 18.7619274, 18.5306108, 18.3587244, 18.2047522, 18.1036267, 17.875669, 
17.5456901, 17.3026397, 16.9774081, 16.9115736, 16.7646327, 16.7137564, 16.6025991, 16.5852223, 16.4918895, 15.8144207, 15.6800645, 14.9446882, 14.5957651, 14.1808283, 13.7738633, 13.431882, 13.3840511, 13.3541345, 13.327532, 13.2252421, 13.136567, 12.9869837, 12.8015274, 12.6066661, 12.273597, 12.5773316, 12.8276373, 12.8520901, 13.0970215, 13.3952923, 13.3949788, 13.2237642, 12.995896, 13.153048, 13.1957733, 13.3142755, 13.5224828, 13.5310368, 13.7694743, 13.719673, 13.8653151, 13.7701461, 13.7995253, 
13.6562121, 13.3777812, 13.2026255, 12.9403621, 12.9804451, 12.5321432, 12.5134677, 12.4261361, 12.3325794, 12.3554647, 12.2735075, 12.0571492, 12.0190816, 11.8824413, 11.7351421, 11.8262804, 11.7507274, 12.0777504, 12.2354399, 12.6114133, 12.9834009, 13.3515369, 13.514735, 13.8688532, 13.9548859, 14.2161192, 15.5777746, 17.3974057, 18.4215135, 18.5646029, 18.9038523, 19.5703935, 19.7592088, 20.3242662, 20.5406693, 20.8012308, 21.2077479, 21.4234344, 22.214076, 23.4342096, 23.2215685, 22.9954917, 
22.7916286, 22.1352985, 22.1204297, 22.0002257, 22.0004496, 22.0002705, 22.0037189, 23.2291372, 24.058115, 23.8935287, 23.9465994, 24.065639, 23.9823829, 24.0121652, 23.9623191, 24.0874943, 24.0313334, 23.999894, -10.8899693, -11.0352863, -10.9384828, -11.0817391, -11.112749, -11.0281359, -11.1770033, -11.1880764, -10.8578422, -10.7603187, -10.3865365, -10.1600079, -9.9090984, -9.8739175, -9.6502192, -9.4187995, -9.1940585, -9.0581016, -8.5030767, -8.1975461, -8.0281959, -7.7745056, -7.6029457, -7.3309574, 
-7.2833378, -7.2833378, -6.9166564, -6.9166564, -7.0000032, -7.0000032, -7.3635315, -7.4486908, -7.6707504, -7.9017977, -7.9999915, -7.9999915, -7.9166447, -7.9166695, -8.0242979, -7.9798562, -8.0965964, -8.0812032, -8.1174269, -7.6369101, -7.2907365, -6.9132301, -6.7126217, -6.1298393, -6.0618361, -5.882654, -5.8435503, -5.8777878, -5.8618732, -5.8656718, -5.9047011, -5.8394785, -5.8693463, -5.8602842, -5.8768195, -5.9188033, -5.8993135, -5.8662925, -5.907308, -5.9040307, -6.0504898, -6.0527988, 
-6.1399194, -6.6843429, -6.9899231, -7.2637238, -7.8370716, -8.4010842, -8.7500634, -8.8018045, -9.0994399, -9.345359, -9.6880816, -9.9840287, -10.2711371, -10.3895407, -10.65994, -10.7557007, -11.0224752, -11.5827884, -11.7684753, -12.2341947, -12.5949423, -12.6122969, -12.835871, -12.9796487, -13.4268217, -13.8813935, -13.940707, -14.1921379, -14.4123603, -14.6980287, -15.2288465, -15.5688877, -15.7839459, -15.9021013, -16.4518627, -17.2518384, -17.14277, -17.2362714, -17.2094574, -16.9823081, 
-16.9743384, -17.137432, -17.3429812, -17.4328577, -17.391594, -17.3906257, -17.3897319, -17.3897319, -17.5825692, -17.8196248, -17.8729797, -17.9104696, -17.8621796, -17.9826192, -18.0370168, -17.9293636, -18.0267133, -17.8763066, -17.6378607, -17.532715, -17.2742082, -17.1199285, -16.4900975, -16.3481322, -16.2072843, -15.406663, -14.0040427, -12.9996847, -13.0002557, -13.0007771, -12.8405138, -12.5549944, -12.4244252, -12.1713805, -11.8107819, -11.6572966, -11.4033829, -11.2747254, -10.8899693
)), list(c(13.1027092, 12.875692, 12.7583095, 12.6377472, 12.4236729, 12.3125155, 12.0163049, 12.2342307, 12.1468543, 12.2023434, 12.528426, 12.5275303, 12.6049642, 12.8824546, 13.1027092, -4.6839939, -4.4449024, -4.4173436, -4.5633805, -4.6084181, -4.8034403, -5.0407193, -5.5254072, -5.6333087, -5.7734863, -5.7421288, -5.1734238, -5.0181757, -4.7419916, -4.6839939)))"
Anguilla,AIA,100,NA,14164,NA,NA,NA,NA,list()
Antigua and Barbuda,ATG,36.6352,NA,92804,Antigua & Barbuda,Americas,Latin America & Caribbean,Latin America and the Caribbean,"list(c(-61.8301257, -61.8904964, -61.690037, -61.8301257, 17.1746027, 17.0274485, 17.0312472, 17.1746027))"
Argentina,ARG,94.35072,18292.318,45407866,Argentina,Americas,Latin America & Caribbean,Latin America and the Caribbean,"list(list(c(-68.6069189, -68.2868376, -67.7033733, -67.5450121, -66.7700007, -66.5333546, -66.1267031, -65.9799861, -65.7017344, -65.4133164, -65.2325177, -65.2800351, -65.7567309, -66.1482897, -66.5533289, -66.7291564, -67.2550266, -67.9542612, -68.0857063, -68.4632921, -68.5374567, -68.2857627, -68.6067845, -68.6063814, -68.6069189, -54.8921357, -54.7988081, -54.8854819, -54.8629383, -54.9613059, -55.0546087, -54.991273, -54.887915, -54.9446217, -54.917907, -54.8141765, -54.6170936, -54.6362855, 
-54.5737692, -54.4296191, -54.2883242, -54.08712, -53.6258696, -53.3908002, -53.2970753, -53.1550605, -52.9509017, -52.6612112, -53.335608, -54.8921357)), list(c(-62.6389501, -62.8089108, -62.8133893, -63.9314121, -64.2439695, -64.2920242, -64.4341283, -64.4104368, -64.567768, -64.5331936, -64.9934085, -65.6589644, -65.8048304, -66.0763196, -66.2430108, -66.3478535, -66.7391883, -66.7824063, -67.0272033, -67.0139468, -67.1806829, -66.9904792, -67.3227422, -68.245635, -68.3913219, -68.567866, -68.402787, 
-68.5495488, -68.5890943, -68.4784743, -68.3810661, -68.5576549, -68.5857802, -68.2635492, -68.4897155, -68.7887028, -69.1201148, -69.2350342, -69.3366523, -69.4759349, -69.6724532, -69.7932395, -69.882452, -70.0196297, -69.879944, -69.9622596, -69.8115567, -69.903949, -70.1950093, -70.3233195, -70.2968961, -70.4972213, -70.5671761, -70.4609451, -70.2813108, -70.3236778, -70.1349969, -70.1471785, -69.98931, -70.0812544, -70.002656, -69.8012113, -69.8997392, -69.80148, -70.0310052, -70.0133597, -70.2168646, 
-70.2524242, -70.4793519, -70.3841829, -70.4205934, -70.6618524, -70.7116538, -70.8834954, -71.0381394, -71.1677483, -71.0928224, -71.2165196, -71.1196488, -71.1551636, -70.9969368, -70.9839042, -70.8450247, -70.9248323, -71.0947033, -71.4265632, -71.3993337, -71.5022953, -71.7173548, -71.689767, -71.830438, -71.693529, -71.843381, -71.8391263, -71.9649285, -71.8183907, -71.9113652, -71.8859271, -71.7921465, -71.7942066, -71.7268941, -71.9150824, -72.1714788, -72.110929, -72.1423235, -71.72985, -71.9319217, 
-71.6001962, -71.7591844, -71.6654485, -71.8277061, -71.7938035, -71.3645354, -71.0911653, -71.4679449, -72.068562, -71.5602028, -71.3246764, -71.5387506, -71.7943409, -71.6180656, -71.7680071, -71.7587813, -71.6477135, -71.9558371, -71.9978906, -72.2912798, -72.4993976, -72.2277741, -72.5049957, -72.5250596, -72.783561, -72.952178, -73.1452031, -73.4178567, -73.5476, -73.4456236, -73.559065, -73.5220723, -73.3613823, -73.3315552, -73.0934312, -72.7395369, -72.2866221, -72.2656178, -72.4105881, -72.2800387, 
-71.9517616, -71.9169634, -69.9954008, -69.4863251, -69.1906071, -68.4185515, -68.3571507, -68.6988185, -68.9621119, -69.1254891, -69.1687966, -69.0671785, -68.8630018, -68.1513617, -67.8487467, -67.7188243, -67.6596628, -67.5787803, -67.1000243, -66.7038527, -66.355467, -66.3354927, -65.9813297, -65.7716892, -65.7646131, -65.9804788, -66.2005095, -66.7954388, -67.1304784, -67.3879497, -67.5950822, -67.5942313, -67.3675724, -67.3496582, -67.0271585, -66.8505249, -66.5558817, -66.5171871, -66.1912837, 
-65.6421698, -65.7292775, -65.6658613, -65.3917746, -65.2234263, -65.2200226, -65.3491837, -65.0504651, -64.9796146, -64.462164, -64.6138522, -65.0229668, -64.9804655, -64.6913309, -64.3421391, -64.1446355, -63.6275432, -63.5859375, -63.617556, -63.741746, -64.0663058, -64.1205409, -64.6142104, -64.6437688, -64.9679703, -65.0792173, -64.9826152, -65.1700421, -65.1175536, -64.8521105, -64.7655403, -64.5430016, -63.7913234, -63.1096, -62.30924, -62.2475257, -62.4817086, -62.3433665, -62.315913, -62.1117364, 
-62.0425877, -62.1288444, -62.317167, -62.3583248, -62.2958939, -62.0530227, -61.6272031, -60.8463247, -59.1188173, -58.5238432, -58.092918, -57.5488201, -57.5225759, -57.1371079, -56.6933741, -56.674206, -56.7292472, -56.9946455, -57.1371079, -57.3604975, -57.3537797, -57.1192385, -57.3492564, -57.8271166, -58.1704416, -58.45877, -58.5496396, -58.3903827, -58.3543304, -58.5437727, -58.5375475, -58.4162686, -58.213973, -58.1128923, -58.2027766, -58.1041144, -58.2047024, -58.0872303, -57.9805962, 
-57.9814919, -57.8062466, -57.8046344, -57.8914285, -57.6437204, -57.6484677, -57.6129976, -57.6046675, -57.3457183, -57.3281177, -57.1215674, -56.7056453, -56.5905916, -56.4300807, -56.3947898, -55.8861172, -55.8771153, -55.6082237, -55.454565, -55.1965563, -54.9364427, -54.9045555, -54.6856444, -54.5673661, -54.2644824, -53.8163597, -53.6728672, -53.7419711, -53.6420101, -53.8360205, -53.8616377, -54.1909896, -54.4489087, -54.5937447, -54.5870717, -54.6688051, -54.6224074, -54.833481, -55.1321549, 
-55.1387831, -55.37422, -55.5524211, -55.5936237, -55.7393106, -55.8966418, -56.0874276, -56.2834533, -56.3590958, -56.566094, -56.7505203, -56.8768151, -57.1363018, -57.3193845, -57.6007712, -57.975625, -58.2757768, -58.6069649, -58.5078548, -58.2459945, -58.1619771, -58.0909922, -57.9479477, -57.7378145, -57.5597926, -57.7767778, -58.1364047, -58.3313107, -58.4436325, -58.673516, -59.3520149, -59.4737864, -60.0394261, -60.2800133, -60.4863844, -60.9922804, -61.1093046, -61.4941904, -61.8532798, 
-62.167315, -62.2374042, -62.6135568, -62.6389501, -22.2334073, -22.1427115, -21.99876, -21.9993311, -22.5663726, -22.812689, -22.6486519, -22.5418428, -22.3717725, -22.2859429, -22.0824296, -22.1117761, -22.0752792, -21.8349464, -21.7941295, -22.1281872, -22.2383977, -22.4380875, -22.5407752, -22.654685, -22.8138062, -22.9999897, -24.0341162, -24.3958321, -24.4924866, -24.7955592, -25.0323169, -25.2630662, -25.4481573, -25.7063662, -26.1778208, -26.2866161, -26.4936301, -26.9199975, -27.1336156, 
-27.104443, -27.8943883, -27.965793, -28.1642662, -28.2386999, -28.4576809, -29.1352805, -29.1430268, -29.3815721, -29.734772, -30.0689787, -30.1514814, -30.3419352, -30.4918702, -30.9308004, -31.0211983, -31.1221481, -31.5834729, -31.840788, -31.8835166, -32.2661374, -32.4915736, -32.7291754, -32.8985505, -33.029095, -33.3226586, -33.2873535, -33.7606454, -34.244067, -34.287739, -34.41302, -34.6118408, -34.7939277, -35.2043805, -35.605349, -36.1545891, -36.2414118, -36.4258574, -36.3962378, -36.4769033, 
-36.9971196, -37.1143316, -37.3037923, -37.4581218, -37.7577185, -38.2030047, -38.4302533, -38.5361189, -38.7642613, -38.7543302, -38.9212474, -39.3488313, -39.6363121, -39.6366845, -40.0363124, -40.2141041, -40.4054766, -40.4533942, -40.6094616, -40.7379205, -41.0616002, -41.3571004, -41.6044347, -41.7020327, -41.9615822, -42.1233848, -42.1887812, -42.1380829, -42.6016671, -42.9008914, -43.1984771, -43.3875655, -43.6963237, -43.8299716, -43.9020466, -44.2663446, -44.4146657, -44.389689, -44.5314556, 
-44.7383454, -44.8484318, -44.9772879, -45.306107, -45.4012718, -45.6649925, -45.9469615, -46.1155917, -46.3506115, -46.6888154, -46.8157847, -47.2965249, -47.5123527, -47.753629, -48.3191313, -48.5148486, -48.7908342, -48.9595885, -48.9516437, -49.181524, -49.3093126, -49.5044341, -49.7938018, -49.9476347, -50.14869, -50.3013808, -50.5705884, -50.7734313, -50.6268233, -50.6602911, -51.0347685, -51.1066945, -51.7049446, -51.8738231, -51.9997993, -52.0007427, -52.1516956, -52.1505039, -52.3833636, 
-52.3268059, -51.9995013, -51.6336641, -51.1486286, -50.7644933, -50.5519924, -50.3273755, -50.1149491, -49.9619603, -49.7678319, -49.2565784, -49.0494899, -48.6753105, -48.4507433, -48.3624061, -48.2774454, -48.050743, -47.5820194, -47.1982317, -47.0732735, -47.100733, -46.9998578, -46.7074114, -46.6032092, -46.3111601, -45.9903356, -45.7877906, -45.6306805, -45.3199112, -45.2357451, -45.220327, -45.0990433, -44.9857294, -45.044025, -44.8494497, -44.6928361, -44.5628627, -44.3628501, -44.1394995, 
-43.7245032, -43.4015435, -43.2557052, -43.0673865, -42.9249247, -42.7790864, -42.6540785, -42.5157382, -42.53493, -42.8774292, -42.76198, -42.6178051, -42.2902771, -42.0936163, -42.1774349, -42.4323913, -42.4219637, -42.2290767, -42.1357242, -41.9803024, -41.5428121, -41.0644554, -40.8378026, -40.7174128, -40.820746, -40.8682167, -41.1682107, -41.1599182, -40.8711712, -40.6028326, -40.3369768, -40.1961288, -39.8853347, -39.851122, -39.4736157, -39.2949054, -39.2748942, -39.1027632, -38.7953457, 
-38.932395, -39.0073749, -38.9873886, -38.7065616, -38.5490542, -38.3974061, -38.1048853, -37.8903237, -37.5057166, -36.9178445, -36.7294762, -36.338687, -36.3357077, -36.2632603, -36.0240695, -35.7416039, -35.4403188, -35.1461345, -34.8623779, -34.7499081, -34.5390706, -34.2915873, -34.2409387, -34.0466117, -33.7166505, -33.4845108, -33.069167, -33.0873658, -32.8851435, -32.4577582, -32.2451828, -31.8672792, -31.8239796, -31.5897544, -31.3912563, -30.891498, -30.7059601, -30.5126758, -30.3424069, 
-30.1938375, -30.1891699, -30.1802071, -30.0032595, -29.8802131, -29.7654343, -29.3614119, -29.1204087, -29.0796415, -28.9586309, -28.4804231, -28.3617215, -28.1161748, -28.099292, -27.8566253, -27.7726826, -27.6375698, -27.5747307, -27.4580402, -27.4013087, -27.1400957, -26.851299, -26.6477857, -26.2123066, -25.9719489, -25.6593424, -25.5342849, -25.6596155, -25.592357, -25.8301823, -25.98188, -26.2228832, -26.6731846, -26.8557928, -26.9516777, -26.9648364, -27.097963, -27.3372531, -27.4455022, 
-27.3426655, -27.3087011, -27.4079874, -27.5901736, -27.4503187, -27.5000736, -27.4190109, -27.4857976, -27.4138467, -27.3835817, -27.2671394, -27.2484193, -27.2988197, -26.9212637, -26.7502748, -26.2621359, -26.1157762, -26.0663689, -25.6475988, -25.455556, -25.1552889, -25.011685, -24.9994449, -24.8781116, -24.8314106, -24.4813389, -24.3342592, -24.0115229, -24.0437494, -23.9510673, -23.8084566, -23.5980908, -23.4215157, -23.0870607, -22.7469202, -22.5435063, -22.3038437, -22.2334073)), list(c(-59.3858279, 
-59.3950089, -59.8892606, -60.0933925, -60.396724, -60.2009223, -60.4591549, -60.5675356, -60.8383529, -61.0009239, -60.6508812, -60.3684197, -60.2908961, -59.9717106, -59.4399734, -59.2033721, -59.3858279, -51.3376177, -51.4363329, -51.401723, -51.5021017, -51.4829098, -51.7792045, -51.7891852, -51.9842322, -51.9562513, -52.0392009, -52.2591998, -52.1779137, -52.0133552, -52.0029276, -51.6355261, -51.4071603, -51.3376177)), list(c(-58.9656512, -58.9908206, -59.3024822, -59.5959162, -59.5941248, 
-59.1058743, -59.0991565, -58.6608417, -58.6383595, -58.3108438, -57.7616852, -57.9133733, -58.2733136, -58.6633497, -58.9656512, -51.2341355, -51.3950195, -51.763414, -51.980086, -52.2483253, -52.2358369, -52.0800178, -52.0575238, -51.9078868, -51.8808246, -51.6271095, -51.3737669, -51.389607, -51.3345887, -51.2341355)))"
Armenia,ARM,69.70461,13837.577,2880829,Armenia,Asia,Europe & Central Asia,Western Asia,"list(c(45.0150871, 44.4633757, 44.3871957, 43.4740661, 43.6714354, 43.7494515, 43.5907321, 43.6547304, 43.9100968, 44.2436137, 44.487515, 44.7671551, 45.0610817, 45.1690145, 45.4791982, 45.7976673, 45.7890685, 45.9898414, 46.1405891, 46.3408246, 46.5336258, 46.5358203, 46.4088985, 46.5694094, 46.1960334, 45.774558, 45.9805261, 45.9306799, 45.6495619, 45.437503, 45.3641893, 45.6069262, 45.4552828, 45.092745, 45.2048428, 45.0150871, 41.2970952, 41.1813729, 41.2213953, 41.1230276, 40.9370179, 40.6768725, 
40.3459183, 40.1140765, 40.0216179, 40.0491767, 39.9616836, 39.7147962, 39.7944437, 39.5913277, 39.502047, 39.571242, 39.3800185, 39.2004144, 38.844682, 38.9168564, 38.8674988, 39.1702238, 39.3613977, 39.5675675, 39.6022271, 39.9476063, 40.2111283, 40.296511, 40.3670219, 40.5197872, 40.6523675, 40.8495497, 40.9701134, 41.0536092, 41.140556, 41.2970952))"
Aruba,ABW,49.526,NA,107746,NA,NA,NA,NA,list()
Australia,AUS,91.03619,52049.43,26200929,Australia,Oceania,East Asia & Pacific,Australia and New Zealand,"list(list(c(144.7237456, 144.7112505, 144.6141557, 144.7854151, 145.0261814, 145.1874985, 145.256244, 145.2020985, 145.2662312, 145.4912779, 145.9724522, 146.0370328, 146.2574666, 146.5478999, 146.7220704, 146.8886721, 147.3437814, 147.3629047, 147.8016226, 147.8700099, 147.6204208, 147.7770354, 147.9417113, 147.9986783, 147.9041363, 148.0728877, 148.321178, 148.2649724, 148.3320609, 148.2553883, 148.3183118, 148.2212618, 147.9758378, 147.8400036, 147.5949827, 147.4083171, 147.0233418, 146.5941632, 
146.2266094, 145.8066567, 145.5095503, 145.0687276, 144.7237456, -40.6600109, -40.8549835, -41.0271392, -41.4500059, -41.8125163, -41.9420924, -42.1724942, -42.3300264, -42.5533274, -42.9758713, -43.4054166, -43.5491695, -43.4920904, -43.5108602, -43.6333356, -43.5525212, -43.0491381, -42.9225164, -42.89461, -43.0237889, -43.0650279, -43.2358429, -43.1996192, -42.9625388, -42.8429434, -42.1175255, -41.9183322, -41.8395785, -41.2666776, -41.1449967, -40.9879362, -40.8499931, -40.7437799, -40.8887741, 
-40.8662801, -41.0088164, -40.9837403, -41.1454188, -41.1603899, -41.0287779, -40.865858, -40.8083569, -40.6600109)), list(c(147.9400542, 147.8862222, 148.0441355, 148.3354646, 148.2895595, 148.1691764, 147.9400542, -39.7195596, -39.9258288, -40.2496078, -40.2108517, -39.9716609, -39.9396082, -39.7195596)), list(c(143.9558102, 143.8500271, 143.8795407, 144.1083493, 144.1129622, 143.9558102, -39.5820634, -39.7095789, -40.1141723, -40.0479318, -39.6716669, -39.5820634)), list(c(137.6274981, 137.3167322, 
137.030016, 136.5916565, 136.5421238, 136.7324618, 137.3700268, 137.4649719, 137.7508371, 138.0432858, 138.0704706, 137.5832949, 137.6274981, -35.5637129, -35.5812661, -35.6737992, -35.7496481, -35.8983664, -36.0462655, -35.9979507, -36.0754381, -35.8554392, -35.9062617, -35.7616647, -35.7312507, -35.5637129)), list(c(153.267099, 153.12289, 153.2279118, 153.0283033, 153.1112906, 153.3579238, 153.2636953, 153.267099, -24.6983337, -24.7999786, -24.9825124, -25.1779318, -25.5483374, -25.0092022, -24.8766964, 
-24.6983337)), list(c(151.0620896, 150.9883728, 151.0470865, 151.1199524, 151.2225109, 151.3099768, 151.2363048, 151.0620896, -23.4499683, -23.4971411, -23.6233655, -23.6612279, -23.799593, -23.761259, -23.5333648, -23.4499683)), list(c(146.220026, 146.2208321, 146.3483362, 146.220026, -18.1937297, -18.4804409, -18.4221204, -18.1937297)), list(c(139.5633473, 139.3025171, 139.1545909, 139.2237395, 139.4512494, 139.5633473, -16.3979368, -16.4604531, -16.6100156, -16.732491, -16.6625015, -16.3979368
)), list(c(136.7262366, 136.6249768, 136.4583304, 136.4020351, 136.4166351, 136.6778684, 136.6970813, 136.8370805, 136.7262366, -13.6625366, -13.7887859, -13.840378, -13.9775266, -14.1996111, -14.2916973, -14.1257981, -13.8424884, -13.6625366)), list(c(130.3495563, 130.1629803, 130.194151, 130.3016807, 130.4958254, 130.3495563, -11.3333686, -11.4558688, -11.6495751, -11.7720754, -11.8345917, -11.3333686)), list(c(130.3995816, 130.4154356, 130.4870923, 130.9683562, 131.4582638, 131.5166192, 131.4299594, 
131.2750019, 131.0296227, 130.5529268, 130.3995816, -11.1633728, -11.4575323, -11.6541931, -11.9371304, -11.5854202, -11.3896035, -11.2628825, -11.1887716, -11.365024, -11.3841414, -11.1633728)), list(c(142.5395614, 142.4245972, 142.3550455, 142.1950273, 142.1174589, 141.8829625, 141.8129182, 141.5862145, 141.8458354, 141.7412615, 141.5812433, 141.6878773, 141.5195738, 141.4601435, 141.5953955, 141.5212308, 141.5845574, 141.6546018, 141.6262078, 141.4720565, 141.3820378, 141.4253901, 141.200433, 
140.9687133, 140.8775302, 140.8208319, 140.3791582, 139.9958847, 139.9249894, 139.6158358, 139.410002, 139.2195745, 139.137035, 138.999096, 138.6546066, 138.4216329, 138.1128824, 137.8675031, 137.7300119, 137.4566418, 137.0070859, 136.7304465, 136.6795703, 136.3212422, 136.2420616, 135.9274889, 135.6616428, 135.4754699, 135.3795843, 135.7399725, 135.8837336, 135.912038, 136.02745, 135.8854355, 135.8337531, 135.9233239, 136.1991572, 136.3545626, 136.5249263, 136.5562312, 136.4779464, 136.7354177, 
136.9424606, 136.7824423, 136.653326, 136.5279269, 136.4121118, 136.1700019, 136.3374993, 136.2349855, 136.0178659, 135.8820765, 135.7128773, 135.5804021, 135.3062258, 135.2491244, 135.0554275, 134.8396067, 134.7641433, 134.5845538, 134.4191613, 133.8591646, 133.4633064, 133.2950028, 133.1616767, 132.9124907, 132.7274822, 132.3571069, 131.9295406, 131.9391695, 132.1062638, 132.2308568, 132.44829, 132.6429721, 132.6337463, 132.5595817, 132.3533449, 132.2612213, 132.0662705, 131.8941154, 131.7450247, 
131.4400361, 131.3220714, 130.9920925, 131.0104097, 130.7654336, 130.584187, 130.5541808, 130.3504072, 130.3016807, 130.1387514, 130.1137611, 130.2279191, 130.1595766, 129.9933332, 129.8725022, 129.7154398, 129.7212171, 129.4949612, 129.35747, 129.6599954, 129.6045959, 129.4787489, 129.3074447, 129.1978996, 129.0925196, 128.5482873, 128.4279041, 128.2286987, 128.0783541, 128.164969, 127.8765958, 127.6512356, 127.451224, 127.3779103, 127.1566256, 126.9583159, 126.745406, 126.8582653, 126.647953, 126.3383067, 
126.0837465, 126.0158518, 126.147924, 126.0175089, 126.0429022, 125.8487574, 125.5804033, 125.5207939, 125.3358302, 125.1566886, 125.3670904, 125.0362606, 124.7125069, 124.6791866, 124.4733529, 124.3853943, 124.4029054, 124.5612666, 124.5845998, 124.3958293, 124.3912612, 124.2170908, 124.1675133, 124.0033748, 123.852448, 123.7183157, 123.5578944, 123.6987445, 123.5575361, 123.7103887, 123.7900172, 123.5662693, 123.6204148, 123.5604024, 123.383724, 123.0361892, 122.9021017, 122.7841817, 122.7337534, 
122.5720781, 122.5045865, 122.2587146, 122.1495726, 122.1512296, 122.2454133, 122.3803965, 122.3150098, 121.7575211, 121.5137542, 121.2050036, 120.9591765, 120.1983172, 119.9658362, 119.5808161, 119.2182334, 118.9891561, 118.8157918, 118.4724221, 118.1841384, 117.789579, 117.4287878, 117.188738, 117.1583287, 116.8925273, 116.7404361, 116.4587359, 115.9833388, 115.8141844, 115.6983245, 115.3025111, 114.909564, 114.6404037, 114.5095407, 114.3041549, 114.2200031, 114.077899, 114.1549747, 113.9279127, 
113.8253989, 113.6570953, 113.82204, 113.7654312, 113.7553993, 113.6079209, 113.4629058, 113.3870393, 113.4054013, 113.6154449, 113.6654254, 113.8041706, 114.0437277, 114.2728946, 114.1836821, 114.215435, 114.083318, 113.9712649, 113.8870684, 113.6970439, 113.7228403, 113.4695788, 113.4104173, 113.5578956, 113.5799749, 113.8795892, 113.8095896, 113.6320603, 113.481223, 113.2920495, 113.5804227, 113.9787889, 114.1545268, 114.1003813, 114.1703361, 114.314142, 114.5970514, 114.6286699, 114.8645994, 
114.9920587, 114.9504083, 115.0254238, 115.0820773, 115.3079301, 115.4378974, 115.7128798, 115.7696229, 115.7462897, 115.5987666, 115.6670643, 115.6753944, 115.5671033, 115.3300093, 114.9878936, 115.0175416, 115.374123, 115.6566293, 115.9445995, 115.9975358, 116.2575151, 116.6228744, 117.3599526, 117.6095865, 117.8525473, 117.9641525, 118.3799402, 118.449895, 118.7108596, 118.7633033, 118.9908579, 119.2795894, 119.474182, 119.5745461, 119.8441095, 120.0366419, 120.42417, 120.5900104, 121.5716617, 
121.7833175, 122.0291446, 122.1383314, 122.3574664, 122.8299972, 123.0366819, 123.2845691, 123.5449962, 123.7428581, 124.0012251, 124.1362531, 124.4616191, 124.7583224, 125.0233624, 125.529124, 125.9600044, 126.2099517, 126.6866476, 127.212473, 128.0141766, 128.6416201, 128.9624627, 129.6074621, 130.2541634, 130.7841091, 131.1891483, 131.7233486, 132.1991488, 132.5700167, 132.7675203, 133.1428668, 133.5499214, 133.8229332, 133.8583137, 134.1315942, 134.2870891, 134.1312359, 134.2612927, 134.7079376, 
134.8620889, 134.8441748, 135.0283324, 135.2487213, 135.2483183, 135.3479658, 135.480441, 135.6262175, 135.8966766, 135.932908, 136.2687089, 136.3662516, 136.8058203, 136.9337722, 137.1741803, 137.360398, 137.4487148, 137.6566534, 137.7795894, 137.8086999, 138.0495558, 137.8129097, 137.9499531, 137.6029557, 137.502099, 137.51128, 137.4454455, 137.0400032, 136.8316615, 137.142517, 137.4308454, 137.6375301, 137.729161, 137.9053916, 137.8871191, 138.0916093, 138.2733037, 138.5437627, 138.4433091, 138.0953713, 
138.1632659, 138.5283118, 138.7133651, 138.9582965, 139.5175318, 139.7120348, 139.8645739, 139.6704292, 139.740384, 139.9758209, 140.2737334, 140.4157927, 140.6633664, 141.0141705, 141.178309, 141.5266947, 141.7366934, 142.1516302, 142.3758259, 142.7942112, 143.3616423, 143.5124795, 143.8678965, 144.0475308, 144.4349693, 144.3950207, 144.9691696, 145.1124829, 144.9858298, 145.0262262, 145.2875043, 145.4824999, 145.5529026, 145.4299666, 145.6082573, 145.7716345, 145.9170975, 146.1550423, 146.4245609, 
146.4870813, 146.3000127, 146.2424635, 146.4503573, 146.9045709, 147.537523, 147.7262487, 148.3633211, 149.4550101, 149.6796089, 149.7958719, 149.9767153, 149.9445594, 150.005378, 149.9062231, 150.13539, 150.1604251, 150.2404118, 150.5449973, 150.6987456, 150.7141518, 150.8379387, 150.8854112, 150.9920452, 151.1712764, 151.1275211, 151.2962725, 151.3504181, 151.4541411, 151.6337305, 151.8116629, 152.0274838, 152.3633296, 152.542919, 152.4499445, 152.5436804, 152.7474988, 152.9404343, 152.9629166, 
153.0770746, 152.9904596, 153.0236904, 153.2008166, 153.3625367, 153.362895, 153.605408, 153.5628619, 153.5862398, 153.4521075, 153.3133176, 153.0916298, 153.0312143, 153.2062805, 153.1328772, 153.0637733, 153.1737663, 152.9241772, 152.8711961, 152.9562435, 152.8999931, 152.7108195, 152.4887287, 152.4162659, 152.1549431, 152.0420391, 151.9437351, 151.6274606, 151.5178707, 151.3270849, 151.1766059, 151.1133689, 151.0462356, 151.0199913, 150.8712142, 150.7512789, 150.8316687, 150.6779204, 150.4432897, 
150.1745772, 150.0416542, 149.8520328, 149.7095704, 149.5770056, 149.4662513, 149.4395592, 149.1587099, 148.8537661, 148.6653987, 148.8237151, 148.8428832, 148.6045353, 148.4146004, 148.0829645, 147.9375015, 147.6037606, 147.4795707, 147.1341857, 147.058767, 146.8874629, 146.456672, 146.2838004, 146.344619, 146.2250419, 146.0145505, 146.1487276, 145.8895545, 145.4129034, 145.4725128, 145.363326, 145.362072, 145.2579011, 145.2358667, 145.344113, 145.2174599, 145.0216581, 144.9041412, 144.6170667, 
144.5945845, 144.2400184, 144.0933462, 143.8641793, 143.7653827, 143.6762597, 143.5270348, 143.5854349, 143.5228697, 143.4958641, 143.3512521, 143.4020835, 143.2720267, 143.2645923, 143.0816439, 143.097901, 143.1837546, 142.851223, 142.857896, 142.7904492, 142.5512056, 142.5395614, -10.6992175, -10.7283654, -10.8821486, -10.9154675, -11.3712558, -11.9925212, -12.0450319, -12.5625669, -12.6004541, -12.850867, -12.9974999, -13.2399927, -13.5824919, -13.9190572, -14.1217015, -14.4892022, -14.8517126, 
-14.9875205, -15.1700295, -15.5058251, -15.9417016, -16.0666598, -16.6917238, -16.976697, -17.3837484, -17.4691559, -17.679621, -17.712915, -17.624553, -17.5229826, -17.3704407, -17.3091658, -17.0825378, -16.8929529, -16.7791672, -16.7779259, -16.6492187, -16.4287729, -16.232112, -16.1587708, -15.875039, -15.9316711, -15.8049998, -15.6066756, -15.4183321, -15.250397, -15.0546052, -14.9775397, -14.7258358, -14.2804503, -14.1608797, -13.9842301, -13.7504518, -13.7283799, -13.5733553, -13.267924, -13.2495763, 
-13.1491727, -13.1546348, -13.0066861, -12.8459015, -12.5558882, -12.3729075, -12.1604562, -12.2754088, -11.9933653, -11.9666506, -12.1938, -12.2063131, -12.4604254, -12.4633303, -12.15919, -12.2674888, -12.1033524, -12.1258712, -12.2246112, -12.2658253, -12.1166849, -11.9579361, -12.0716473, -12.0696362, -11.7529331, -11.8020673, -11.7037493, -11.7154432, -11.3362486, -11.5229535, -11.1524982, -11.2450314, -11.3937746, -11.5358887, -11.4603875, -11.4563157, -11.7275343, -11.9450256, -12.0900199, 
-12.200429, -12.1758991, -12.3033401, -12.2162691, -12.2770723, -12.2821372, -12.1991628, -12.1733667, -12.3125015, -12.4433687, -12.4262872, -12.702099, -12.6725043, -12.9170827, -12.9483409, -13.165857, -13.2783268, -13.4383667, -13.533755, -13.4971092, -13.856665, -14.0108455, -14.1246064, -14.4270831, -14.5837464, -15.1083821, -14.9433519, -14.8621154, -15.1100208, -14.9046206, -14.769632, -15.0508562, -15.0024917, -15.0920951, -14.704608, -14.4787746, -14.164157, -14.0567272, -13.933358, -13.9329359, 
-13.7337675, -13.793379, -13.9720893, -14.172524, -14.0587383, -13.906693, -14.0429478, -14.1283305, -14.3779241, -14.4791718, -14.5566841, -14.3141913, -14.4996051, -14.5554427, -14.7304537, -15.1499935, -15.0858633, -15.2579198, -15.4804512, -15.4746166, -15.6833686, -15.8683355, -15.8808239, -16.1075014, -16.1696205, -16.3375059, -16.4116913, -16.3054533, -16.2587771, -16.3162782, -16.1379651, -16.1808675, -16.3583365, -16.6637429, -16.7499946, -16.9096124, -17.0441789, -17.1975649, -17.4524965, 
-17.2441666, -16.6199964, -16.4824753, -16.5671132, -16.7741769, -16.7816997, -16.9175324, -17.1074649, -17.3566613, -17.5791926, -17.9591569, -18.0725205, -18.172924, -18.5612553, -19.0883241, -19.4712429, -19.6329214, -19.9128793, -19.9312519, -20.079573, -19.9537459, -20.0354789, -20.2763083, -20.3479365, -20.330408, -20.6475084, -20.7308304, -20.6808769, -20.6004598, -20.7196331, -20.6191551, -20.8158407, -21.037081, -21.2479185, -21.273789, -21.5879348, -21.6916901, -21.8433382, -22.1542316, 
-22.4329233, -22.4545732, -22.1557957, -21.7846205, -21.9725171, -22.2816974, -22.5491918, -22.9475286, -23.1250224, -23.5175247, -23.6283311, -23.894162, -24.2200514, -24.4825058, -24.7350291, -25.0233293, -25.1537247, -25.6333725, -25.8674984, -26.163371, -26.3583932, -26.4637623, -26.3425531, -26.0400515, -26.0400018, -25.8000165, -25.5574988, -25.7191773, -25.9483377, -26.0921153, -26.3366937, -26.6058516, -26.5933384, -26.3816568, -26.3949645, -26.6709004, -27.252491, -27.6975041, -27.8499963, 
-28.1117307, -28.2255164, -28.6250201, -28.8725034, -29.1100555, -29.5116944, -30.0391605, -30.2383289, -30.577526, -30.9725111, -31.2833548, -31.7308258, -32.1800099, -32.427518, -32.6775337, -32.9866891, -33.2666719, -33.453352, -33.6462886, -33.6650336, -34.2529305, -34.3245834, -34.4729542, -34.7199658, -34.8379473, -34.8779449, -35.0449862, -35.0229143, -35.1191964, -35.1004514, -35.0154411, -34.9062734, -34.7470777, -34.6546191, -34.5304305, -34.448772, -34.4991972, -34.3729728, -34.1491752, 
-33.9671131, -33.9204121, -33.9745863, -33.8896008, -33.8362956, -33.9062603, -33.8429246, -34.0112818, -33.9112755, -33.9062603, -33.8562571, -33.9800236, -33.9320811, -33.7741765, -33.4025047, -33.1091894, -32.9370832, -32.8962664, -32.7329493, -32.5529479, -32.2879611, -32.2337869, -32.3096109, -32.2770865, -32.0770988, -31.8546171, -31.6946269, -31.6204415, -31.577117, -31.6096414, -31.4729397, -31.7021, -32.0313163, -31.9346122, -31.9587448, -32.1833616, -32.1729091, -32.2400186, -32.5354195, 
-32.4595955, -32.7008718, -32.8591737, -33.1008224, -33.1816616, -33.5125166, -33.631243, -33.7454259, -33.9766718, -34.1437379, -34.2650216, -34.7474998, -34.9083589, -34.8062423, -34.5357933, -34.2666851, -34.0750395, -33.8046154, -33.6783661, -33.6929648, -33.4466733, -33.1541525, -32.9537923, -32.9924988, -32.7508998, -33.1242102, -33.265803, -33.5571073, -33.878329, -34.2350048, -34.5908365, -34.9191838, -34.901283, -35.250436, -35.2454456, -35.0995824, -35.1712851, -35.0554387, -34.6233361, 
-34.5158815, -34.1346013, -34.4853929, -34.7558419, -35.3529251, -35.604207, -35.6620805, -35.6446018, -35.516267, -35.5604356, -35.9612552, -36.3175338, -36.7666682, -36.9600021, -37.1817141, -37.4646018, -37.7174975, -37.9279377, -38.0629512, -38.0679416, -38.1421021, -38.3978779, -38.2571292, -38.3928875, -38.3520955, -38.5754213, -38.7571109, -38.8604441, -38.674211, -38.475415, -38.2845887, -38.0787417, -37.8604807, -38.1537712, -38.3229725, -38.4791888, -38.2096089, -38.2346104, -38.3624983, 
-38.5404141, -38.6862525, -38.6362245, -38.8766567, -38.8454233, -39.1250337, -38.9100004, -38.9079397, -38.6946194, -38.7016705, -38.6166602, -38.1087833, -37.9200177, -37.8070761, -37.7721186, -37.6858669, -37.5370741, -37.5079511, -37.284228, -37.1433304, -36.9216929, -36.3150013, -35.8750283, -35.7925256, -35.215404, -35.120835, -34.8937602, -34.7541288, -34.4508575, -34.2341855, -34.0966893, -34.01297, -33.8474929, -33.5033303, -33.2996184, -33.1850134, -32.8796069, -32.792958, -32.5129255, 
-32.4442271, -32.27875, -32.043333, -31.8462501, -31.4758942, -31.2283613, -30.8867063, -30.7091877, -30.5033406, -30.1571173, -29.52458, -29.2608346, -28.8441749, -28.5758859, -28.2592325, -28.0874988, -27.5812853, -27.3354406, -27.176667, -27.0649917, -26.8841958, -26.2950079, -25.9616454, -25.7420933, -25.5567292, -25.4425214, -25.2804457, -25.2637614, -24.9750392, -24.7616445, -24.6337815, -24.5008536, -24.2408323, -23.9754234, -24.0750076, -23.8858696, -23.8179159, -23.662941, -23.6341656, -23.5671058, 
-23.4783961, -23.1358721, -22.6820949, -22.3583407, -22.518753, -22.3475406, -22.1254065, -22.4183991, -22.395061, -22.2375039, -21.9292174, -21.6558388, -21.0041594, -20.8725225, -20.5850169, -20.4683512, -20.3517351, -20.2108375, -20.1691765, -19.8849978, -19.9188132, -19.7624975, -19.4517034, -19.4071127, -19.2550178, -19.306312, -19.0762826, -18.8892054, -18.5599891, -18.4971003, -18.2457936, -17.6508704, -17.0616577, -16.4675042, -16.0803895, -15.9229069, -15.7208337, -15.4042299, -15.1412293, 
-14.9863039, -14.8387773, -14.7962473, -14.6129439, -14.4733621, -14.2641881, -14.263766, -14.4445867, -14.4779553, -14.3875325, -14.0066496, -13.7641567, -13.541675, -13.3299934, -12.8620892, -12.8883321, -12.6608352, -12.5133582, -12.3975118, -12.3487998, -12.1500038, -11.9917019, -11.8416676, -11.6408357, -11.0825336, -10.8350503, -10.6992175)))"
Austria,AUT,71.53455,43792.855,9064633,Austria,Europe,Europe & Central Asia,Western Europe,"list(c(10.4544587, 10.449577, 10.2356372, 9.9596247, 9.5618407, 9.5308492, 9.6070292, 9.7843794, 10.1063865, 10.3557068, 10.4704023, 10.690433, 11.0220689, 11.1869687, 11.8742456, 12.1240138, 12.3776335, 12.5690911, 13.7140748, 14.0946612, 14.219702, 14.2228818, 14.2229266, 14.2668163, 14.3188121, 14.3194839, 14.411921, 14.4151903, 14.4159069, 14.4175192, 14.5399625, 14.8187068, 15.0441565, 15.4883382, 15.5625028, 15.8763142, 16.1138112, 16.302089, 16.4974429, 16.4356391, 16.7057399, 16.7488234, 
17.0704274, 17.1608044, 16.8439476, 16.9403706, 16.8002818, 16.4622864, 16.1029731, 15.3672385, 15.0529345, 14.9699023, 14.9553919, 14.8092571, 14.7062507, 14.4709929, 14.3422349, 14.0543991, 13.8396979, 13.8335623, 13.8254561, 13.8140806, 13.8141254, 13.8147076, 13.813991, 13.8180665, 13.8191861, 13.8187831, 13.8182009, 13.8238886, 13.82568, 13.8159168, 13.8087064, 13.7444393, 13.7494553, 13.7334669, 13.7335564, 13.4757269, 13.4068917, 12.8739006, 12.7582199, 13.0016286, 13.0786147, 13.0478471, 
12.8705865, 12.6847718, 12.6693209, 12.1835336, 11.9038487, 11.6064288, 11.3560784, 11.3429115, 11.3429115, 11.3047544, 11.2911844, 11.2801224, 11.223021, 11.0379229, 10.9808663, 10.7624031, 10.4544587, 47.5558048, 47.4850457, 47.3822587, 47.5389219, 47.5043865, 47.2705337, 47.0607638, 47.0385181, 46.8413608, 46.992264, 46.855165, 46.8675541, 46.765785, 46.9693728, 47.0099662, 47.0108848, 46.7221626, 46.6512049, 46.5228701, 46.4848091, 46.4425274, 46.4408391, 46.4408391, 46.4390515, 46.4309328, 46.4314046, 
46.4454074, 46.4454571, 46.4454074, 46.4454074, 46.4114679, 46.5092645, 46.6519993, 46.6205674, 46.674543, 46.7198288, 46.8690934, 46.998322, 46.9983468, 47.2163843, 47.5229329, 47.681061, 47.7280599, 48.0066772, 48.350964, 48.6166957, 48.7070688, 48.8047412, 48.745527, 48.9820364, 49.0154297, 48.8239331, 48.7921287, 48.7758417, 48.5909989, 48.6471097, 48.5546759, 48.6042569, 48.7716706, 48.6918245, 48.6927183, 48.6917252, 48.6897141, 48.6864865, 48.6846245, 48.6774244, 48.675314, 48.6683871, 48.6656312, 
48.6253357, 48.621686, 48.6137163, 48.60021, 48.5434041, 48.5322067, 48.5248577, 48.5220025, 48.5560662, 48.3714469, 48.2024691, 48.0768653, 47.854334, 47.688112, 47.4920719, 47.5237522, 47.6816568, 47.6806885, 47.7004266, 47.6088121, 47.5815761, 47.4484495, 47.4496661, 47.4496413, 47.4304991, 47.4216107, 47.4007057, 47.3985457, 47.3964602, 47.3970064, 47.5218404, 47.5558048))"
Azerbaijan,AZE,59.687744,17682.94,10295256,Azerbaijan,Asia,Europe & Central Asia,Western Asia,"list(list(c(44.7671551, 44.807865, 45.1488611, 45.309775, 45.6168686, 46.1405891, 45.9898414, 45.7890685, 45.7976673, 45.4791982, 45.1690145, 45.0610817, 44.7671551, 39.7147962, 39.6284949, 39.206522, 39.1933385, 38.9426276, 38.844682, 39.2004144, 39.3800185, 39.571242, 39.502047, 39.5913277, 39.7944437, 39.7147962)), list(c(46.5336258, 46.8665157, 46.9927658, 47.7892294, 48.0314289, 48.3679912, 48.1406157, 48.3078444, 48.2701799, 48.0207252, 48.2499369, 48.6679639, 48.8793062, 48.8680651, 48.9493506, 
49.2069114, 49.2454717, 49.3852917, 49.2804043, 49.4784006, 49.4690404, 49.6802484, 50.1072324, 50.2196438, 50.0442194, 49.8077972, 49.543429, 49.4985092, 49.2050752, 49.0952614, 48.5809906, 48.3856815, 48.0804241, 47.8836819, 47.7853779, 47.2891108, 47.1730718, 46.6939576, 46.4257378, 46.2038709, 46.3333903, 46.6095371, 46.7237399, 46.6505605, 46.457625, 46.1368271, 45.8046538, 45.7408794, 45.3094616, 45.0150871, 45.2048428, 45.092745, 45.4552828, 45.6069262, 45.3641893, 45.437503, 45.6495619, 45.9306799, 
45.9805261, 45.774558, 46.1960334, 46.5694094, 46.4088985, 46.5358203, 46.5336258, 38.8674988, 39.1563947, 39.1537878, 39.6471405, 39.6916071, 39.3811109, 39.2082848, 39.1063916, 38.9673312, 38.838053, 38.7261294, 38.3955724, 38.4422486, 38.732535, 39.161112, 39.0796024, 39.292873, 39.3839165, 39.5146347, 39.9856176, 40.1701625, 40.2754819, 40.3696288, 40.5009926, 40.5894787, 40.5632854, 40.631537, 40.8262116, 41.015573, 41.3313575, 41.8459131, 41.5936133, 41.5021229, 41.2185153, 41.1873812, 41.3242816, 
41.52201, 41.8334248, 41.9123523, 41.7713553, 41.4998388, 41.3951152, 41.2900689, 41.1123517, 41.098324, 41.2044131, 41.2252188, 41.3447397, 41.4729255, 41.2970952, 41.140556, 41.0536092, 40.9701134, 40.8495497, 40.6523675, 40.5197872, 40.3670219, 40.296511, 40.2111283, 39.9476063, 39.6022271, 39.5675675, 39.3613977, 39.1702238, 38.8674988)))"
Bahamas,BHS,86.428,NA,397492,Bahamas,Americas,Latin America & Caribbean,Latin America and the Caribbean,"list(list(c(-73.0175647, -73.2616452, -73.5141901, -73.7037667, -73.500844, -73.1616841, -73.0412562, -73.0175647, 21.3386923, 21.1353777, 21.1862001, 21.0158319, 20.9237209, 20.9645874, 21.1466495, 21.3386923)), list(c(-77.6746198, -77.9162371, -77.8237552, -77.6475247, -77.5054654, -77.5471606, -77.6746198, 24.2975176, 24.1216625, 23.9432997, 23.8012104, 23.9000001, 24.0991685, 24.2975176)), list(c(-78.2008484, -78.1354617, -78.3545967, -78.383752, -78.0058527, -77.7341844, -77.7563084, -77.9921036, 
-77.9708753, -78.2008484, 25.2070831, 25.0316501, 24.6700087, 24.5283414, 24.317926, 24.4570857, 24.6875371, 24.9924718, 25.080387, 25.2070831)), list(c(-78.5675065, -78.6616902, -78.4391515, -77.8858278, -77.9021297, -78.3750188, -78.5675065, 26.7987421, 26.4953964, 26.5937392, 26.6695632, 26.7524632, 26.6921068, 26.7987421)))"
Bahrain,BHR,22.602472,38651.6,1533408,Bahrain,Asia,Middle East & North Africa,Western Asia,"list(c(50.6350284, 50.4599175, 50.4593801, 50.5821369, 50.6808439, 50.6350284, 26.3160654, 26.2291681, 25.9523633, 25.8222161, 26.2690664, 26.3160654))"
Bangladesh,BGD,35.50516,4925.721,169384838,Bangladesh,Asia,South Asia,Southern Asia,"list(list(c(90.6662837, 90.6780622, 90.8223608, 90.8672806, 90.6662837, 22.7643032, 22.2753946, 22.1479785, 22.4365269, 22.7643032)), list(c(90.4041547, 90.562292, 90.665388, 90.6375762, 90.8347664, 91.137247, 91.2840088, 91.2976235, 91.4428626, 91.6930787, 91.8569484, 91.9166474, 91.8825209, 92.0203704, 92.0503766, 92.2650778, 92.171969, 92.1974071, 92.3812512, 92.4750766, 92.6246599, 92.6066113, 92.6107764, 92.5176227, 92.3742199, 92.3534395, 92.4018973, 92.2730049, 91.9371143, 91.9710617, 91.7642874, 
91.8116256, 91.5572893, 91.4486399, 91.3236438, 91.1676563, 91.3626967, 91.4130803, 91.6370969, 91.744761, 92.0901908, 92.212455, 92.4273802, 92.059692, 91.6418889, 91.2458964, 90.8633395, 90.4507315, 90.1187821, 89.821407, 89.8823599, 89.8272291, 89.8781501, 89.7476454, 89.5380945, 89.3570271, 89.1614941, 89.0920319, 88.9534211, 88.8757632, 88.687351, 88.3498482, 88.1764391, 88.1018266, 88.2664577, 88.5373199, 88.792328, 88.948002, 88.4424196, 88.4457337, 88.3330984, 88.1447758, 88.0086282, 88.2034895, 
88.7403321, 88.7354505, 88.6010943, 88.5797764, 88.7245229, 88.774369, 88.9121737, 88.8549827, 88.968245, 88.9186228, 89.070714, 89.0431262, 89.100362, 89.4190997, 89.5053564, 89.70913, 89.8428592, 89.8619826, 90.1099594, 90.229402, 90.3379171, 90.4408339, 90.6060921, 90.6079283, 90.5039814, 90.4547174, 90.6133921, 90.4041547, 23.4434173, 23.4236544, 23.2795043, 23.0138223, 22.6803605, 22.464905, 22.6022026, 22.7424299, 22.7544465, 22.5107868, 22.0998871, 21.8437141, 21.5995329, 21.3598952, 21.1790497, 
21.0628557, 21.1809615, 21.3288605, 21.4796148, 21.3544828, 21.4773058, 21.9746061, 22.1352667, 22.7162366, 22.9709696, 23.2073052, 23.2364778, 23.642983, 23.6812674, 23.502706, 23.3092977, 23.0698834, 22.9785669, 23.2599897, 23.2376199, 23.7498417, 23.9833221, 24.1156541, 24.1022968, 24.2474151, 24.3720506, 24.5036874, 25.0252942, 25.186625, 25.1231901, 25.1973755, 25.1583214, 25.1525365, 25.2232957, 25.3556277, 25.6172876, 25.7410789, 25.924432, 26.1574159, 26.002143, 26.0075803, 26.1337054, 26.3932301, 
26.4520471, 26.2865948, 26.3867749, 26.282672, 26.1467648, 25.8279761, 25.782591, 25.5211048, 25.5228428, 25.1764953, 25.1843657, 25.0335122, 24.8708654, 24.8481728, 24.6678239, 24.4599906, 24.2552607, 23.914574, 23.8147167, 23.6045744, 23.5121654, 23.2245356, 23.2339702, 22.9585805, 22.8457383, 22.7310836, 22.1968892, 22.0757048, 21.8115125, 21.7202456, 21.9065035, 21.8294381, 21.8565501, 22.0058643, 21.8162546, 21.8143677, 22.0541792, 22.0787586, 22.288454, 22.4968584, 22.5863625, 22.9835324, 23.2166652, 
23.4434173)))"
Barbados,BRB,52.4262,11545.848,282268,Barbados,Americas,Latin America & Caribbean,Latin America and the Caribbean,"list(c(-59.6129795, -59.6137856, -59.4216562, -59.6129795, 13.3354839, 13.0785164, 13.1559046, 13.3354839))"
Belarus,BLR,78.82908,18699.799,9173190,Belarus,Europe,Europe & Central Asia,Eastern Europe,"list(c(28.1512324, 27.6528156, 27.5882798, 27.1533687, 26.8705937, 26.6303648, 26.5242234, 26.6179144, 26.357756, 26.186004, 25.9556727, 25.7338953, 25.7626476, 25.6217079, 25.5135959, 25.2148773, 25.0944493, 24.7983282, 24.595719, 24.3520864, 24.2016075, 23.766562, 23.7664277, 23.7571571, 23.6106641, 23.5149576, 23.5491289, 23.818737, 23.9149361, 23.9386276, 23.466455, 23.2186126, 23.6859931, 23.5501142, 23.6178297, 23.7814308, 23.9966247, 24.3193931, 24.3881835, 24.9669005, 25.2640069, 25.4097386, 
25.9876942, 26.4692717, 27.2024983, 27.2675267, 27.5507944, 27.9453538, 28.2799008, 28.6324963, 29.1172535, 29.3512573, 29.5373854, 29.7425922, 30.180683, 30.4527543, 30.6181916, 30.5350251, 30.7467257, 30.9899105, 31.2542339, 31.4054742, 31.7817612, 31.6268485, 31.5876165, 31.3728705, 31.4232541, 31.6300731, 31.8329957, 32.1060971, 32.7372578, 32.7396315, 32.4948792, 32.5012388, 32.2084318, 31.8629124, 31.8569559, 31.3150973, 31.2093142, 30.7487411, 31.0281124, 30.8364757, 30.9329882, 30.7323496, 
30.2753593, 29.3590499, 29.4497404, 29.0863068, 28.7334874, 28.5540771, 28.3017561, 28.1512324, 56.1707448, 55.929543, 55.7837047, 55.8521052, 55.71374, 55.6806694, 55.5099288, 55.1466736, 55.1505467, 54.9915993, 54.9508321, 54.8023868, 54.576901, 54.4518683, 54.3079169, 54.2559275, 54.150335, 54.1170906, 53.9922069, 53.8967938, 53.9700109, 53.9176987, 53.9215222, 53.9251719, 53.9250974, 53.9562563, 53.7675652, 53.2440219, 53.1627109, 52.7130054, 52.5491918, 52.332917, 51.9864206, 51.7546285, 51.5078901, 
51.667483, 51.5800148, 51.750805, 51.8821936, 51.8981579, 51.9679736, 51.9216946, 51.9320726, 51.8002123, 51.7734231, 51.6061336, 51.6367462, 51.5568256, 51.6232151, 51.5727402, 51.6565091, 51.3845457, 51.4828388, 51.4570924, 51.5123591, 51.2737641, 51.2899022, 51.6576512, 51.9016337, 52.0773151, 52.0419852, 52.1421404, 52.1119498, 52.2895181, 52.7944902, 52.9338237, 53.2100575, 53.2308632, 53.1100512, 53.0775517, 53.3317881, 53.4598249, 53.5494532, 53.687446, 53.7992951, 53.7834053, 54.0898049, 
54.2461702, 54.6378035, 54.8060117, 55.0622592, 55.3364075, 55.6239131, 55.6605837, 55.8634266, 55.7670204, 55.9571515, 56.0340679, 55.9695902, 56.114783, 56.0636378, 56.1707448))"
Belgium,BEL,97.72505,41872.395,11641759,Belgium,Europe,Europe & Central Asia,Western Europe,"list(c(3.3639885, 3.083184, 2.5434303, 2.6315232, 2.9263903, 3.1497352, 3.2877638, 3.4811024, 3.6576912, 4.1227876, 4.2259732, 4.4519604, 4.8400259, 4.8658223, 5.2696971, 5.4646927, 5.8186318, 5.9067247, 5.74075, 5.8953044, 6.137683, 6.3724929, 6.021017, 5.7774292, 5.7261052, 5.8551319, 5.2410792, 5.0711186, 4.5379036, 4.2419168, 4.2384683, 3.8858729, 3.3639885, 51.3712132, 51.3061892, 51.0895421, 50.8170572, 50.7055805, 50.7899949, 50.5274661, 50.5325061, 50.3684193, 50.2975112, 50.064006, 49.939445, 
50.0356278, 49.8052013, 49.6940721, 49.5095769, 49.5463965, 49.6657933, 49.8382222, 50.1119732, 50.1299486, 50.4544227, 50.7542926, 50.7829439, 50.911949, 51.1444859, 51.3054444, 51.3935085, 51.4821933, 51.3752104, 51.3502337, 51.1992808, 51.3712132))"
Belize,BLZ,57.982803,NA,402691,Belize,Americas,Latin America & Caribbean,Latin America and the Caribbean,"list(c(-88.3178714, -88.4743964, -88.7169989, -88.8599539, -89.0009384, -89.1519548, -89.1519548, -89.1500738, -89.2275973, -88.9363578, -88.9320136, -88.7371523, -88.5446647, -88.3154978, -88.3037192, -88.2555301, -88.2914032, -88.204833, -88.1065291, -88.094437, -88.3421899, -88.3178714, 18.4878431, 18.4936279, 18.0604329, 17.8941613, 17.9848075, 17.939472, 17.8156807, 17.0586322, 15.896444, 15.8900633, 15.9871647, 16.1746393, 16.2731062, 16.6460939, 17.1226879, 17.4597001, 17.5672788, 17.8957999, 
18.097327, 18.3540958, 18.3437923, 18.4878431))"
Benin,BEN,49.601788,2477.0903,13759458,Benin,Africa,Sub-Saharan Africa,Sub-Saharan Africa,"list(c(0.9167796, 0.9167349, 0.8017259, 0.7753921, 1.3548257, 1.3628423, 1.4117031, 1.6182982, 1.6328983, 1.631286, 1.6328983, 1.6098786, 1.7668514, 1.8005748, 1.6290467, 2.1076683, 2.7067179, 2.7422775, 2.7324695, 2.679354, 2.733007, 2.6961038, 2.768477, 2.7317977, 2.7898844, 3.0919172, 3.1601254, 3.1328958, 3.35951, 3.361794, 3.5984401, 3.6558998, 3.5638658, 3.6727839, 3.779194, 3.8361611, 3.6957588, 3.5005392, 3.5959769, 3.4754594, 3.3213976, 3.2193317, 2.8388797, 2.6622908, 2.4019532, 2.4516203, 
2.4041029, 2.3071873, 2.0072147, 1.8469277, 1.6659051, 1.4465462, 1.3324778, 1.1912694, 0.9465619, 0.9167796, 11.000084, 11.0000096, 10.7230806, 10.3806559, 9.9920764, 9.5983079, 9.3276851, 9.0591479, 8.8674775, 7.6425992, 7.0000067, 6.6120479, 6.4310783, 6.2875489, 6.2347899, 6.3257588, 6.3750668, 7.2820751, 7.7825037, 7.8869045, 8.1475465, 8.3559508, 8.5249783, 8.7700285, 9.0711894, 9.1119069, 9.2841372, 9.4409494, 9.7054397, 9.8315152, 9.9557782, 10.1698184, 10.2913752, 10.4566785, 10.4146699, 
10.6876265, 11.1288905, 11.2972973, 11.701419, 11.864612, 11.8816687, 12.062837, 12.4066768, 12.3059754, 12.2577598, 12.0188173, 11.9002647, 11.665245, 11.4185065, 11.4480764, 11.3985202, 11.479707, 11.2980173, 11.2644005, 11.0230994, 11.000084))"
Bermuda,BMU,NA,NA,64734,NA,NA,NA,NA,list()
Bhutan,BTN,43.9158,NA,780868,Bhutan,Asia,South Asia,Southern Asia,"list(c(89.0151801, 88.9213547, 88.7573058, 88.8709711, 89.0956595, 89.1336375, 89.3789272, 89.7746958, 90.1938872, 90.4173216, 90.6936028, 91.3364525, 91.7206217, 91.8924185, 92.1199731, 92.0274465, 92.123332, 92.019206, 91.7293996, 91.565709, 91.6430086, 91.625587, 91.4653001, 90.9808564, 90.6914531, 90.5834755, 90.3719988, 90.1610147, 90.0235683, 89.8604599, 89.5965395, 89.3891383, 89.2255372, 89.1280394, 89.0151801, 27.5079724, 27.3272758, 27.1652497, 26.9613889, 26.8917222, 26.8074815, 26.8623012, 
26.7020628, 26.7734923, 26.9048312, 26.7722509, 26.7804441, 26.8120498, 26.9205472, 26.9715931, 27.1687256, 27.2865334, 27.4779804, 27.4695141, 27.5836226, 27.7611163, 27.8921077, 28.0063155, 28.0018465, 28.080774, 28.0232232, 28.0665228, 28.1921514, 28.1440351, 28.2300634, 28.1638973, 27.8902704, 27.78366, 27.6148311, 27.5079724))"
Bolivia,BOL,71.030876,6481.3906,12077101,Bolivia,Americas,Latin America & Caribbean,Latin America and the Caribbean,"list(c(-62.6389501, -62.2609165, -62.2663804, -61.9224732, -61.7350463, -60.6043492, -59.9748903, -59.0690159, -58.2358282, -58.1685158, -57.8592278, -58.1311648, -57.7833165, -57.7666563, -57.5602852, -57.5996964, -57.7227219, -57.7522802, -57.8834567, -58.1207298, -58.3970109, -58.4609645, -58.4631142, -58.3438506, -58.3092763, -58.4306895, -59.4691287, -60.1708265, -60.2390794, -60.57497, -60.2450807, -60.2721311, -60.4531537, -60.479174, -60.4032179, -60.490236, -60.8798242, -61.0411412, -61.2883119, 
-61.4699167, -61.5856422, -61.8688651, -61.8874063, -62.1156775, -62.2147876, -62.7340296, -62.9213669, -63.0010401, -63.1644621, -63.400929, -63.5505123, -63.7863074, -63.9529539, -64.4008975, -64.5127715, -64.7122905, -64.8395706, -65.0259674, -65.0985198, -65.3049357, -65.363515, -65.2508798, -65.3553193, -65.4296183, -65.2894848, -65.3949544, -65.6473649, -65.8713815, -66.6199248, -67.1794737, -67.3215777, -67.6048006, -67.7044482, -67.8639738, -68.1081886, -68.234573, -68.7152548, -68.8021385, 
-68.9132063, -69.1998329, -69.5732088, -68.9664561, -68.6523313, -68.8733472, -68.8450429, -68.9108326, -69.0641779, -68.9738457, -68.9796678, -68.883827, -68.9899684, -69.2214194, -69.3557308, -69.3654045, -69.1496732, -69.4116678, -69.2435882, -69.1024246, -68.9573199, -68.8127974, -68.9844598, -68.9960593, -69.1660199, -69.3741376, -69.5740149, -69.4684557, -69.3430118, -69.2812975, -69.1268774, -69.0635509, -68.9502886, -68.4409889, -68.6877565, -68.5216027, -68.5666568, -68.7621899, -68.6641546, 
-68.7389015, -68.4384362, -68.5537138, -68.5534899, -68.4125502, -68.1790839, -68.1806962, -68.0605369, -68.0723603, -67.9664876, -67.9329881, -67.838894, -67.8830524, -67.5677631, -67.1806829, -67.0139468, -67.0272033, -66.7824063, -66.7391883, -66.3478535, -66.2430108, -66.0763196, -65.8048304, -65.6589644, -64.9934085, -64.5331936, -64.567768, -64.4104368, -64.4341283, -64.2920242, -64.2439695, -63.9314121, -62.8133893, -62.8089108, -62.6389501, -22.2334073, -21.0586563, -20.5631684, -20.089231, 
-19.634411, -19.4566442, -19.2944691, -19.2876663, -19.7754824, -20.1722551, -19.9707777, -19.7584506, -19.0350685, -18.8992854, -18.2414487, -18.0477921, -17.8305987, -17.5644698, -17.449542, -17.4476303, -17.181551, -16.96473, -16.6522228, -16.5177308, -16.3619365, -16.3226589, -16.2791607, -16.2666971, -15.4745173, -15.0977558, -15.0971848, -14.6202929, -14.3143402, -14.0954337, -13.9997971, -13.7958618, -13.6175239, -13.5077106, -13.482858, -13.5552558, -13.5006347, -13.5282184, -13.440775, -13.2584646, 
-13.1113352, -13.0218559, -12.8408614, -12.8418794, -12.6157232, -12.6362061, -12.5084423, -12.4279507, -12.5317805, -12.4490295, -12.2228733, -12.1744343, -12.0106703, -11.998604, -11.7056362, -11.5016016, -11.1472596, -10.9845383, -10.7868348, -10.4828931, -10.2106318, -9.6857726, -9.7914644, -9.7533786, -9.8940528, -10.3394879, -10.3207678, -10.5336411, -10.7004341, -10.6403261, -10.7247902, -10.952585, -11.1475327, -10.9935756, -11.0193221, -10.9471725, -10.945956, -11.9190061, -12.4981388, -12.8893749, 
-13.2455542, -13.5015037, -13.6613449, -13.7967059, -13.9748452, -14.0586141, -14.3697062, -14.5825547, -14.8122861, -14.9494844, -15.2654178, -15.621746, -16.1408451, -16.2252099, -16.1974276, -16.3450039, -16.436395, -16.6549787, -16.7269793, -17.0715143, -17.1983594, -17.4983534, -17.7244351, -17.9703046, -18.0028041, -18.2330073, -18.9366264, -19.4406302, -19.7406739, -19.9242753, -20.0500032, -20.0781827, -20.3176466, -20.4560862, -20.642369, -20.7295145, -20.8760977, -20.9345919, -21.3020182, 
-21.604346, -21.7703445, -21.9787985, -22.0510473, -22.3908651, -22.58909, -22.8326257, -22.8980965, -22.8138062, -22.654685, -22.5407752, -22.4380875, -22.2383977, -22.1281872, -21.7941295, -21.8349464, -22.0752792, -22.1117761, -22.0824296, -22.2859429, -22.3717725, -22.5418428, -22.6486519, -22.812689, -22.5663726, -21.9993311, -21.99876, -22.1427115, -22.2334073))"
Bonaire Sint Eustatius and Saba,BES,NA,NA,28604,NA,NA,NA,NA,list()
Bosnia and Herzegovina,BIH,55.636303,12142.863,3204770,Bosnia & Herzegovina,Europe,Europe & Central Asia,Southern Europe,"list(c(19.0221754, 18.7933219, 18.269064, 17.9941712, 17.8486634, 17.1664921, 16.9338767, 16.8436341, 16.4905012, 16.2912957, 15.9783801, 15.7649776, 15.7287462, 16.0553214, 16.2121599, 16.7102184, 17.2507782, 17.3321085, 17.6412174, 17.5813841, 17.6489653, 17.8874923, 18.2214571, 18.4379498, 18.564782, 18.448116, 18.5362089, 18.732996, 19.2241575, 19.4756276, 19.5190694, 19.2534024, 19.5253394, 19.6234642, 19.1300634, 19.1707733, 19.3706058, 19.1785212, 19.0221754, 44.8553622, 44.9948198, 45.1376789, 
45.1486527, 45.0443016, 45.150639, 45.2763172, 45.19518, 45.2064518, 44.9979978, 45.2303858, 45.1664791, 44.8253206, 44.624166, 44.2168912, 43.8548277, 43.4028381, 43.2699102, 43.089164, 42.9384345, 42.8887293, 42.8147177, 42.6230473, 42.5556399, 42.6434557, 42.8154129, 43.033376, 43.2810082, 43.527548, 43.5755897, 43.7141535, 43.9512091, 43.9557278, 44.0488816, 44.3184864, 44.5241349, 44.8709292, 44.9221738, 44.8553622))"
Botswana,BWA,67.88448,16351.91,2439843,Botswana,Africa,Sub-Saharan Africa,Sub-Saharan Africa,"list(c(25.2617676, 24.8223332, 24.5054764, 24.4258928, 24.1946209, 23.9319993, 23.7861781, 23.6095444, 23.5204662, 23.4202813, 23.2969423, 23.0983638, 21.4529928, 20.9987792, 20.9987792, 20.9987344, 20.9987344, 19.999169, 19.9991242, 19.9991242, 19.9993033, 20.3813676, 20.5169331, 20.6971943, 20.8630347, 20.646542, 20.622134, 20.7630736, 20.8839942, 21.1334489, 21.414343, 21.6939383, 21.7870024, 22.0517289, 22.2483368, 22.5794353, 22.721405, 22.7660113, 22.8630613, 23.0065985, 23.3519836, 23.6606446, 
23.9458828, 24.1944866, 24.2656506, 24.6859168, 24.8867794, 25.0373479, 25.3342304, 25.5818937, 25.8846878, 25.8581748, 26.3927334, 26.7328338, 26.8440807, 26.9710921, 27.1921529, 27.5628417, 27.6042234, 27.7517913, 27.9209906, 27.9352771, 28.3459593, 28.6464694, 28.9178241, 29.0364607, 29.375307, 29.2469969, 29.0219054, 29.064362, 28.5761563, 28.0218473, 27.9204084, 27.6860463, 27.7306526, 27.6952274, 27.3622927, 27.216964, 27.0404199, 26.7262055, 26.4479986, 26.3586069, 26.1654475, 25.9749304, 
25.9517763, 25.8254815, 25.7824427, 25.5222843, 25.3934815, 25.2375387, 25.262932, 25.2617676, -17.790477, -17.8514292, -18.0604791, -17.9530741, -18.0235105, -18.2041326, -18.3850277, -18.50075, -18.2684365, -18.2135671, -18.0007931, -18.0008179, -18.3173472, -18.3173224, -19.8519768, -21.0517542, -22.000349, -21.9999269, -22.7225393, -23.8217891, -24.7623397, -25.0328135, -25.3232736, -25.5904701, -26.1325846, -26.4351607, -26.7865978, -26.8663446, -26.7976214, -26.8735695, -26.8226478, -26.8610563, 
-26.676288, -26.6331125, -26.3469476, -26.1570151, -26.0184513, -25.7409761, -25.4795644, -25.3083769, -25.2846664, -25.4150619, -25.638487, -25.6214552, -25.7083524, -25.8232553, -25.807738, -25.7225787, -25.770968, -25.6378663, -24.8878689, -24.7561079, -24.6364877, -24.3046645, -24.2733815, -23.7027151, -23.4981094, -23.3495896, -23.2157183, -23.2192935, -23.0670247, -22.9655039, -22.5718844, -22.5564415, -22.4605318, -22.2165245, -22.1954705, -22.0597619, -21.9553611, -21.8034648, -21.6289752, 
-21.5758189, -21.3302474, -21.0503887, -20.7945136, -20.4901748, -20.4682022, -20.0934518, -20.0087394, -19.9398671, -19.7517967, -19.6148467, -19.5387248, -19.1316238, -18.9128911, -18.8373153, -18.6244916, -18.3835381, -18.1212574, -17.9126793, -17.791346, -17.790477))"
Brazil,BRA,89.01066,14640.076,210306358,Brazil,Americas,Latin America & Caribbean,Latin America and the Caribbean,"list(list(c(-48.5287708, -48.7145855, -48.5954115, -48.5287708, -26.1642152, -26.3066769, -26.4150254, -26.1642152)), list(c(-44.1025397, -44.3558459, -44.3033574, -44.1454441, -44.0254192, -44.1025397, -2.4129228, -2.5320713, -2.7704428, -2.6808641, -2.5058532, -2.4129228)), list(c(-50.7006391, -50.9716803, -51.0375149, -50.8900365, -50.6616757, -50.7006391, 0.0042597, -0.0595725, -0.2346331, -0.2812597, -0.1312751, 0.0042597)), list(c(-49.5508186, -49.7958395, -49.7266908, -49.4883429, -49.3941592, 
-49.5508186, 0.0820948, -0.0412496, -0.1379786, -0.1296116, 0.0462187, 0.0820948)), list(c(-49.6758594, -50.0354414, -50.1156969, -50.4005321, -50.3497006, -50.0635219, -49.9841621, -49.8454617, -49.6046058, -49.6758594, 0.366199, 0.3063889, 0.2413898, 0.2146751, 0.0375786, 0.0248171, -0.0629491, 0.0241964, 0.2816605, 0.366199)), list(c(-50.3335779, -50.4153112, -50.5229306, -50.2910317, -50.3335779, 0.4748702, 0.5541949, 0.2034281, 0.2907971, 0.4748702)), list(c(-50.0755692, -50.277417, -50.299317, 
-50.0567593, -50.0755692, 0.6314838, 0.5931497, 0.345592, 0.5098525, 0.6314838)), list(c(-50.4041149, -50.51469, -50.4648439, -50.3040195, -50.4041149, 2.1342594, 2.0915556, 1.8915679, 1.9605394, 2.1342594)), list(c(-57.6046675, -57.6129976, -57.5494471, -57.2028081, -57.1152078, -56.8522279, -56.6608599, -56.3835935, -56.1877917, -56.0128151, -56.0183685, -55.9300517, -55.6678331, -55.5676034, -55.3493193, -55.2465368, -54.9825716, -54.8364369, -54.5863552, -54.4566118, -54.081131, -53.7453748, 
-53.6452347, -53.38951, -53.0779379, -53.2413151, -53.5204177, -53.5322411, -53.3693566, -52.8062697, -52.6508643, -52.4934436, -52.3092412, -52.1075278, -52.2417496, -52.2275527, -52.0821792, -51.9213548, -51.6346835, -51.4729634, -51.5050745, -51.3821833, -51.1926067, -51.187949, -50.8046308, -50.5383367, -50.587959, -50.7450214, -50.9221477, -50.9808613, -51.1809177, -51.208416, -51.4359258, -51.6008705, -52.016703, -52.0433951, -51.4895787, -51.2329584, -50.7650405, -50.3175447, -50.0959017, 
-49.9525436, -49.6392249, -49.3680045, -48.9113278, -48.819249, -48.6587829, -48.6046821, -48.6509454, -48.5442218, -48.6175803, -48.5804532, -48.688386, -48.6042342, -48.7688206, -48.5858722, -48.6108625, -48.5125137, -48.3525403, -48.5129168, -48.4358859, -48.1008911, -47.9013273, -47.5246373, -47.4254824, -47.0067388, -46.9879738, -46.4987828, -46.1891813, -46.1121952, -45.8221649, -45.4058845, -45.4300239, -44.9113193, -44.644667, -44.6713143, -44.4137982, -44.3521287, -44.132098, -43.8604746, 
-43.540438, -43.1499989, -43.2900428, -43.0846122, -43.1096025, -42.9304608, -42.6154851, -42.0712976, -41.9729489, -42.0029999, -41.7750422, -41.6288178, -41.2263314, -41.014586, -40.9785337, -41.0133768, -41.0750463, -40.9617392, -40.7413054, -40.578824, -40.3659142, -40.2909434, -40.2041941, -40.1350454, -40.0200365, -39.8271458, -39.7225718, -39.7575492, -39.739232, -39.6550354, -39.4412747, -39.1400929, -39.2242446, -39.0216802, -38.8592436, -38.9487696, -39.0109317, -38.9979888, -39.0609123, 
-38.9950329, -38.9842396, -38.891713, -38.9329604, -38.8104723, -38.7792121, -38.6537681, -38.4629823, -38.3613194, -38.0025883, -37.9567281, -37.612597, -37.4259315, -37.2692273, -36.9675528, -36.8037726, -36.5537805, -36.401331, -36.2313256, -36.0584091, -35.8533815, -35.3009088, -35.1341727, -34.95839, -34.8217497, -34.8950634, -34.8101055, -34.7967147, -34.8567719, -34.9683771, -35.0391829, -35.1000462, -35.2275503, -35.3725206, -35.4896345, -35.9504763, -36.2979663, -36.6038506, -36.9679559, 
-37.1596375, -37.3262839, -37.5971461, -37.7717196, -37.8695757, -38.1267783, -38.4550553, -38.6638001, -38.8188471, -39.0617184, -39.2200348, -39.3887862, -39.618401, -39.9671001, -40.5054655, -40.5962903, -41.3021531, -41.64297, -41.8317405, -42.1979955, -42.5788058, -42.6996369, -43.3213478, -43.4613022, -43.4892483, -43.7404497, -43.9463282, -44.2233707, -44.3721926, -44.4604646, -44.6817493, -44.6583713, -44.4829917, -44.3617576, -44.6621333, -44.8158816, -44.8396179, -44.9700778, -45.1575942, 
-45.2354313, -45.5259094, -45.7892476, -45.9675831, -46.0733662, -46.2662569, -46.3217461, -46.5558842, -46.6854483, -46.8108475, -47.1341981, -47.3196545, -47.3999995, -47.8267148, -48.0650627, -48.3175629, -48.2683885, -48.3358801, -48.4746253, -48.4958983, -48.7050462, -48.9492162, -49.2000593, -49.3183823, -49.3996678, -49.3588235, -49.6609011, -49.6205046, -49.4196421, -49.273776, -48.8359091, -48.8987878, -48.6259104, -48.5100505, -48.4792382, -48.3917275, -48.4520982, -48.9188069, -49.1846083, 
-49.5204988, -49.6637674, -50.3371159, -50.6666917, -50.69419, -50.5779718, -50.7821485, -50.8354431, -51.0638487, -51.4442111, -51.3500722, -51.0327676, -50.7825963, -50.5919449, -50.4467954, -50.2804624, -50.1252362, -49.8997417, -49.8848281, -49.9262098, -50.1769185, -50.486117, -50.6797691, -50.8456094, -51.0139577, -51.0828377, -51.0938997, -51.2081025, -51.4956696, -51.5765072, -51.6544786, -51.9168315, -52.2348527, -52.5537695, -52.6605827, -52.9902481, -53.2320445, -53.3204957, -53.5315245, 
-53.7678571, -53.9390717, -54.2888009, -54.4767205, -54.5544232, -54.6942432, -55.0158472, -55.3473935, -55.7510892, -55.9127197, -56.1418866, -55.9087786, -55.9895267, -56.5002594, -56.7233355, -56.7865725, -56.9879277, -57.1313306, -57.3402993, -57.556568, -57.7415317, -57.9391249, -58.0123939, -58.2970051, -58.4908811, -58.4981812, -58.7084486, -58.8558374, -58.9240904, -59.2491428, -59.5332614, -59.6872337, -59.7564271, -59.7196583, -59.8970981, -59.9905204, -59.9828621, -59.8055567, -59.869555, 
-59.6627808, -59.5264541, -59.7311234, -59.6816355, -59.9693369, -60.1598988, -60.0401874, -59.9718001, -60.2346457, -60.4511831, -60.7363766, -60.583524, -60.7540668, -60.9475397, -60.997162, -61.1475514, -61.2846395, -61.462348, -61.5577409, -61.753274, -62.1180511, -62.4354453, -62.5621432, -62.7335817, -62.7280283, -62.9509701, -63.0960748, -63.3979284, -63.5135195, -63.6504285, -63.7363717, -63.9963062, -64.1303937, -64.274334, -64.6121503, -64.7574342, -64.4554462, -64.2437456, -64.1274827, 
-64.1175851, -64.2206363, -64.0156087, -63.9332931, -63.370251, -63.3922854, -63.5908191, -63.6773445, -64.0611555, -64.0770543, -64.1963626, -64.393911, -64.7554636, -64.8005177, -65.0108748, -65.1516353, -65.1752372, -65.3261192, -65.4449797, -65.5576598, -65.7432057, -65.9772095, -66.3103233, -66.8527641, -67.0880219, -67.0768255, -67.1390324, -67.3252054, -67.3670797, -67.547968, -67.6022031, -68.0276644, -68.1856674, -68.2801198, -68.1625133, -69.390977, -69.5338872, -69.8458175, -69.8458175, 
-69.3212909, -69.2108053, -69.1462695, -69.2125967, -69.3514314, -69.4805926, -69.6308476, -70.0436795, -70.0436795, -69.9189969, -69.6071113, -69.6246224, -69.4035617, -69.4385391, -69.5984677, -69.8472059, -69.947346, -70.1804989, -70.2949704, -70.7554539, -70.9456127, -71.3785532, -71.6159607, -71.7826072, -72.4144844, -72.8871944, -72.8671305, -72.9590302, -72.9857671, -73.1561755, -73.2449402, -73.1039558, -73.2675121, -73.5312981, -73.7107532, -73.7981295, -73.7097679, -73.9795552, -73.8184621, 
-73.7700043, -73.5834731, -73.5425392, -73.3426172, -73.3440503, -73.1806284, -73.0584986, -72.9452811, -72.9532977, -73.2005579, -72.7161141, -72.3419769, -72.162253, -72.1797641, -71.3762692, -70.998146, -70.8698806, -70.5708932, -70.5982123, -70.5274066, -70.6209185, -70.6208738, -70.3087195, -69.9344479, -69.7185374, -69.5732088, -69.1998329, -68.9132063, -68.8021385, -68.7152548, -68.234573, -68.1081886, -67.8639738, -67.7044482, -67.6048006, -67.3215777, -67.1794737, -66.6199248, -65.8713815, 
-65.6473649, -65.3949544, -65.2894848, -65.4296183, -65.3553193, -65.2508798, -65.363515, -65.3049357, -65.0985198, -65.0259674, -64.8395706, -64.7122905, -64.5127715, -64.4008975, -63.9529539, -63.7863074, -63.5505123, -63.400929, -63.1644621, -63.0010401, -62.9213669, -62.7340296, -62.2147876, -62.1156775, -61.8874063, -61.8688651, -61.5856422, -61.4699167, -61.2883119, -61.0411412, -60.8798242, -60.490236, -60.4032179, -60.479174, -60.4531537, -60.2721311, -60.2450807, -60.57497, -60.2390794, 
-60.1708265, -59.4691287, -58.4306895, -58.3092763, -58.3438506, -58.4631142, -58.4609645, -58.3970109, -58.1207298, -57.8834567, -57.7522802, -57.7227219, -57.5996964, -57.5602852, -57.7666563, -57.7833165, -58.1311648, -57.8592278, -58.1685158, -57.9136868, -57.8547492, -57.9604876, -57.8871739, -57.9904938, -57.2377407, -57.1841774, -56.6417365, -56.5188454, -56.3898186, -56.2090647, -55.8431232, -55.7236357, -55.6251526, -55.6658626, -55.5559144, -55.5304315, -55.3493193, -55.0623344, -54.6686259, 
-54.4402204, -54.2840985, -54.3429017, -54.259153, -54.325525, -54.4419222, -54.4303228, -54.58743, -54.5937447, -54.4489087, -54.1909896, -53.8616377, -53.8360205, -53.6420101, -53.7419711, -53.6728672, -53.8163597, -54.2644824, -54.5673661, -54.6856444, -54.9045555, -54.9364427, -55.1965563, -55.454565, -55.6082237, -55.8771153, -55.8861172, -56.3947898, -56.4300807, -56.5905916, -56.7056453, -57.1215674, -57.3281177, -57.3457183, -57.6046675, -30.1802071, -30.1891699, -30.2744782, -30.2846079, 
-30.1136438, -30.0884933, -30.1983065, -30.4987971, -30.6046627, -30.8057925, -31.0468951, -31.0858995, -30.9538406, -30.8455915, -31.0437916, -31.2521959, -31.3116585, -31.4419795, -31.4566527, -31.651501, -31.9293487, -32.0919954, -32.3845163, -32.5874337, -32.7345631, -32.9305784, -33.1521166, -33.6889676, -33.744259, -33.3099219, -33.145289, -32.8653558, -32.3611285, -32.1053031, -31.9944719, -31.7520039, -31.6840503, -31.3123785, -31.2724057, -31.1015907, -30.9319921, -30.8798786, -30.3820321, 
-30.234853, -30.3415876, -30.2752975, -30.4932853, -30.8103112, -30.9065685, -31.041135, -31.0769863, -31.4170027, -31.4978171, -31.7144643, -31.9344632, -32.0428364, -31.7390438, -31.5507251, -31.1077976, -30.4669679, -29.9219734, -29.6527907, -29.2286578, -28.9474336, -28.6232077, -28.5928185, -28.2340819, -27.5749045, -27.4861701, -27.3178129, -27.231164, -27.0123816, -26.6894716, -26.4703168, -26.2981858, -26.1736249, -26.0478474, -25.7711418, -25.5852811, -25.5040198, -25.3527938, -25.2994638, 
-24.9207161, -24.6923502, -24.6815749, -24.411126, -24.3166066, -24.0357548, -23.9878621, -23.8323905, -23.7598934, -23.8186608, -23.6511974, -23.3365799, -23.3357109, -23.0574164, -22.9449217, -23.0331845, -23.036561, -22.9040552, -23.0515818, -22.94949, -22.8011689, -22.6799101, -22.9549025, -22.9757578, -22.9357106, -22.9590736, -22.8232656, -22.6187841, -22.3669559, -22.2699042, -22.1432329, -22.0265423, -21.9335126, -21.623662, -21.5386517, -21.3620269, -20.8499292, -20.7965495, -20.5194715, 
-20.2852711, -20.2186582, -19.9644963, -19.7653031, -19.6282289, -19.3411702, -18.8419581, -18.5419393, -18.2495177, -17.9440616, -17.695337, -17.273662, -16.2645123, -15.8678638, -15.695708, -15.2036463, -14.9815618, -14.641173, -14.343637, -13.835338, -13.4503088, -13.2198822, -13.1415506, -12.8219923, -12.6307688, -12.7873824, -12.9623934, -12.5811381, -12.4761414, -11.9786921, -11.552002, -11.2860965, -10.871994, -10.7057721, -10.5424053, -10.5048906, -10.2224001, -10.0878088, -9.7878396, -9.1927923, 
-8.8669774, -8.3861627, -7.9236709, -7.7678021, -7.6270038, -7.3661632, -6.9653188, -6.6269659, -6.2395036, -6.1727914, -5.582809, -5.2844784, -5.1590733, -5.0440711, -5.1073819, -5.1065874, -4.9291185, -4.9432207, -4.7040795, -4.6274362, -4.4036635, -4.3724053, -4.1420035, -3.7436667, -3.6790897, -3.5432569, -3.4127621, -3.2528216, -3.1915963, -3.0344861, -2.8532434, -2.7857615, -2.8465895, -2.9115887, -2.8798836, -2.7286328, -2.8216128, -2.6857552, -2.5790703, -2.3423871, -2.353212, -2.5061263, 
-2.479933, -2.5598784, -2.8894671, -2.7632427, -2.9974431, -3.0170074, -2.7861587, -2.410738, -2.3419898, -1.7232072, -1.6694551, -1.4099055, -1.5044745, -1.4645018, -1.5440748, -1.304462, -1.2403318, -1.0494559, -1.1152991, -0.9182163, -1.0228653, -1.0236598, -0.8090485, -0.8711428, -0.7386618, -0.5924014, -0.6586667, -0.6078194, -0.6827993, -0.9661587, -1.0653208, -1.2536395, -1.2849473, -1.4719998, -1.4578231, -1.8328467, -1.9086955, -2.1027991, -1.8974237, -1.7390473, -1.890323, -1.7324183, -1.537421, 
-1.6232009, -1.441983, -1.251554, -1.066165, -0.881198, -0.5053552, -0.3578286, -0.2357007, -0.2331931, -0.1365882, -0.2382828, -0.2424042, -0.0973852, -0.2936984, -0.4678404, -0.6249506, -0.7215803, -0.549921, -0.6682502, -0.4703232, -0.2761452, 0.0966439, 0.1863963, 0.4007345, 0.6560633, 0.8604455, 0.9505952, 1.1970109, 1.4451893, 1.7020326, 1.8205108, 1.8351343, 2.136469, 2.6432039, 3.0386607, 3.3684729, 3.7070244, 4.1232621, 4.4246961, 4.3453714, 4.0591071, 3.7841892, 3.2428444, 2.6367487, 2.3750391, 
2.164723, 2.2571569, 2.3450472, 2.2538299, 2.3771743, 2.2219014, 2.147145, 2.2127648, 2.3257312, 2.3271464, 2.5849331, 2.4389707, 2.4112877, 2.5184195, 2.2641335, 2.0394669, 1.8380392, 1.9342468, 1.9213612, 1.8533579, 1.9033859, 2.0056763, 1.9717368, 1.6869373, 1.7081651, 1.6309259, 1.5068615, 1.5632205, 1.4575535, 1.2664293, 1.2870612, 1.1771238, 1.3099276, 1.381655, 1.71467, 1.7528303, 1.894721, 2.2376671, 2.3611108, 2.6868512, 2.9320006, 3.3708564, 3.5631475, 3.7148948, 3.938171, 4.1811853, 4.3663012, 
4.5083657, 4.5176761, 4.6964609, 5.0749355, 5.2633287, 5.1815708, 5.2013834, 4.9574753, 4.7534655, 4.6554703, 4.5176265, 4.4810551, 4.5374142, 4.434652, 4.2519444, 4.2545265, 4.0869639, 4.1836432, 4.0378049, 4.0392945, 3.8050197, 3.6111396, 3.790843, 3.9805024, 3.8481455, 4.0003149, 3.9142122, 3.9039583, 4.1024812, 4.1499271, 4.111022, 4.0514105, 3.7807878, 3.662682, 3.4845676, 3.2772805, 3.0931577, 2.8103942, 2.4569708, 2.4260602, 2.1526071, 2.1237572, 2.0220378, 1.9248371, 1.6451522, 1.5215595, 
1.5290079, 1.2277476, 1.3152656, 1.1107592, 1.1088971, 0.9409124, 0.9341344, 0.6892084, 0.9916852, 1.0008963, 0.8216149, 0.7449467, 1.2287656, 1.1680865, 1.4543756, 1.7961796, 1.940851, 2.2213552, 2.1502236, 2.0453759, 1.8094872, 1.9806251, 1.8344888, 1.7275059, 1.7275059, 1.7762925, 1.7135775, 1.0763975, 1.0877438, 1.0159171, 0.7700973, 0.6095857, 0.6137319, 0.734246, 0.6288024, 0.5632819, -0.1252668, -0.3275387, -0.5082849, -0.7463087, -1.1056163, -1.4045924, -2.3257277, -3.7324446, -4.2271132, 
-4.354132, -4.1586381, -4.1558823, -4.3737212, -4.4241464, -4.5287458, -4.4828392, -4.8989031, -5.1625492, -5.2899157, -5.4660936, -5.6945836, -5.8741133, -6.1547416, -6.4109891, -6.5876635, -6.6844918, -6.8401868, -7.1133668, -7.2461706, -7.5588516, -7.717079, -7.9064404, -8.1289966, -8.3453707, -8.47666, -8.6033561, -8.6863305, -8.9063046, -8.994766, -9.1374015, -9.4116491, -9.4116243, -9.5058954, -9.8314372, -10.0003902, -10.0001667, -9.818055, -9.6670028, -9.4332493, -9.6063237, -9.7231384, -9.8279613, 
-10.9998819, -11.0704176, -10.9212027, -10.9755259, -10.945956, -10.9471725, -11.0193221, -10.9935756, -11.1475327, -10.952585, -10.7247902, -10.6403261, -10.7004341, -10.5336411, -10.3207678, -10.3394879, -9.8940528, -9.7533786, -9.7914644, -9.6857726, -10.2106318, -10.4828931, -10.7868348, -10.9845383, -11.1472596, -11.5016016, -11.7056362, -11.998604, -12.0106703, -12.1744343, -12.2228733, -12.4490295, -12.5317805, -12.4279507, -12.5084423, -12.6362061, -12.6157232, -12.8418794, -12.8408614, -13.0218559, 
-13.1113352, -13.2584646, -13.440775, -13.5282184, -13.5006347, -13.5552558, -13.482858, -13.5077106, -13.6175239, -13.7958618, -13.9997971, -14.0954337, -14.3143402, -14.6202929, -15.0971848, -15.0977558, -15.4745173, -16.2666971, -16.2791607, -16.3226589, -16.3619365, -16.5177308, -16.6522228, -16.96473, -17.181551, -17.4476303, -17.449542, -17.5644698, -17.8305987, -18.0477921, -18.2414487, -18.8992854, -19.0350685, -19.7584506, -19.9707777, -20.1722551, -20.670772, -21.3168652, -21.509926, -21.6820818, 
-22.0909456, -22.2512833, -22.2293108, -22.2650628, -22.1082754, -22.0861538, -22.2781966, -22.2871098, -22.5517739, -22.6282435, -22.8524631, -23.3163204, -23.6278097, -23.9935476, -23.9932993, -23.8171959, -23.9045897, -24.0675841, -24.1631462, -24.3649215, -24.6609182, -24.9491439, -25.1594599, -25.3976328, -25.592357, -25.6596155, -25.5342849, -25.6593424, -25.9719489, -26.2123066, -26.6477857, -26.851299, -27.1400957, -27.4013087, -27.4580402, -27.5747307, -27.6375698, -27.7726826, -27.8566253, 
-28.099292, -28.1161748, -28.3617215, -28.4804231, -28.9586309, -29.0796415, -29.1204087, -29.3614119, -29.7654343, -29.8802131, -30.0032595, -30.1802071)))"
British Virgin Islands,VGB,NA,NA,38298,NA,NA,NA,NA,list()
Brunei,BRN,79.9344,NA,455326,Brunei,Asia,East Asia & Pacific,South-eastern Asia,"list(list(c(115.1584812, 115.0385459, 115.1448217, 115.2729975, 115.2898368, 115.1584812, 4.8956045, 4.7951017, 4.3766047, 4.4509142, 4.6061871, 4.8956045)), list(c(115.0174968, 114.8616884, 114.4241797, 114.0759284, 114.2604891, 114.3334893, 114.6452853, 114.8572546, 114.7770439, 115.0174968, 4.8944376, 4.9720244, 4.6595172, 4.5871939, 4.5068512, 4.3486238, 4.0052308, 4.2680577, 4.7283894, 4.8944376)))"
Bulgaria,BGR,75.861664,20592.455,6825817,Bulgaria,Europe,Europe & Central Asia,Eastern Europe,"list(c(28.5783508, 28.2361455, 27.9942595, 27.9443238, 27.7100065, 27.399375, 27.1847185, 26.7619443, 26.1116154, 25.7872347, 25.3849722, 25.0042515, 24.7412716, 24.5049838, 24.1986964, 23.4138322, 23.0585944, 22.8656141, 22.923432, 22.676127, 22.6212649, 22.4094747, 22.3594046, 22.4962688, 22.5335303, 22.768161, 22.9832205, 22.7445591, 22.5355456, 22.4378239, 22.5200051, 22.3598077, 22.5278425, 22.8671368, 23.034052, 22.9496763, 22.927194, 23.1021258, 23.322246, 23.6159039, 24.0739243, 24.2596941, 
24.5246446, 24.5976, 25.0639057, 25.3265721, 25.5602175, 25.9034081, 26.1323511, 26.1848844, 26.0603809, 26.357756, 26.6422329, 26.9582387, 27.2393567, 27.538568, 27.8646953, 28.030043, 27.7479398, 27.6941525, 27.5125029, 27.7316827, 27.9004341, 27.8903574, 28.0982512, 28.4744486, 28.6102828, 28.5783508, 43.7387082, 43.758496, 43.84296, 43.9847763, 43.959303, 44.0122606, 44.119318, 44.0780542, 43.9710962, 43.7101066, 43.619237, 43.7243329, 43.6848071, 43.7639332, 43.6824733, 43.8537105, 43.7954397, 
43.8394842, 44.1024103, 44.2154512, 44.063381, 44.0042413, 43.8198454, 43.5840063, 43.4710896, 43.3762724, 43.111211, 42.8861224, 42.8821748, 42.5721256, 42.3974125, 42.3117318, 42.1399236, 42.0222152, 41.7094349, 41.5986037, 41.3384831, 41.3174291, 41.3996587, 41.3755261, 41.4685806, 41.5703497, 41.5686614, 41.4408728, 41.3602819, 41.240463, 41.3188195, 41.3063311, 41.3548197, 41.5200982, 41.6885795, 41.711148, 41.9719886, 41.996866, 42.1048917, 41.9198254, 42.0055806, 41.9824907, 42.2533121, 42.4245244, 
42.5528592, 42.7070397, 42.7008079, 43.0357594, 43.3753289, 43.3832738, 43.5449274, 43.7387082))"
Burkina Faso,BFA,34.570763,1704.966,22508995,Burkina Faso,Africa,Sub-Saharan Africa,Sub-Saharan Africa,"list(c(0.2443716, -0.2456703, -0.7248294, -1.0717819, -1.3181912, -1.6779076, -1.980433, -1.9972275, -2.1027867, -2.4741921, -2.8388797, -2.9064608, -2.875335, -3.0299342, -3.2468747, -3.278314, -3.2342452, -3.4374814, -3.5220362, -3.9596344, -4.1005293, -4.3469386, -4.218091, -4.232915, -4.4804887, -4.3647184, -4.3969191, -4.5799571, -4.6296241, -5.1089623, -5.2781167, -5.2919554, -5.2033251, -5.2596204, -5.4886529, -5.451705, -5.4708731, -5.5131953, -5.4039637, -5.2221798, -5.0612658, -4.957498, 
-4.6499119, -4.2935544, -4.2475598, -4.1272214, -3.7756112, -3.4063555, -3.1932218, -3.0054366, -2.9264351, -2.7581316, -2.6871915, -2.7900188, -2.7306781, -2.7904666, -2.7662825, -2.9412143, -2.8173379, -2.8335502, -2.4789841, -1.1146863, -0.5663338, -0.1362596, 0.5051122, 0.9167796, 0.9465619, 1.1912694, 1.3324778, 1.4465462, 1.6659051, 1.8469277, 2.0072147, 2.3071873, 2.4041029, 2.068929, 2.2650443, 2.1633814, 1.9793134, 1.8690517, 0.9923774, 1.0034394, 0.6447083, 0.3814597, 0.1621903, 0.2443716, 
14.914009, 15.0789399, 15.0840296, 14.7850783, 14.7297869, 14.5014707, 14.4756498, 14.1932835, 14.1467563, 14.2998443, 14.0540742, 13.8205689, 13.6539001, 13.6144736, 13.6841155, 13.5568483, 13.2888821, 13.2766917, 13.1658109, 13.4729304, 13.3870263, 13.1196312, 12.9623224, 12.7345524, 12.6580332, 12.5342171, 12.3103202, 12.2018973, 12.0596342, 11.9651148, 11.8505346, 11.6316033, 11.5321929, 11.2408141, 11.0832323, 10.9008474, 10.5466296, 10.4307832, 10.2964152, 10.3144402, 10.1811151, 9.9193558, 
9.7112991, 9.6182694, 9.7647533, 9.8472311, 9.9267793, 9.9300318, 9.8847707, 9.7430538, 9.5684152, 9.4115037, 9.4916726, 9.7465049, 9.8390131, 10.0698121, 10.2655543, 10.6364068, 10.9253276, 11.0070855, 10.9881915, 10.9858329, 10.9926109, 11.139492, 11.0092455, 11.000084, 11.0230994, 11.2644005, 11.2980173, 11.479707, 11.3985202, 11.4480764, 11.4185065, 11.665245, 11.9002647, 12.3483315, 12.4210273, 12.6903838, 12.7356945, 12.6053487, 13.1033442, 13.5684925, 13.6812603, 14.0522866, 14.5342185, 14.914009
))"
Burundi,BDI,15.80286,717.22845,13321056,Burundi,Africa,Sub-Saharan Africa,Sub-Saharan Africa,"list(c(29.4146286, 29.7616707, 30.0538059, 30.2272598, 30.2597292, 30.491225, 30.6370463, 30.7818375, 30.8230401, 30.8283695, 30.8311014, 30.4122683, 30.4200162, 30.5447883, 30.4588451, 29.9679075, 29.8791876, 29.5218001, 29.4319606, 29.3232216, 29.0625258, 29.0405361, 29.09607, 29.2542073, 29.2133182, 29.2488778, 29.2441306, 29.3812635, 29.4146286, -4.4444307, -4.4661301, -4.2541009, -4.0177157, -3.8804181, -3.5226002, -3.4535293, -3.2825901, -3.2424188, -3.0083425, -3.0052639, -2.8650614, -2.6609523, 
-2.4135683, -2.3183042, -2.4847496, -2.7591958, -2.8300046, -2.8019989, -2.6436225, -2.6016387, -2.7441253, -2.9176715, -3.0519897, -3.295153, -3.5725537, -3.9150777, -4.1535733, -4.4444307))"
Cambodia,KHM,25.178072,3944.2468,17201662,Cambodia,Asia,East Asia & Pacific,South-eastern Asia,"list(c(107.5565618, 107.3286936, 107.1634803, 106.8392787, 106.7438858, 106.5609822, 106.4135487, 106.264682, 106.1877407, 105.9962831, 106.187472, 106.1047981, 105.9121761, 105.7726247, 105.5567591, 105.3626591, 105.2064924, 105.1028142, 105.0026293, 104.8087533, 104.5615378, 104.2448602, 103.9297053, 103.5336232, 103.1636062, 102.951816, 102.8684256, 102.6862833, 102.3650824, 102.3511989, 102.4857343, 102.5110828, 102.6432893, 102.7653296, 102.7050036, 102.769002, 102.9102999, 103.1108042, 103.0737219, 
103.1066392, 103.3595423, 103.4779102, 103.6625156, 103.7162133, 103.4954213, 103.6358235, 103.9441262, 104.2533247, 104.4417369, 104.5870207, 104.8687657, 105.0984253, 105.0806455, 105.3376689, 105.7796113, 105.8982926, 106.0729109, 106.1879646, 106.0242292, 105.8682416, 106.0248561, 106.367151, 106.4654102, 106.412026, 106.722344, 106.9280434, 107.1520152, 107.5455894, 107.5898373, 107.497042, 107.627681, 107.6170669, 107.3410992, 107.4883536, 107.5565618, 14.6861148, 14.5914962, 14.4147721, 14.2932898, 
14.4270122, 14.5379178, 14.4526096, 14.4769408, 14.3512378, 14.3283714, 14.0615473, 13.9097255, 13.9282718, 14.0891558, 14.1603867, 14.1045739, 14.3433426, 14.2129471, 14.3627827, 14.4368191, 14.3528764, 14.3746752, 14.3320459, 14.4163114, 14.3346777, 14.2062188, 14.005511, 13.7503808, 13.5772816, 13.2722972, 12.9482947, 12.6698761, 12.6120273, 12.4569034, 12.1801234, 12.075375, 11.6516393, 11.4536875, 11.2816062, 10.9120448, 10.868323, 11.1408327, 11.077075, 10.87165, 10.6183073, 10.4853794, 10.586205, 
10.5696201, 10.4236824, 10.5269411, 10.5219756, 10.7208461, 10.9543016, 10.859534, 11.0312677, 10.8442401, 10.8107474, 11.0502858, 11.1398396, 11.3142547, 11.7743879, 11.6967266, 11.872259, 11.9736059, 11.9728114, 12.0635073, 12.2765296, 12.3524033, 12.5592435, 13.0300774, 13.3670151, 13.5264591, 14.1330761, 14.4069265, 14.6861148))"
Cameroon,CMR,66.05114,2812.2148,27632723,Cameroon,Africa,Sub-Saharan Africa,Sub-Saharan Africa,"list(c(16.1911556, 16.0650846, 16.068354, 15.8920786, 15.8023735, 15.2472584, 15.0734462, 15.0867027, 15.0111497, 14.7190145, 14.6933077, 14.5282287, 14.6293093, 14.6181578, 14.4159517, 14.529841, 14.7385409, 14.9599152, 15.0420516, 15.2418841, 15.4928615, 15.5879857, 15.4523307, 15.3948711, 15.1090058, 14.8407412, 14.4897132, 14.3476091, 14.3731816, 13.9762933, 14.2151787, 14.4830402, 14.7989565, 15.2464522, 15.4154723, 15.6848118, 15.506118, 15.1425949, 15.0686094, 15.0951223, 15.0581744, 15.1451028, 
15.0659223, 15.0595627, 14.8858849, 14.9011567, 14.8346504, 14.5477551, 14.4666487, 14.0833305, 14.2312567, 14.482458, 14.6175756, 14.6160081, 14.1925621, 13.9758007, 13.9341503, 13.5788229, 13.503673, 13.3089908, 13.2081789, 13.0350833, 12.9080719, 12.900951, 12.7839715, 12.594798, 12.2438147, 12.2497712, 12.1884152, 11.9963306, 12.010438, 11.8467921, 11.8806499, 11.631016, 11.5177537, 11.3157716, 11.0972188, 11.0962783, 10.9161962, 10.7666577, 10.5956223, 10.5295638, 10.2155285, 10.1505449, 9.8614999, 
9.7742579, 9.7061393, 9.5954298, 9.34808, 9.2660779, 8.8537835, 8.921499, 8.8334061, 8.8201049, 8.5920128, 8.5112199, 8.9003603, 8.9146021, 8.9888563, 9.2532245, 9.4507729, 9.6993319, 9.61312, 9.6535165, 9.8894908, 9.9749413, 9.9141675, 9.8169832, 9.8357931, 9.9999764, 11.3332827, 11.3674987, 11.7018218, 12.2442626, 12.5721365, 12.7112848, 13.2469182, 13.2970331, 14.2945832, 14.6082602, 14.9161599, 15.2497663, 15.3485629, 15.4885173, 15.7475113, 15.8796731, 16.1469076, 16.0519177, 16.0808939, 16.1911556, 
2.2230435, 2.5286237, 2.9125605, 3.0983219, 3.0983467, 3.7138769, 4.0195316, 4.3010538, 4.4156836, 4.6436522, 5.101973, 5.2730363, 5.510663, 5.8935321, 6.0320463, 6.1708832, 6.2504314, 6.75158, 6.760667, 7.2725164, 7.5277956, 7.778134, 7.88755, 8.093695, 8.6593462, 8.8125833, 9.0589989, 9.2086111, 9.2941428, 9.6452075, 10.0078668, 10.0024047, 9.9373063, 9.9939136, 9.9378029, 9.9961978, 10.1116221, 10.5400005, 10.8211751, 11.1716936, 11.401425, 11.5623587, 11.7218771, 12.0533776, 12.1713095, 12.4038216, 
12.6302261, 12.7956536, 13.083333, 13.083333, 12.3622351, 12.3526019, 12.1861813, 11.5164521, 11.2429493, 11.3108533, 11.2062787, 10.6831078, 10.2174877, 10.1051421, 9.5559269, 9.5067927, 9.3542757, 9.1142407, 8.7453745, 8.5964575, 8.3865635, 8.1731936, 7.9368828, 7.6670049, 7.5142893, 7.2573963, 7.108082, 6.9894301, 6.6132396, 6.5063809, 6.5204582, 6.6796291, 6.7093231, 6.955565, 7.0766501, 6.9253248, 6.8893493, 7.0383656, 6.7765071, 6.784452, 6.5121409, 6.5286018, 6.3532432, 6.1840667, 5.8281357, 
5.5641668, 5.4291534, 5.1881998, 4.8039652, 4.5022332, 4.5046415, 4.2873737, 4.0933943, 3.9609381, 4.0331124, 3.9347944, 3.7430247, 3.537848, 3.309929, 3.0898308, 2.9749527, 2.5058319, 2.3100648, 2.172221, 2.172221, 2.2852867, 2.3177118, 2.2518437, 2.2715818, 2.2293746, 2.2741142, 2.1721962, 2.172221, 2.1959564, 2.0002639, 2.0286668, 1.9130191, 1.9829837, 1.919946, 1.7879616, 1.7153403, 2.0124791, 2.1919343, 2.2230435))"
Canada,CAN,84.399826,45529.645,38821209,Canada,Americas,North America,Northern America,"list(list(c(-60.5821804, -60.8952304, -61.1092598, -61.5542924, -61.4296098, -61.3316642, -60.9208476, -60.7358391, -60.4383297, -59.8037653, -59.8665096, -60.3947535, -60.5147336, -60.7946872, -60.8087498, -61.1483575, -60.4404346, -60.4570948, -60.3077354, -60.5821804, 47.0366064, 46.7863424, 46.4449109, 46.0409381, 45.6583421, 45.5637235, 45.6212246, 45.5712463, 45.638753, 45.9682672, 46.1925117, 46.3055277, 46.0936475, 45.9550092, 45.7341413, 45.7612533, 46.2879248, 46.4279287, 46.8628865, 47.0366064
)), list(c(-63.9955896, -64.4071227, -64.0700678, -63.655758, -63.2542568, -63.1208859, -62.8308556, -62.5149841, -62.5272106, -62.163777, -62.6380544, -63.2427918, -63.3233159, -63.624856, -63.7510613, -63.9866326, -63.9955896, 47.0520245, 46.7191336, 46.569596, 46.2241423, 46.1315595, 46.19492, 45.9645927, 45.9728852, 46.202989, 46.4870684, 46.4699373, 46.4048637, 46.4974713, 46.5625449, 46.4915871, 46.7315475, 47.0520245)), list(c(-126.7960136, -126.8165701, -126.9039016, -126.9553152, -126.615394, 
-126.6710623, -126.7476005, -126.7960136, 49.8857674, 49.8666748, 49.8466388, 49.7210848, 49.5966976, 49.854534, 49.8524982, 49.8857674)), list(c(-64.1525177, -64.4666873, -64.2475075, -63.983408, -63.6600126, -63.5716958, -63.0992097, -62.2491828, -61.8217061, -61.6713167, -61.8991848, -62.2433607, -62.4874859, -62.9400872, -63.3774615, -63.9191857, -64.1525177, 49.9520575, 49.9137235, 49.7504064, 49.6970515, 49.5354475, 49.3895595, 49.2312327, 49.061237, 49.0653832, 49.1433424, 49.3537578, 49.4195266, 
49.5745761, 49.7312145, 49.8270745, 49.8862391, 49.9520575)), list(c(-128.0529607, -128.4129906, -128.307297, -127.9758403, -127.6866609, -127.5142371, -127.17033, -126.8268707, -126.8023283, -126.7539601, -126.672988, -126.6149909, -126.4746335, -126.5702055, -126.2843851, -126.0827612, -125.7529615, -125.7804597, -125.5117473, -125.195428, -125.2187164, -124.7224941, -123.6676186, -123.3646902, -123.4384069, -123.7901515, -123.7471127, -123.9800416, -124.7458273, -124.8579699, -125.1796187, -125.4108458, 
-126.1250386, -126.6108707, -127.120036, -127.4866941, -128.0529607, 50.8675569, 50.7752473, 50.6072625, 50.3266342, 50.1470797, 50.1358079, 49.8691576, 49.8798832, 49.9064986, 49.8723852, 49.8592017, 49.7197689, 49.6467256, 49.5769347, 49.3512254, 49.4000864, 49.2216741, 49.1008124, 48.9221021, 48.9958158, 48.7891742, 48.5961631, 48.3195072, 48.5165901, 48.6995211, 48.9728501, 49.041623, 49.2387804, 49.4520262, 49.6991122, 49.9174973, 50.2708213, 50.4578986, 50.4941472, 50.5895851, 50.7662596, 50.8675569
)), list(c(-55.8942681, -56.6625618, -56.9741786, -57.2416818, -57.4742524, -57.7924527, -57.9533667, -58.237127, -58.1145942, -58.4095956, -58.6903553, -58.7162861, -58.443319, -58.9834758, -59.2641459, -59.3039602, -59.0352029, -58.4380791, -58.3707667, -57.9044163, -57.8023503, -57.3498834, -56.8428678, -56.5935474, -56.3878481, -55.9744788, -55.7827077, -55.4130042, -55.3754292, -54.9816759, -54.9589249, -55.2756025, -55.3130431, -55.5194591, -55.7754077, -55.9749266, -55.8325091, -55.2989805, 
-55.0774271, -54.9199169, -54.5097721, -54.1876755, -53.9727951, -53.9074532, -54.2017829, -53.9611061, -53.7111588, -53.5672633, -53.6533408, -53.3762087, -53.0920453, -52.9387897, -52.9081565, -52.7066221, -52.6559251, -52.8092255, -52.9223534, -53.1535805, -53.2040984, -52.9250853, -53.3084036, -53.5708461, -53.8591297, -53.6356506, -53.7050232, -53.3137779, -53.0729667, -52.9962493, -53.5604559, -53.7742166, -53.9474914, -53.463809, -54.023313, -54.7025285, -54.8941652, -55.2412969, -55.145904, 
-55.3387947, -55.7166492, -55.867576, -55.9008516, -55.7575383, -56.1700119, -56.4537722, -56.7737639, -56.7608657, -56.5175466, -56.1058792, -55.830852, -55.6667135, -55.5217431, -55.4292165, -55.8942681, 51.6241337, 51.3583275, 50.8874936, 50.7320718, 50.4783319, 49.8570913, 49.6021101, 49.3933085, 49.1775054, 49.128272, 48.6875293, 48.5632166, 48.4495303, 48.1304437, 48.0095573, 47.6182963, 47.5682435, 47.6431738, 47.6914638, 47.6775106, 47.6297419, 47.6427517, 47.5365633, 47.617477, 47.6022824, 
47.7625209, 47.4495171, 47.4800056, 47.6453834, 47.5915568, 47.5041382, 47.4075085, 47.2707571, 47.1433162, 47.110618, 46.9988434, 46.8606768, 46.8986136, 47.0774233, 47.3343411, 47.4030892, 47.8574375, 47.754005, 47.4249625, 46.8859515, 46.8491319, 47.0891171, 46.9383381, 46.7020025, 46.7221378, 46.6467855, 46.8166323, 47.0848468, 47.4069623, 47.6021583, 47.8058205, 47.5424227, 47.4367308, 47.7381897, 48.0912158, 48.0045669, 47.5741774, 47.7166143, 47.9932951, 48.1629184, 48.3841091, 48.4416598, 
48.5949962, 48.4866478, 48.5704167, 48.8962564, 49.2541488, 49.4687352, 49.3729249, 49.2912167, 49.2633102, 49.4770525, 49.530035, 49.4462165, 49.5687167, 49.7562161, 49.9312767, 50.1562412, 49.8957978, 49.8307739, 50.018298, 50.2233258, 50.737509, 50.9249836, 51.3237673, 51.3578806, 51.5574463, 51.6241337)), list(c(-127.2527351, -127.431608, -127.4515375, -127.6217669, -127.7677673, -127.9013174, -127.7133978, -127.6376209, -127.2114878, -127.2527351, 52.4265922, 52.3866443, 52.3350026, 52.2609413, 
52.244555, 52.0000014, 51.9646218, 52.1386397, 52.3224149, 52.4265922)), list(c(-129.2749753, -129.1669977, -128.9291872, -129.2749753, 52.8283801, 52.5752609, 52.6083315, 52.8283801)), list(c(-128.1458904, -128.2383275, -128.4508791, -128.435025, -128.290816, -128.1575794, -128.1458904, 52.8399995, 52.787886, 52.7549892, 52.5487201, 52.5241406, 52.7533257, 52.8399995)), list(c(-81.3511433, -81.895286, -82.0491239, -81.5683525, -80.7423753, -80.6712113, -80.8267958, -81.1158856, -81.3511433, 53.2155196, 
53.1492543, 53.0059732, 52.8682783, 52.6883266, 52.7763163, 52.9937331, 53.1909153, 53.2155196)), list(c(-129.0367169, -129.2002732, -129.0466593, -128.785023, -128.7392075, -128.4675392, -128.5842052, -128.5225357, -128.5365535, -128.6378133, -129.0367169, 53.3095176, 52.9510541, 52.7228124, 52.6562243, 52.5150039, 52.4800216, 52.7291683, 52.8991641, 53.0255375, 53.1581426, 53.3095176)), list(c(-130.4651027, -130.5492544, -129.9699552, -129.7975314, -129.9809276, -130.4651027, 53.6379145, 53.5524822, 
53.1846339, 53.2874705, 53.4466662, 53.6379145)), list(c(-130.2084375, -130.2091541, -129.6025357, -129.3359282, -129.3959855, -129.7093042, -129.8426751, -130.2084375, 53.912907, 53.7241662, 53.2191445, 53.3666214, 53.3990465, 53.6024605, 53.7224531, 53.912907)), list(c(-130.414316, -130.6092221, -130.4999457, -130.230875, -130.414316, 54.1024422, 54.0216526, 53.8387464, 53.9932745, 54.1024422)), list(c(-133.0268726, -133.1585417, -132.9958811, -132.9849983, -132.6916539, -132.5867216, -132.2039408, 
-132.2466661, -131.6026072, -131.6399582, -131.905043, -131.9988684, -131.8653183, -131.7151529, -131.7895862, -132.1441523, -132.2659238, -132.8067076, -133.0268726, 54.1827352, 53.915787, 53.7449967, 53.5579194, 53.3645607, 53.1895249, 52.9939814, 52.8072268, 52.3808098, 52.5462869, 52.8954151, 53.2437984, 53.8062469, 53.9668826, 54.0763979, 54.0058373, 54.0957884, 54.1287348, 54.1827352)), list(c(-79.250663, -79.3890947, -79.558294, -79.8589384, -79.4265353, -79.0900626, -79.0425453, -79.250663, 
56.6290159, 56.2312005, 56.2458985, 56.0021394, 55.9020587, 56.2552586, 56.4254778, 56.6290159)), list(c(-61.4783812, -61.6625835, -61.3608195, -61.4783812, 56.963744, 56.6949585, 56.6758411, 56.963744)), list(c(-68.1179966, -68.2341252, -68.4381227, -67.9558734, -67.8223234, -68.1179966, 60.5975868, 60.5862653, 60.2656643, 60.3332951, 60.4551747, 60.5975868)), list(c(-65.0100686, -65.4550116, -64.8525136, -64.6559056, -64.7283236, -65.0100686, 61.6920199, 61.6429106, 61.306668, 61.4924791, 61.6562431, 
61.6920199)), list(c(-79.4663048, -79.9085606, -80.1992179, -80.2509899, -79.6860668, -79.4455243, -79.2793705, -79.4663048, 62.3794762, 62.386279, 62.1616621, 61.8480873, 61.6113545, 61.890667, 62.255387, 62.3794762)), list(c(-64.5125476, -64.7916502, -64.9084058, -64.6016705, -64.5125476, 62.5541396, 62.5595521, 62.4170903, 62.3628912, 62.5541396)), list(c(-71.1471471, -70.9238918, -70.7272391, -70.1884259, -70.5172403, -71.1471471, 62.8922442, 62.7938766, 62.5571686, 62.5656349, 62.7801717, 62.8922442
)), list(c(-82.2457318, -82.728205, -83.0312678, -83.2826483, -83.5704393, -83.5824418, -83.9521901, -83.7360109, -83.3101465, -83.1344534, -82.4808104, -81.9566868, -81.8662651, -82.2457318, 62.9901153, 62.9417012, 62.8434825, 62.9301066, 62.8287844, 62.6868441, 62.4649334, 62.288979, 62.2565539, 62.1676208, 62.4451953, 62.711076, 62.9141175, 62.9901153)), list(c(-78.1758581, -78.4781596, -77.9999858, -77.4947617, -77.6703652, -78.1758581, 63.4848584, 63.3812521, 63.1120942, 63.2370027, 63.4267614, 
63.4848584)), list(c(-77.2742831, -77.430629, -77.0412199, -76.7082404, -76.5647479, -76.8150088, -77.2742831, 63.6837785, 63.627494, 63.4238317, 63.3627554, 63.4605024, 63.6155022, 63.6837785)), list(c(-85.4837166, -85.9992862, -86.141032, -86.128089, -86.3913376, -86.3047226, -86.1859965, -86.9100422, -87.2076412, -87.0978274, -86.5421301, -86.263744, -85.6980595, -85.5893654, -85.6602159, -85.5034222, -85.212944, -84.4618032, -84.4381565, -83.5824866, -83.6655187, -83.5281171, -83.1435448, -82.533478, 
-82.0744724, -81.0624566, -80.4679304, -80.538333, -81.3878674, -81.7298487, -81.7642439, -82.369653, -82.5231774, -83.2980097, -83.4864219, -84.0506284, -84.154441, -84.5401777, -84.8623639, -85.0759007, -85.0268159, -85.1690991, -85.4837166, 65.9170369, 65.703816, 65.3792425, 64.9251673, 64.5967703, 64.227184, 64.0837788, 63.9097609, 63.7165015, 63.5525141, 63.6648598, 63.6345947, 63.7165264, 63.6559466, 63.3422228, 63.108668, 63.1066569, 63.3721155, 63.4851067, 63.8228886, 63.9917671, 64.10163, 
64.0052486, 63.955593, 63.6833068, 63.4380332, 63.7155581, 63.9840208, 64.0590007, 64.2639788, 64.5032441, 64.7660461, 64.7325782, 65.0056093, 65.1560904, 65.1890121, 65.3281469, 65.4797701, 65.2065653, 65.4616955, 65.6235478, 65.7929973, 65.9170369)), list(c(-85.0369374, -85.0972633, -84.7018978, -85.0369374, 66.0305743, 65.7443101, 65.8320763, 66.0305743)), list(c(-84.4194362, -83.9717613, -83.6550389, -83.6736249, -84.4194362, 66.1443848, 65.7291155, 65.6417465, 65.9343419, 66.1443848)), list(
    c(-74.2702573, -74.7405936, -74.2624646, -73.4312923, -73.4071977, -74.2686898, -74.2702573, 68.1647202, 67.9274412, 67.7637268, 67.7582399, 67.9795298, 68.0705981, 68.1647202)), list(c(-86.4742354, -86.8951286, -86.8526721, -86.444274, -86.3418945, -86.4742354, 68.2498298, 68.1141212, 67.8014154, 67.7752469, 67.9496124, 68.2498298)), list(c(-75.8553023, -76.2409495, -76.7551755, -77.2797021, -77.2188836, -76.9890449, -76.6901023, -75.9483664, -75.5558223, -75.1630095, -75.0423129, -75.1465733, 
-75.0202337, -75.196733, -75.8553023, 68.3393339, 68.3292042, 68.2138295, 67.7317735, 67.4553658, 67.2456953, 67.2116812, 67.2453229, 67.3059771, 67.4564086, 67.597629, 67.9450192, 68.1668802, 68.2493581, 68.3393339)), list(c(-75.1832078, -75.2928424, -74.7676888, -75.1832078, 68.6917146, 68.4659308, 68.491131, 68.6917146)), list(c(-101.8863712, -102.3359719, -101.8171778, -101.6784774, -101.8863712, 68.8250894, 68.6997836, 68.5892752, 68.7485702, 68.8250894)), list(c(-100.4505511, -100.6084645, 
-100.1507576, -100.4505511, 69.0443931, 68.7857622, 68.8157789, 69.0443931)), list(c(-78.4629773, -78.6932639, -78.9648874, -79.2108936, -79.3825561, -78.8139606, -78.2102533, -78.4629773, 69.3951599, 69.3509168, 69.1081508, 69.0953397, 68.8768056, 68.9149411, 69.3002185, 69.3951599)), list(c(-77.1071888, -77.3690938, -77.1186538, -76.6773832, -77.1071888, 69.4502776, 69.2561492, 69.127442, 69.3266352, 69.4502776)), list(c(-95.7742383, -95.9654719, -95.5521027, -95.3211891, -95.7742383, 69.6367838, 
69.5079525, 69.3208255, 69.5143332, 69.6367838)), list(c(-79.6411022, -80.5324661, -80.3453975, -79.6346531, -79.6411022, 69.8157176, 69.7290687, 69.5788358, 69.6126512, 69.8157176)), list(c(-97.9639311, -98.2459896, -98.348369, -98.7998059, -99.406872, -99.4161874, -97.7072659, -97.4818162, -96.9325232, -96.5419497, -95.8373409, -95.7734321, -95.9209553, -96.2954508, -96.9942823, -97.423013, -97.9639311, 69.898121, 69.7630579, 69.5738206, 69.1718092, 69.1497125, 68.8998706, 68.648837, 68.5544914, 
68.5318237, 68.4516796, 68.609187, 68.7262996, 69.1612326, 69.3610465, 69.5496631, 69.7746028, 69.898121)), list(c(-71.8745516, -72.2507938, -72.1238272, -71.585417, -71.8745516, 71.0466042, 70.9238308, 70.8141417, 70.9107714, 71.0466042)), list(c(-123.0367714, -122.7633117, -121.7595812, -120.0372689, -118.7217872, -117.134906, -115.2625625, -113.6948046, -111.5757832, -110.2865905, -108.8355882, -107.4156669, -106.2295702, -104.6851455, -102.4566686, -101.2690492, -99.7570043, -98.7817126, -96.8024216, 
-95.1532438, -95.1534678, -94.8255938, -94.5877385, -93.8481523, -93.7934694, -93.4674764, -93.3487503, -92.984645, -92.2889037, -91.7154266, -91.4296061, -90.8857769, -90.7614527, -90.132576, -89.9938308, -89.3374559, -88.6792448, -88.368658, -84.8600798, -84.7627611, -84.5567483, -84.1110887, -84.1081777, -83.9554146, -83.5718724, -83.4337095, -83.5970866, -82.5185197, -82.1227063, -82.4552379, -82.5233565, -82.8281212, -83.0633789, -83.1496356, -83.0690667, -82.6796576, -82.39742, -81.2456737, 
-80.0799096, -78.935329, -79.0522189, -79.2006377, -78.6903528, -76.7966468, -76.438901, -76.1617689, -75.912762, -75.7668512, -75.2183195, -74.9724924, -74.150098, -73.065306, -72.3118811, -71.5009965, -71.3824496, -71.1328605, -70.8256774, -70.4167867, -70.2586942, -70.3135115, -70.208848, -70.0564433, -69.9970131, -69.2243305, -69.0353361, -69.0407551, -68.9047418, -68.5799133, -68.2235558, -67.7900331, -67.7811208, -67.8035135, -67.4999132, -67.3806049, -67.2089872, -66.956711, -66.7129441, -66.5413264, 
-65.9079712, -65.3438095, -64.7961287, -64.5706342, -64.4571032, -64.9155714, -64.3331372, -64.065007, -63.7050667, -64.1755374, -64.6063282, -64.8865953, -65.9522192, -65.8584386, -66.119627, -66.216677, -66.171802, -65.765061, -65.7271725, -65.3366886, -65.1675341, -64.9481304, -64.6669676, -64.5620354, -64.2993243, -64.2994586, -63.9422054, -63.9400557, -63.7283551, -63.5233275, -63.4104683, -63.0529464, -62.0275398, -61.0050442, -61.2663223, -61.4921303, -61.7429733, -61.9258769, -62.4813055, 
-62.7913549, -63.2614673, -63.4627777, -63.7008121, -64.089639, -64.5146973, -64.7142162, -64.7200383, -64.9054947, -64.8285982, -65.2776614, -64.9610286, -64.8086239, -64.8070116, -65.1050585, -65.5064253, -65.7008387, -65.7659119, -66.3754413, -66.0596146, -65.9605493, -65.4587736, -65.1721022, -64.7863207, -64.6738198, -64.3930153, -64.2017369, -64.5104427, -64.8555142, -65.5537634, -66.2354869, -66.7454583, -68.1853986, -68.5421592, -68.9530205, -69.5548468, -69.6492096, -70.0004615, -70.1059312, 
-70.5519938, -71.0038785, -70.9628551, -70.746676, -70.5040286, -70.2349131, -70.1276521, -69.9214601, -69.7497081, -69.4283728, -69.0346643, -68.642165, -68.5875716, -68.1954754, -68.1304469, -67.3996835, -67.2417254, -67.1701135, -66.9237938, -66.3688578, -66.1362872, -65.3479297, -64.9579832, -64.4212749, -64.1596386, -63.8129548, -63.4587918, -63.1612823, -62.4296232, -61.8779565, -61.7479893, -61.3246329, -60.7455128, -60.1562712, -59.9037711, -59.825531, -59.4363458, -59.3288608, -59.0579987, 
-58.978012, -58.6779946, -58.0263221, -57.7746729, -57.2596408, -56.9554135, -56.7621197, -55.9938261, -55.6921964, -55.643022, -55.9438904, -56.0454637, -55.8072053, -55.86883, -55.7454462, -56.0321624, -56.0254446, -56.5263246, -56.6997336, -57.1221944, -57.4204652, -58.1712477, -58.3663329, -58.454605, -59.0230213, -59.0279925, -59.4979705, -60.1413577, -60.0980054, -59.8579556, -59.5896015, -58.614668, -58.4429607, -58.1938195, -57.6380327, -57.3363134, -57.7271556, -57.9712809, -58.2238258, 
-58.4696528, -58.9095799, -59.1755156, -59.4387642, -59.7488584, -60.0837636, -60.407159, -60.3255153, -60.3713307, -60.9313274, -61.1221133, -61.4321626, -61.339636, -61.7429733, -61.8696265, -61.4180552, -61.9213088, -61.8779565, -62.1496696, -61.8854805, -62.3280051, -62.8171513, -63.0245525, -63.4471923, -63.378805, -63.8179259, -63.7221299, -63.9954553, -64.1738355, -64.4846463, -64.4179608, -64.7637937, -64.9479961, -65.1451414, -65.5379542, -65.4076287, -65.5435972, -65.6831485, -66.0001844, 
-66.1057436, -66.448128, -66.7335454, -67.4596511, -68.3446555, -68.350612, -68.6392987, -69.3949629, -69.5337528, -69.2295256, -69.6772005, -69.5196006, -69.7187613, -69.6071113, -69.7158951, -69.650374, -70.0744918, -70.108887, -70.7349422, -71.4452835, -71.7001124, -71.7898176, -71.5505292, -72.1590733, -72.1807942, -72.6046433, -72.6083157, -73.0597973, -73.204499, -73.67385, -74.5110236, -75.3667384, -75.7775549, -76.8116499, -77.5002255, -78.0888401, -78.1829342, -78.0272601, -77.6142939, -77.7864042, 
-77.7211071, -77.8285921, -78.2132539, -77.6449271, -77.8373252, -77.6382541, -77.7809404, -77.5130789, -77.6181902, -77.3202329, -77.5110636, -77.8922769, -77.7453808, -78.0898253, -78.3314426, -78.4747111, -78.449273, -77.9920588, -77.6077105, -77.1986853, -76.8740359, -76.6011137, -76.5357718, -76.5479534, -77.1185195, -77.7849711, -78.3159021, -78.993147, -79.6560605, -79.5154344, -79.4963558, -79.3688517, -79.1195762, -79.0283035, -79.1173817, -78.9419572, -78.9647978, -78.743961, -78.7290474, 
-78.50521, -78.537769, -78.8624184, -79.0372158, -78.7836856, -79.2543802, -79.7362712, -79.790775, -80.3701638, -80.6649414, -80.9954576, -81.3692814, -81.5961643, -81.9727648, -82.273454, -82.2370434, -82.1130326, -82.2078433, -82.1264683, -82.396793, -82.4270679, -82.2024691, -82.2742153, -82.980302, -83.3381374, -83.8903414, -84.7798244, -85.1094002, -85.6402416, -86.2665207, -86.8885452, -87.3080501, -87.6313111, -87.9669329, -88.3616267, -88.9478229, -89.9412527, -90.8044466, -91.9282468, -92.4894527, 
-92.4649551, -92.6863742, -92.7985616, -93.0544206, -93.1988535, -94.1688158, -94.5806624, -94.8367902, -94.6969253, -94.8072318, -94.8474043, -94.7086591, -94.6930738, -93.8469879, -93.9943319, -93.5622423, -93.6308088, -93.3278355, -93.1422896, -92.5424786, -92.7546271, -92.1574137, -92.3031007, -91.6355742, -90.7828153, -90.6289326, -90.8672806, -91.6408589, -91.5411666, -91.0451682, -90.2456591, -89.9612718, -89.8364101, -89.5193742, -88.7662629, -88.0285129, -87.8134534, -87.588138, -86.9653969, 
-87.0200351, -87.5533845, -88.3396819, -89.036498, -90.0357499, -89.4388053, -89.1068111, -88.5519647, -88.0432473, -87.4556628, -86.4287782, -86.4043254, -85.9892542, -85.9019675, -86.593275, -86.7876884, -86.3348632, -85.8337593, -85.4495901, -85.2207815, -83.8490493, -83.657323, -83.3181631, -82.5679628, -82.0395398, -81.983155, -81.4735418, -81.1992312, -81.3705802, -82.0292839, -82.3133578, -82.2464931, -82.4800938, -81.9123045, -81.2301332, -81.2984309, -81.6504442, -81.3158972, -82.0012931, 
-82.7527474, -82.5465554, -83.5419558, -84.4070307, -85.4951369, -85.4559496, -85.0643013, -85.0012882, -85.6086679, -85.7110921, -85.8740662, -86.5111386, -86.4731605, -86.8629279, -86.968935, -87.4054135, -87.6479713, -88.1372071, -88.3931109, -88.1834256, -87.7772668, -88.0664461, -89.2650827, -89.755886, -89.6779593, -89.940357, -89.8443819, -90.1556853, -90.5970454, -90.41244, -90.6496235, -90.8967494, -90.8195393, -90.4516272, -91.1207212, -91.2559731, -91.7911587, -92.4705533, -92.5428817, 
-91.5342696, -91.6831363, -92.0053673, -92.245014, -92.9482792, -92.8428544, -92.9512798, -93.6553512, -93.967595, -94.4684302, -94.4838812, -95.1780102, -95.2643564, -95.9214479, -95.8343403, -96.4456611, -96.3710038, -96.5830627, -96.3557768, -96.0238721, -96.4569918, -96.4406003, -96.030993, -95.698954, -94.2723149, -94.1490207, -94.5180972, -94.4890315, -93.5650638, -93.72759, -93.5872326, -94.1760263, -94.1606201, -94.664232, -95.424733, -95.6923258, -95.2876001, -95.3039915, -95.6506753, -96.2339604, 
-96.0753305, -96.4122959, -96.1209221, -96.1965646, -96.0169752, -96.9136685, -97.3227384, -98.1853053, -98.3699108, -98.020092, -97.64694, -97.1380434, -97.1357594, -97.5388728, -98.0688633, -98.4778436, -98.8995878, -99.4729305, -100.3694895, -100.925993, -102.2340403, -103.0799918, -103.5682871, -104.4784609, -104.5610452, -105.2780147, -105.7780438, -106.2794164, -107.2805046, -108.2574534, -108.7406879, -107.871224, -107.8339626, -107.126398, -106.9243262, -105.8871858, -105.6937576, -106.2030125, 
-106.710879, -107.3756288, -108.029854, -107.5740729, -107.707399, -107.1987712, -107.4946236, -108.0882989, -108.1391751, -107.8648197, -107.9729317, -108.505475, -108.7030234, -109.0233286, -109.6541758, -110.0274622, -110.4465192, -111.0176227, -111.2086772, -111.6164036, -111.9957359, -112.5047221, -113.855629, -114.7115229, -115.0086741, -115.280611, -114.4488565, -114.0025252, -113.9490066, -114.1737398, -114.9778169, -115.6035138, -116.0781495, -116.6573144, -116.9805307, -118.0186116, -118.5992096, 
-119.2458212, -119.9555803, -120.3975227, -120.9372764, -121.733964, -122.9559338, -123.1229385, -123.1906541, -123.693639, -124.4420031, -124.0512952, -124.4739351, -124.4663216, -124.6867105, -125.2199256, -125.1829776, -125.5011779, -126.27292, -126.7201919, -127.054918, -127.4903217, -128.0119373, -128.2178158, -127.9202168, -128.3410652, -128.3933746, -128.82842, -129.1425449, -130.3396587, -130.5297728, -130.9450678, -130.5892926, -129.5242509, -130.5207709, -130.9812097, -131.420241, -131.9727585, 
-132.4976435, -133.1160404, -133.5176759, -134.1525986, -135.138594, -135.9993695, -135.9388644, -135.4359691, -135.5966144, -136.1380699, -136.8034915, -137.2040073, -138.6011328, -139.1726842, -139.8964163, -140.3849355, -141.0019888, -141.0022128, -141.0023471, -141.0025263, -141.0025711, -141.0025711, -141.0027054, -141.0029293, -141.0032428, -140.5217102, -140.4595032, -139.9824043, -139.6942998, -139.0761716, -139.2001824, -138.7087074, -138.6275115, -137.6085987, -137.4528798, -136.8299149, 
-136.5856553, -136.1941412, -135.4803962, -135.0301238, -135.1022283, -134.9611095, -134.4845928, -134.2592326, -133.8416983, -133.3784828, -133.1734552, -132.5547449, -132.0462066, -132.1246706, -131.8739171, -131.8364318, -131.5820954, -131.0882916, -130.7828999, -130.4687751, -130.4269007, -130.1046697, -130.0140688, -130.1466784, -130.0314008, -130.0114265, -129.9117342, -130.0173382, -130.2222762, -130.3972528, -130.4655057, -130.0872482, -130.0704984, -129.7597325, -129.6488886, -129.3164914, 
-129.2455513, -128.794831, -128.8242998, -128.9796603, -128.8544403, -128.5960733, -128.5265216, -128.5055173, -128.4329649, -128.2496134, -128.1604905, -128.1254235, -128.1371573, -128.2488073, -127.9094683, -127.6308583, -127.4767069, -127.453732, -127.3569955, -127.2625431, -127.1810337, -127.6092717, -127.7021567, -127.8921811, -127.8921811, -127.6388301, -127.7955342, -127.7980422, -127.408857, -127.0196271, -126.8121811, -126.1937842, -126.191321, -126.0396328, -125.7062951, -125.2838343, -125.0371116, 
-124.7011762, -124.6362822, -124.8397423, -124.4055478, -124.1246985, -123.9663373, -123.5580288, -123.4934034, -123.2684015, -123.2154652, -123.0932458, -123.0367714, 49.0020476, 49.0019482, 48.9972558, 48.999391, 49.0000117, 48.9987206, 48.99954, 48.9974048, 48.9965854, 48.9991427, 48.9991427, 48.9992668, 48.9992668, 48.9989193, 48.9987455, 48.9994158, 48.9991427, 49.0000613, 49.0001855, 48.9988696, 49.3844698, 49.294345, 48.7175957, 48.6307978, 48.5163666, 48.5465075, 48.6265026, 48.6238957, 48.342895, 
48.1996139, 48.0487603, 48.2460666, 48.0984903, 48.1117235, 48.0281284, 47.9740535, 48.2439314, 48.3055788, 46.888906, 46.6342723, 46.4608006, 46.5041996, 46.2414224, 46.0567534, 46.1057635, 45.9981599, 45.821262, 45.33861, 43.5911567, 42.9267407, 42.6073313, 42.373404, 42.3177898, 42.040985, 41.8635657, 41.6765629, 41.6765629, 42.2075545, 42.3935394, 42.8282489, 43.2457031, 43.4504329, 43.6310798, 43.6310798, 44.0940185, 44.2806737, 44.3677696, 44.5152217, 44.8777321, 44.9834487, 44.9913191, 45.0159234, 
45.003733, 45.013391, 45.2353265, 45.2444631, 45.4002077, 45.7954659, 45.8911025, 46.022218, 46.3294617, 46.4165079, 46.6954728, 47.4597958, 47.414932, 47.2449611, 47.1804089, 47.2870442, 47.3446198, 47.0671446, 45.943365, 45.6775588, 45.4908043, 45.1520293, 45.169235, 45.1596763, 45.05679, 45.1342775, 45.1942614, 45.4484481, 45.6188163, 45.82948, 45.6836416, 45.4312921, 45.3720779, 45.407085, 45.3245575, 45.1870861, 45.2022559, 45.1304043, 44.6086486, 44.5544744, 44.3442576, 44.0896736, 43.7990645, 
43.6713753, 43.490058, 43.5813498, 43.7321785, 43.7628656, 43.9855956, 44.140223, 44.2920697, 44.5087168, 44.6559455, 44.5038258, 44.4463495, 44.5063334, 44.6442268, 44.6709663, 45.0138627, 45.276342, 45.4517502, 45.6934734, 45.6317516, 45.8405283, 45.6517628, 45.7651264, 45.7903018, 45.875461, 45.8557726, 46.1709115, 46.2409507, 46.5529862, 46.6872051, 46.7776279, 47.0478037, 47.1113132, 47.2993836, 47.6695905, 47.8039584, 47.8305242, 47.669814, 47.7140074, 47.8636196, 48.0225918, 48.1034559, 48.190949, 
48.0059324, 48.0401202, 48.2000856, 48.3459239, 48.4150941, 48.8546699, 49.0692812, 49.1884545, 49.2567309, 49.1959773, 49.088473, 48.6342737, 48.4467495, 48.2934132, 47.8746183, 47.7323055, 47.499421, 47.3334473, 46.9871991, 46.8312559, 47.0071358, 47.0849213, 47.4199969, 47.485716, 47.6488593, 47.7582257, 48.0784295, 48.2988753, 48.7709755, 48.8976219, 49.05719, 49.0992731, 49.2708827, 49.3159203, 49.4571655, 49.7680092, 50.0013407, 50.184669, 50.1834027, 50.3017568, 50.2634227, 50.3159582, 50.2551054, 
50.3001181, 50.2088264, 50.2875801, 50.2725593, 50.2209423, 50.0851096, 50.1875986, 50.233828, 50.215083, 50.2630254, 50.4130348, 50.5334247, 50.6963694, 50.7459505, 50.9475768, 51.1134264, 51.302614, 51.4209184, 51.496792, 51.4246425, 51.5571732, 51.901311, 52.0955387, 52.4475965, 52.6230048, 52.7947385, 52.8355057, 53.0929945, 53.2488137, 53.4288647, 53.5763665, 53.6234151, 53.7575844, 53.7455678, 54.1888677, 54.2367605, 54.2042857, 54.0309134, 53.8259105, 53.7101137, 53.5675775, 53.4642443, 53.745096, 
53.8467906, 53.8175931, 54.0376169, 54.2376046, 54.3571752, 54.3742567, 54.5784403, 54.6438615, 54.9284126, 54.8021386, 54.7709549, 54.8534328, 55.2263708, 55.1438681, 55.1946905, 55.1738352, 55.2713339, 55.5588147, 55.7859392, 55.860919, 55.9688702, 55.9621915, 56.2234046, 56.245104, 56.4950949, 57.1492323, 57.2184273, 57.3584311, 57.5226172, 57.8638253, 58.0175589, 58.4972067, 58.8951214, 59.0997023, 59.2738691, 59.3809265, 59.4980143, 59.7213401, 60.0313397, 60.1209432, 60.2709526, 60.3613008, 
60.2701084, 59.9633861, 59.7445541, 59.5130599, 59.380703, 59.0603999, 58.9046056, 58.7711067, 58.8288064, 58.5094964, 58.2891747, 58.5971136, 58.7810875, 58.9064677, 58.8668178, 59.155242, 59.2270439, 59.4769852, 59.6160952, 59.9654965, 60.1906844, 60.453114, 60.8728275, 60.8519473, 61.0675766, 61.0833174, 61.1686008, 61.3089274, 61.5303663, 61.6124966, 61.7438603, 61.8545177, 61.9357294, 62.1102438, 62.1825423, 62.3176799, 62.4782907, 62.2406393, 62.3153957, 62.3008963, 62.5214166, 62.5786943, 
62.3580498, 62.1465172, 61.7259595, 61.5515196, 61.4084123, 61.2185046, 61.0531516, 60.8191995, 60.750079, 60.6557334, 60.5395146, 60.3874197, 60.2326681, 60.0564158, 59.8025269, 59.6346912, 59.5042709, 59.369034, 59.2211101, 58.9249148, 58.8968097, 58.6228104, 58.3473214, 58.2293895, 58.0226238, 57.6866543, 57.2241129, 56.8056159, 56.3022824, 55.6660955, 55.2706139, 55.0412549, 54.8315843, 54.6790921, 54.5727796, 54.373065, 54.1837283, 54.138368, 53.6619478, 53.503199, 53.3855154, 53.0859434, 52.7700845, 
52.5622512, 52.4447662, 52.1929132, 51.8172441, 51.7614561, 51.4735036, 51.5364172, 51.3689538, 51.1585881, 51.3337232, 51.7914729, 52.0136318, 52.1048987, 52.4607304, 52.7801646, 52.9550266, 53.1907663, 53.2727228, 53.5308572, 53.8144152, 54.1607378, 54.3167556, 54.7930019, 55.0457984, 55.2218024, 55.1969747, 55.2935547, 55.231088, 55.2911961, 55.5623154, 55.7060185, 55.9038959, 55.9523846, 56.0943001, 56.4541787, 56.5666982, 56.8372465, 57.001507, 57.3220584, 57.0916318, 57.0333114, 57.4608705, 
57.7309967, 58.0386873, 58.3775616, 58.7556886, 58.7721246, 58.8455404, 59.0641241, 59.3441069, 59.5439705, 59.9665144, 60.0926147, 60.4509291, 61.3729582, 61.4549395, 61.6535369, 61.8712268, 61.9199141, 62.1520041, 62.3078977, 62.4523209, 62.6609239, 62.8476784, 62.7867014, 62.9126278, 63.0724691, 63.4168055, 63.5886633, 63.7242478, 63.6043545, 63.6042552, 63.8017601, 64.0219825, 64.048871, 63.9807187, 64.2026045, 64.4995199, 64.5538927, 65.0513917, 65.2391642, 65.2905825, 65.2812224, 65.3221386, 
65.8931526, 65.8808628, 65.7349748, 65.5883916, 65.351634, 65.318191, 65.7359431, 65.9008244, 66.0201963, 66.1968211, 66.3068081, 66.4446023, 66.5466693, 66.4971379, 66.583613, 66.2626644, 66.3281104, 66.5191601, 66.3557437, 66.5672267, 66.8237472, 66.9466199, 67.00211, 67.4619204, 67.5886165, 67.8735897, 68.150047, 68.2708341, 68.4621073, 68.4353429, 68.6483404, 68.8486509, 68.9783016, 69.1930866, 69.2729328, 69.5031359, 69.6801828, 69.6830131, 69.8606807, 69.7472674, 69.2589547, 69.1627223, 68.803812, 
68.7406749, 68.6444176, 68.0409537, 67.6747441, 67.4763205, 67.4081931, 67.2314938, 67.1792313, 67.4540003, 67.6910559, 67.9846195, 68.2464284, 68.3899578, 68.836386, 69.262232, 68.962809, 68.804532, 68.6228423, 68.5364168, 68.3193476, 68.4576383, 68.8468385, 69.0859796, 69.1634175, 69.3384781, 69.4505507, 69.5159222, 69.6545108, 69.4958862, 69.6987788, 69.8055382, 70.1453063, 70.335785, 70.4075869, 70.6223472, 70.8276232, 71.1640892, 71.3485596, 71.5916483, 71.7513406, 71.8225963, 71.9904569, 71.9560456, 
71.7373874, 71.569353, 71.3845102, 71.2851743, 71.0604581, 70.8565724, 70.6774897, 70.5968242, 70.3929882, 70.0715926, 69.8156679, 69.7914112, 69.4372678, 69.1057425, 68.895774, 68.7337976, 68.855851, 68.6175788, 68.5486073, 68.3823108, 68.2771404, 68.1044632, 68.0536904, 67.7317486, 67.5147539, 67.1664698, 67.2505367, 67.2761838, 67.4335174, 67.5593694, 67.6967415, 67.8074733, 68.2443677, 68.2546712, 68.5024276, 68.3118993, 68.0117066, 67.949091, 68.0025452, 67.8570048, 67.6845014, 67.6004097, 67.7536716, 
67.8015395, 67.7191361, 67.8084416, 67.851344, 67.7564523, 67.7212217, 67.8975733, 68.0532187, 68.0247909, 68.246205, 68.3532375, 68.8871091, 68.9090072, 68.7049974, 68.6319541, 68.2355538, 68.1693382, 68.3382912, 68.2807156, 68.3850667, 68.6420093, 68.4414754, 68.4023965, 68.1302592, 68.044231, 67.7441377, 67.4958103, 67.4060082, 66.9717704, 66.8287128, 66.8629503, 67.0719753, 67.1454159, 67.2861646, 67.4242815, 67.6120788, 67.7259886, 67.8018871, 68.008479, 67.9424123, 67.7701572, 67.8407177, 67.72867, 
67.7546647, 67.6775744, 67.6953263, 67.8214266, 67.7959036, 67.9755822, 68.2610768, 68.2385083, 68.3774197, 68.5633053, 68.8709959, 68.9839623, 68.8938375, 68.8719394, 68.946671, 69.0222716, 69.2067171, 69.304042, 69.3443871, 69.4414885, 69.6625054, 69.8045699, 69.8304405, 69.7695628, 69.5052214, 69.3401416, 69.4790778, 69.6845524, 69.7093306, 69.9812444, 70.0729085, 69.6814738, 69.4463796, 69.3183924, 69.5149539, 69.7545668, 70.1564788, 70.4069414, 70.5656405, 70.3757329, 70.1853038, 70.1254937, 
69.9398813, 69.7461998, 69.8458833, 69.68562, 69.5233954, 69.5401789, 69.7435929, 69.9950486, 70.103546, 70.0735292, 69.95232, 69.7092064, 69.7346052, 69.3966992, 69.3967241, 69.5319361, 69.4723246, 69.206295, 69.0777616, 69.0056618, 68.7626475, 68.8822677, 68.8656828, 68.9287453, 69.2426925, 69.4974007, 69.6105657, 69.5890648, 69.6463177, 68.098728, 67.0787285, 65.6589025, 64.798347, 63.5171345, 62.3997108, 61.5958371, 60.3051653, 60.2186156, 60.3068784, 60.1807533, 60.3339903, 60.3512953, 60.0870781, 
59.9051153, 59.767346, 59.242611, 58.9071629, 59.1587924, 59.1646766, 59.6388126, 59.7968414, 59.5624672, 59.4263365, 59.2797285, 59.1303894, 58.8598412, 58.7282291, 58.4293524, 58.1524482, 57.495257, 57.0438135, 56.8724274, 56.8047717, 56.598006, 56.6109909, 56.4047714, 56.3655932, 56.2418019, 56.140306, 56.1215362, 55.911816, 55.761459, 55.4584608, 55.3369537, 55.2912209, 55.2468785, 54.7221683, 54.5713644, 54.3354757, 54.1128947, 53.8863413, 53.6925853, 53.5637788, 53.3700973, 53.6154454, 53.871246, 
53.5664602, 53.4914803, 53.2678566, 53.147715, 53.031372, 52.8888606, 52.8134338, 52.7967495, 52.8571803, 52.8322284, 52.711342, 52.5213598, 52.2667262, 52.2819208, 52.3492289, 52.4059852, 52.4161894, 52.4723995, 52.3130796, 52.1206644, 51.9463734, 51.8955509, 51.6921618, 51.4297074, 51.3563413, 51.1976174, 50.9238663, 50.8176034, 50.9521948, 50.7821742, 50.5792816, 50.4709332, 50.4200859, 50.4838685, 50.3230342, 50.3403888, 50.1606109, 50.0471727, 49.7667182, 49.7834521, 49.5068211, 49.3883926, 
49.5171991, 49.5855003, 49.2325734, 49.0020227, 49.0020476)), list(c(-114.4800719, -117.3182126, -117.5983453, -118.4976363, -118.0968517, -118.5091013, -119.1081061, -119.0095334, -118.003071, -118.2340294, -117.3907202, -116.2731004, -116.2698759, -117.8040895, -118.3582193, -118.2072029, -117.3950644, -116.2699206, -115.0248864, -114.1217887, -113.4414536, -112.5210687, -112.0817687, -112.13681, -112.556494, -113.2847942, -114.5201101, -116.1108429, -117.3646551, -117.2622309, -116.5688184, -116.6171419, 
-115.9359559, -115.0913479, -114.1948337, -113.650064, -113.549476, -113.6666346, -113.351211, -112.3335075, -111.3450936, -110.8031902, -109.6178996, -108.9634057, -108.4975927, -107.555263, -107.2701591, -106.562908, -106.2440359, -104.9249266, -104.716137, -104.3409249, -103.4930476, -102.8985214, -101.8491545, -102.0639901, -102.9721486, -103.0445218, -102.4975576, -102.4826441, -102.0213992, -101.6333337, -100.9145727, -100.888642, -101.2062601, -101.5602887, -102.3019798, -102.8274021, -102.9913615, 
-103.5432521, -103.9934797, -104.0505363, -104.6123693, -104.4062668, -104.2985131, -104.7801802, -105.3127682, -105.2782387, -105.8827521, -107.0000583, -107.9999821, -108.2631411, -107.7507065, -107.2470051, -107.6159025, -108.2712921, -108.184901, -108.6480717, -108.5838046, -109.0083255, -109.701514, -110.3985092, -110.482034, -110.1400079, -109.8709372, -110.6835236, -111.2885744, -111.1971226, -112.4979595, -113.2379935, -113.6012479, -113.9740864, -113.9231654, -114.4800719, 73.3764674, 72.9253964, 
72.785914, 72.5042429, 72.3278663, 72.1919591, 71.8577773, 71.6285176, 71.6753428, 71.3945406, 71.3853295, 71.509667, 71.3636797, 71.1672175, 71.0325765, 70.8540896, 70.578551, 70.6391059, 70.6003746, 70.6756772, 70.677589, 70.5239299, 70.4893944, 70.2917902, 70.2026336, 70.2827777, 70.3217325, 70.2174062, 70.0392669, 69.7897229, 69.5485459, 69.4583466, 69.2968171, 69.2498181, 69.2798349, 69.2121047, 69.0492593, 68.8269266, 68.6049911, 68.4994483, 68.5974435, 68.5661605, 68.648117, 68.7372735, 68.9040417, 
68.9756698, 69.0414882, 69.4958117, 69.2869356, 69.0314827, 68.8627283, 68.9151894, 68.8079085, 68.7961898, 69.0550194, 69.4888103, 69.4051158, 69.5323085, 69.5572108, 69.7834166, 69.8614503, 69.6949553, 69.6816724, 70.0179646, 70.1470939, 70.1492787, 70.4115097, 70.5361948, 70.6794262, 70.6070036, 70.7880974, 70.9190391, 71.1260034, 71.26993, 71.5890662, 71.857231, 72.6081968, 72.8224108, 73.0558415, 73.3052862, 73.352161, 73.1248628, 72.1413104, 71.8986438, 71.7187417, 71.7922319, 71.9338247, 72.3446748, 
72.5502239, 72.6495102, 72.9401193, 73.0124426, 72.8408827, 72.7682862, 72.5428252, 72.5749524, 72.4266312, 72.7170914, 72.956878, 72.9868203, 72.7739966, 72.8117845, 73.1231, 73.3764674)), list(c(-82.8160739, -84.9732078, -85.4344974, -85.6934914, -85.511394, -84.7874827, -84.9593691, -85.4418422, -85.551253, -85.2621632, -84.5430439, -85.0755872, -85.7484879, -86.5029876, -87.275715, -88.0635798, -88.6449392, -89.1453265, -89.4200402, -88.7925519, -88.1050063, -87.7629354, -87.4799364, -86.5582528, 
-85.7179443, -85.3192646, -84.6542909, -83.5632288, -83.234907, -82.1353806, -81.2926536, -80.5758184, -79.9054257, -79.6795281, -78.8555662, -78.6545693, -78.989385, -78.7557843, -78.378736, -77.9807281, -77.6430909, -77.6955794, -77.5019273, -76.9275097, -76.7152717, -75.5882022, -75.5893666, -75.9777904, -76.5997253, -76.4071481, -75.3579604, -74.686672, -74.8729345, -74.3805189, -74.0000221, -73.6580408, -73.0105334, -72.8422746, -72.5686806, -72.244076, -72.3297952, -72.8175979, -73.0585434, 
-74.457102, -74.0000221, -73.7389232, -73.5152649, -74.1896883, -74.5405372, -74.7488341, -75.2848258, -75.9510983, -76.0933816, -76.8225775, -77.3466563, -77.5106157, -77.3065286, -78.1163831, -78.1863379, -77.7842097, -76.8046186, -76.2413525, -75.8583925, -75.5417149, -75.2197974, -74.6795511, -74.4240951, -74.0163688, -72.9033171, -72.5625898, -72.0154017, -71.8393055, -71.2829364, -71.7778151, -71.6327552, -71.2373896, -70.9895472, -70.8373216, -70.4464346, -70.145208, -69.6103359, -69.5597284, 
-69.2218673, -68.6050379, -67.3131133, -66.7125858, -66.6042051, -66.097727, -66.0510158, -66.5982039, -67.0168131, -67.5251274, -68.1654243, -68.7419021, -68.8953817, -68.457873, -67.8264884, -67.5132593, -66.6883121, -65.8746509, -65.5910249, -65.3112057, -65.2077514, -64.8975229, -64.749955, -65.0807848, -64.8616946, -64.7625397, -64.4792272, -64.5058745, -64.919199, -64.6884646, -65.0188914, -65.3881918, -65.146888, -65.2125434, -65.673654, -65.5340131, -65.6837307, -66.3910714, -66.8103971, 
-67.0823789, -67.0598966, -67.2675665, -67.8481645, -68.1679323, -67.4408861, -67.2827936, -67.6672763, -67.1156992, -66.8271021, -66.3096515, -65.951637, -65.3202971, -65.5015437, -65.1495752, -64.6692069, -64.3908208, -63.6101217, -63.3717289, -63.364205, -63.259228, -62.6392636, -62.5951052, -62.3084339, -62.4117538, -61.952569, -62.4883816, -62.2432711, -61.9232794, -61.5082978, -61.5316758, -61.2750106, -61.3957969, -62.0267337, -62.2641859, -63.1468166, -63.4534175, -63.8717132, -64.0825629, 
-64.5117414, -64.9683734, -65.6789834, -65.7820794, -66.313727, -67.3132029, -67.5139311, -68.1208629, -68.3790507, -67.651691, -66.6939551, -67.2214376, -68.0224245, -68.3301899, -68.0410553, -67.2055388, -67.2303051, -67.5850055, -68.1233261, -68.6422993, -68.8845436, -68.4550068, -68.4017121, -69.8931557, -71.0084467, -70.5407079, -70.7780705, -71.2850413, -72.1706279, -72.3302431, -72.0886706, -71.4655713, -71.1556115, -71.5735937, -72.5398836, -72.7549879, -73.3198214, -73.7952185, -74.2707499, 
-74.117539, -74.245894, -75.007649, -74.9275727, -75.1915378, -75.8047396, -76.6452273, -76.9370938, -77.6056503, -78.5449794, -78.8812282, -79.2979564, -80.077312, -80.3260054, -80.8667444, -80.5003102, -80.5458122, -80.243242, -80.5328692, -80.6451462, -81.1303961, -81.2032619, -81.5480648, -82.8160739, 73.7369419, 73.3542217, 73.1297042, 72.7586779, 72.4565735, 72.3587521, 72.2477471, 72.2441223, 71.89631, 71.6720655, 71.5470825, 71.1906549, 71.1464367, 70.9805623, 71.0062591, 70.935773, 71.0483173, 
71.0261958, 70.909679, 70.498109, 70.3848695, 70.2453126, 70.3259532, 70.2392049, 70.0005852, 70.109604, 70.0056997, 69.9630704, 70.0145632, 69.8126886, 70.0387703, 70.0550325, 69.9885189, 69.8606062, 69.8957872, 69.9736471, 70.3378953, 70.4452506, 70.2066557, 70.2493595, 70.1699851, 69.9970845, 69.8380874, 69.8098086, 69.562226, 69.2356911, 69.082181, 69.0080452, 69.0345365, 68.6790027, 68.9529772, 68.9368143, 68.8180383, 68.5509162, 68.5026014, 68.2959846, 68.2411649, 67.8461798, 67.7420025, 67.2485505, 
67.1082239, 67.0131087, 66.7221272, 66.1141446, 65.8310831, 65.7698082, 65.4944433, 65.5207608, 65.3224117, 65.4188179, 65.2522484, 65.3208227, 65.2659037, 65.4277559, 65.4725452, 65.3100475, 65.1977763, 64.9754187, 64.6231374, 64.3451408, 64.2320999, 64.359094, 64.3731714, 64.5637245, 64.4500382, 64.3777397, 64.6105745, 64.546072, 64.170105, 63.8561329, 63.6760819, 63.718165, 63.5217276, 63.3660575, 63.1348364, 63.0238811, 63.0602538, 62.9029202, 62.8614826, 62.7424086, 62.7846655, 62.6498755, 62.4469829, 
62.2602781, 62.1203239, 62.0126955, 61.9353321, 61.8678751, 62.2249481, 62.6094807, 62.7713578, 63.0412109, 63.2241668, 63.5510492, 63.7109153, 63.7228078, 63.4679507, 63.4751756, 63.0430233, 62.9758642, 62.8213361, 62.8397831, 62.5663549, 62.6316767, 63.0737104, 63.5689749, 63.5520175, 63.3207965, 63.3199771, 63.6783164, 63.7850014, 64.0320626, 64.06342, 64.2409635, 64.3375932, 64.5413547, 64.495175, 64.7149505, 64.846637, 64.9194321, 65.0550414, 65.2212633, 65.4650224, 65.6452969, 65.6436086, 65.8539992, 
65.8944685, 66.1088811, 66.2297676, 66.3145544, 66.4599459, 66.2552905, 65.9714842, 65.923219, 65.7406852, 65.5358312, 65.1274392, 65.1766478, 64.8837049, 65.0445144, 65.4599576, 65.6383451, 65.6050014, 65.7604233, 65.7870883, 65.960411, 66.0033382, 66.2162861, 66.4029413, 66.2729182, 66.3487423, 66.5170497, 66.6095829, 66.7367011, 67.0529076, 66.9491523, 66.9479109, 67.2271241, 67.2361862, 67.6041339, 67.8054126, 67.9246108, 67.99753, 67.8610517, 68.1234316, 68.4034641, 68.5424251, 68.5500224, 68.7342942, 
69.17459, 69.2822432, 69.4663411, 69.4703881, 69.629112, 69.7726662, 69.717921, 69.9464606, 70.1722196, 70.3228994, 70.1577202, 70.2990151, 70.3874019, 70.5930752, 70.883014, 70.6331473, 70.9082142, 71.1216337, 70.9056073, 70.7823374, 70.8850995, 71.0840445, 71.0680306, 71.2465174, 71.5022932, 71.6598254, 71.4379644, 71.3493541, 71.6593288, 71.7310811, 71.961036, 72.0767334, 72.1262152, 72.258001, 72.4992525, 72.5890794, 72.6406715, 72.7481758, 72.7580324, 72.5132802, 72.2341167, 72.4014807, 72.3806502, 
72.0752934, 72.1993826, 72.3843992, 72.6251293, 72.7424654, 72.8508138, 73.1699996, 73.2431919, 73.5297293, 73.7240314, 73.7369419)), list(c(-80.5255692, -80.8076277, -80.8807174, -80.1251876, -79.9955339, -79.1419241, -78.4157287, -77.6781579, -76.376067, -76.0721981, -76.5656436, -77.0503561, -77.2085381, -78.1318788, -79.4936239, -80.5255692, 73.7691187, 73.7357005, 73.3416092, 73.217371, 72.8656111, 72.7523468, 72.882494, 72.9013135, 72.8162039, 72.8622594, 73.2236525, 73.3700122, 73.5136409, 
73.6696834, 73.6371591, 73.7691187)), list(c(-105.4075341, -106.6456714, -107.0106725, -106.3446687, -105.7303473, -105.3107976, -104.5240524, -104.4447823, -105.1124431, -105.4075341, 73.7721477, 73.6885029, 73.4891855, 73.3657418, 73.0440235, 72.8899423, 73.335725, 73.5481763, 73.7562331, 73.7721477)), list(c(-86.1095926, -87.444556, -88.2554853, -89.1398179, -89.3123761, -89.7407037, -89.9494037, -89.7674854, -90.1175281, -89.8119573, -89.9993842, -89.6603139, -88.2009815, -87.2894193, -86.2323942, 
-85.7003436, -85.3651696, -84.928288, -85.4004605, -86.122043, -86.399802, -86.4101923, -86.2502636, -86.7484564, -86.1468989, -85.867214, -84.8528246, -85.0834246, -86.1095926, 73.8553952, 73.7631849, 73.5782179, 73.1880494, 72.8765105, 72.6149499, 72.2540534, 72.1280028, 71.9300509, 71.7617434, 71.4567094, 71.3060048, 71.2305532, 71.0245571, 71.0599864, 71.2083323, 71.1981281, 71.3529789, 71.4951676, 71.7945657, 72.0121067, 72.2994634, 72.3844488, 72.7262528, 73.239716, 73.391811, 73.7373391, 73.8081231, 
73.8553952)), list(c(-99.8752826, -100.8847008, -101.5473457, -100.9832735, -100.4385486, -100.0196707, -100.2955936, -100.9128709, -101.2982045, -101.7624948, -102.5156062, -102.7374283, -102.5968469, -101.94401, -101.807325, -100.6340817, -100.0604255, -99.8347966, -99.3547418, -99.2138917, -98.5479775, -98.0876732, -97.4852647, -96.9699638, -96.5213932, -96.4716814, -96.6508678, -96.2721624, -96.4645605, -97.1777233, -97.2882537, -98.2124005, -97.8397859, -97.1427011, -97.5253476, -96.9560355, 
-97.1945626, -97.8071374, -98.1491635, -99.2121003, -99.8752826, 73.948698, 73.8321812, 73.4493618, 73.2820722, 73.262359, 72.9418324, 72.8091279, 72.6925367, 72.7186059, 73.0094384, 73.0205613, 72.8127528, 72.6546992, 72.4958759, 72.3157752, 72.191686, 71.8727732, 71.8481689, 71.5802027, 71.3518617, 71.2929205, 71.4848889, 71.6137451, 71.788185, 71.836053, 72.1542954, 72.3096179, 72.4139194, 72.6622965, 72.6671131, 72.9712037, 73.08057, 73.2771067, 73.3974469, 73.5195995, 73.6362653, 73.857878, 
73.9099915, 73.8137094, 73.7385557, 73.948698)), list(c(-97.7277329, -98.7751739, -99.4351316, -98.6284121, -98.0763424, -97.7277329, 74.1250248, 74.0338573, 73.9094949, 73.8391578, 73.897081, 74.1250248)), list(c(-93.4750899, -94.441335, -95.3075296, -95.2790013, -95.6586471, -95.6035163, -95.6703361, -95.1221628, -95.1292389, -94.4379313, -93.5986081, -93.4797924, -93.8484658, -93.4752243, -92.301981, -91.8107747, -91.0016368, -90.1649558, -90.685407, -92.3031902, -93.4750899, 74.1778583, 74.1204814, 
73.9840279, 73.773538, 73.7267625, 73.5472329, 72.8050562, 72.4389706, 71.9728788, 72.0265565, 72.3596459, 72.5247754, 72.7103382, 72.8120824, 72.7066885, 72.8651891, 73.4299713, 73.89219, 73.9773741, 74.0394187, 74.1778583)), list(c(-121.3573187, -124.7340935, -124.1922797, -123.81447, -124.5433972, -124.8684497, -124.4559313, -125.0378729, -125.0189287, -125.3084215, -125.6757962, -125.7600376, -125.3543266, -123.9671434, -123.6305363, -123.4326744, -123.1412558, -121.9999893, -121.7778985, -121.2652847, 
-120.6318847, -120.3650533, -120.4363965, -119.8214033, -119.2923085, -119.1553547, -116.4721715, -115.7941205, -115.343445, -116.6698095, -117.4175914, -118.1404727, -118.7788438, -119.5145785, -120.4088982, -121.3573187, 74.5407908, 74.3505107, 73.8830037, 73.8219025, 73.2481575, 73.0973784, 72.9371399, 72.8684415, 72.5689937, 72.4897683, 72.2405967, 71.9552014, 71.9827106, 71.6656351, 71.4973028, 71.2221862, 71.0796251, 71.3255939, 71.4419369, 71.3860992, 71.492089, 71.6965457, 71.9477531, 72.2258987, 
72.3653563, 72.62431, 73.2560031, 73.3415844, 73.5517267, 74.0182406, 74.229078, 74.2818371, 74.2095634, 74.2095138, 74.3272222, 74.5407908)), list(c(-104.2038816, -104.7455611, -104.8155159, -104.1967607, -103.6060412, -103.8004994, -104.2038816, 75.4444473, 75.2865178, 75.1148834, 75.0262979, 75.1867846, 75.3642784, 75.4444473)), list(c(-94.8561375, -95.6160114, -96.6170996, -96.3330706, -95.0517601, -94.6442577, -93.4928249, -93.3908038, -93.5031256, -94.2550278, -94.8561375, 75.6371605, 75.556644, 
75.0199668, 74.9091853, 74.7517027, 74.632728, 74.6728249, 74.9141757, 75.2787467, 75.5744704, 75.6371605)), list(c(-96.301676, -97.0146596, -96.117608, -96.301676, 75.6546144, 75.5023457, 75.461504, 75.6546144)), list(c(-102.0664533, -103.0694225, -102.5618695, -102.0664533, 75.9680651, 75.899888, 75.7784305, 75.9680651)), list(c(-102.4336937, -103.5314735, -103.3650957, -102.345959, -102.4336937, 76.0964247, 75.9798583, 75.9068149, 76.0120599, 76.0964247)), list(c(-117.5090432, -117.7870262, -119.4077205, 
-118.6738668, -117.9255027, -117.5090432, 76.0415801, 76.1169324, 75.6146169, 75.5115071, 75.735975, 76.0415801)), list(c(-102.8721876, -104.2955125, -103.9271078, -102.8245807, -102.518562, -102.8721876, 76.3207188, 76.223667, 76.0373346, 76.092055, 76.2262491, 76.3207188)), list(c(-104.1021739, -104.6684406, -104.3434777, -103.367962, -102.9896149, -104.1021739, 76.6767491, 76.5584944, 76.3264788, 76.3338278, 76.446248, 76.6767491)), list(c(-98.6410416, -98.9999966, -100.2136811, -100.9672851, 
-100.3462907, -100.5541846, -101.2958309, -102.0958773, -101.6579657, -102.3451529, -102.663398, -102.5366105, -99.8584881, -100.0502144, -100.5937301, -100.3749534, -100.1111225, -97.9731569, -97.5676698, -98.089375, -97.3753613, -97.6524038, -97.4719634, -97.6512394, -98.6410416, 76.6872512, 76.6090934, 76.6449447, 76.4776303, 76.2868785, 76.0797901, 76.4185154, 76.3467383, 75.9753148, 75.833002, 75.678896, 75.5160258, 75.6759415, 75.5074354, 75.4367755, 75.0304193, 74.988808, 75.0238151, 75.1403567, 
75.3036242, 75.691434, 75.9828872, 76.1784805, 76.4133264, 76.6872512)), list(c(-108.655103, -109.3169417, -109.6749115, -110.3882086, -110.3062513, -109.7608546, -109.2750674, -110.0245959, -109.0865208, -108.7919672, -109.2489575, -111.3294635, -111.3902373, -112.5495523, -112.9738492, -113.722482, -114.1251028, -114.1693508, -115.4868926, -115.8604029, -116.6010191, -116.7772945, -117.5618452, -117.4229209, -115.6757079, -115.0353214, -114.4585749, -113.8975929, -111.0156521, -111.6936136, -112.9407976, 
-113.3154275, -114.4265534, -113.6934611, -112.9742075, -111.7012719, -110.5589753, -110.3670699, -109.5459295, -108.5884623, -108.4070814, -107.6520443, -107.1832307, -106.2258083, -105.6169059, -105.7059841, -105.3556726, -105.4249109, -105.9006662, -106.5448147, -107.0203013, -107.7433169, -107.7879232, -108.4256674, -108.125426, -108.5660248, -108.3928397, -108.655103, 76.8325682, 76.7937376, 76.5274845, 76.4268575, 76.3014524, 76.2357581, 76.0414311, 75.8897334, 75.7554648, 75.6153617, 75.52191, 
75.5578109, 75.7673822, 76.1994599, 76.2735708, 76.2025386, 76.309447, 76.4731117, 76.4474149, 76.2583018, 76.1249518, 75.8050211, 75.3461045, 75.1884729, 74.9714285, 74.9641043, 75.0595175, 75.0520195, 75.1794108, 74.9934259, 74.9718754, 74.8631546, 74.6958154, 74.4532977, 74.4020532, 74.4965477, 74.7130707, 74.8430938, 74.8606718, 75.0533354, 74.9214999, 74.9750037, 74.9134557, 75.0220772, 75.3671336, 75.4895097, 75.6791691, 75.8539318, 76.0133013, 76.0695362, 75.8980756, 75.9143626, 76.0605734, 
76.053274, 76.2774688, 76.4143195, 76.7108624, 76.8325682)), list(c(-89.9468957, -90.5967319, -90.2157425, -89.7076521, -89.9468957, 76.8282978, 76.7273233, 76.5254238, 76.7400351, 76.8282978)), list(c(-114.0154233, -114.8086624, -113.597262, -114.0154233, 76.8955563, 76.7583828, 76.7146114, 76.8955563)), list(c(-95.6538103, -96.8012124, -96.479071, -95.9682486, -94.7673728, -93.8326566, -93.107984, -92.5660806, -92.1157633, -92.0102489, -92.4422041, -92.4972902, -92.0387772, -92.0352391, -91.5950882, 
-90.6377106, -89.9850977, -89.1611358, -88.4134882, -88.5397383, -87.7375421, -84.2563726, -83.6016995, -83.3117588, -82.8036684, -81.7578844, -81.0886113, -80.2696654, -80.1469086, -79.3929015, -79.6001236, -79.4928625, -81.1044653, -82.2696472, -83.3502295, -83.9433226, -84.6692044, -85.0740197, -86.1191767, -86.3768271, -87.4934616, -88.2339883, -90.2251474, -89.6265457, -89.8064039, -90.4963231, -90.5770711, -91.4695099, -92.6435145, -93.7232011, -95.6538103, 77.0648072, 76.9836452, 76.6576317, 
76.4267582, 76.2890137, 76.2597418, 76.3653343, 75.9715658, 75.8534104, 75.660002, 75.4154981, 75.2217422, 74.9581208, 74.7730298, 74.6521185, 74.6213072, 74.5299162, 74.6021402, 74.7413247, 74.4967711, 74.4565501, 74.5045919, 74.5419577, 74.7812478, 74.5282279, 74.4694357, 74.5851332, 74.5820297, 74.7869085, 74.8719933, 75.1879515, 75.386971, 75.7665132, 75.8365772, 75.7379612, 75.8203646, 75.6464709, 75.6612434, 75.5215624, 75.423592, 75.5639682, 75.5439818, 76.0456022, 76.1682018, 76.3276209, 
76.4633047, 76.561573, 76.6920926, 76.5943209, 76.9227427, 77.0648072)), list(c(-116.3995744, -117.0000123, -117.2162363, -117.9145751, -119.2133518, -120.3470944, -121.4138827, -122.6125193, -122.3640499, -121.8432404, -121.2406528, -120.4355455, -120.4758972, -119.7117686, -119.6804636, -118.8618312, -118.5377192, -118.8951067, -117.9547028, -118.0253742, -117.5230163, -116.9430901, -117.0390204, -116.0503826, -115.929462, -116.2808931, -115.4860417, -116.3995744, 77.559302, 77.4398307, 77.2899703, 
77.3879655, 77.3112974, 76.8165791, 76.5630875, 76.3275464, 75.9288124, 76.0484574, 75.9744706, 76.0103964, 75.8356585, 75.8921666, 76.0973433, 76.1763204, 76.3358141, 76.5334183, 76.763547, 76.4107195, 76.2744398, 76.3481038, 76.5441439, 76.6271184, 76.8992556, 77.1383967, 77.366564, 77.559302)), list(c(-90.7979528, -91.2013349, -91.1561464, -90.404513, -89.6488936, -89.7330902, -90.2200867, -90.7979528, 77.6473413, 77.6141466, 77.3646026, 77.2012855, 77.3119429, 77.4659247, 77.6129052, 77.6473413
)), list(c(-105.8481777, -105.7547554, -105.2572791, -104.7799115, -104.3888005, -105.4045335, -105.8481777, 77.7665891, 77.4667689, 77.2089076, 77.1137676, 77.2789468, 77.6965003, 77.7665891)), list(c(-95.4186869, -96.2631605, -95.8486716, -94.8225932, -93.5647055, -93.249685, -95.4186869, 77.7950665, 77.6906906, 77.4662972, 77.4877484, 77.4422639, 77.7370192, 77.7950665)), list(c(-101.6329754, -102.4444869, -102.0744251, -100.8926279, -101.6329754, 77.8947501, 77.8788355, 77.6880092, 77.7441944, 
77.8947501)), list(c(-114.3441482, -114.9516175, -114.3007064, -113.554492, -114.3441482, 78.0783515, 77.9624554, 77.7111735, 77.8266475, 78.0783515)), list(c(-110.3120734, -112.5280105, -113.3041863, -113.1806234, -112.0300416, -110.8831321, -110.055453, -110.049407, -109.6431586, -110.3120734, 78.1186718, 77.9930681, 77.8496628, 77.5238976, 77.3293968, 77.4077036, 77.5663034, 77.773665, 78.1007709, 78.1186718)), list(c(-110.3802816, -111.1673851, -112.17855, -111.2913959, -110.3533656, -109.3944652, 
-109.2246838, -110.3802816, 78.7574159, 78.6940555, 78.3719896, 78.3787427, 78.2753599, 78.3127008, 78.4822001, 78.7574159)), list(c(-98.0509939, -98.393871, -98.3493543, -97.7759667, -96.967008, -97.0077627, -95.9397203, -95.1045621, -94.8926824, -95.2463079, -94.8332521, -96.5490258, -98.0509939, 78.8192619, 78.7216639, 78.4459515, 78.2226753, 78.0730631, 77.911335, 77.8875252, 77.9508857, 78.1056124, 78.2192987, 78.3522018, 78.6835533, 78.8192619)), list(c(-103.9673699, -105.2984369, -105.59205, 
-104.6851008, -103.8292964, -103.3113532, -103.5212176, -104.7112106, -104.9699359, -104.4360939, -103.2041818, -101.49741, -100.8846561, -100.74609, -99.8454555, -99.1459075, -98.91477, -99.7975351, -99.50016, -100.9617765, -101.8734282, -102.6194635, -103.0859035, -103.9673699, 79.3742868, 79.3078229, 79.0263256, 79.0253821, 78.9004488, 78.7381248, 78.5079713, 78.5832491, 78.4388508, 78.2663474, 78.3562736, 78.2358837, 78.126567, 77.9630761, 77.7859299, 77.8595691, 78.0598548, 78.3053518, 78.5938257, 
78.9403222, 79.0900833, 79.0998903, 79.2850558, 79.3742868)), list(c(-99.5705179, -100.1473091, -99.3377234, -98.6261281, -98.8235421, -99.5705179, 80.1502045, 80.039696, 79.7615753, 79.7911948, 80.069837, 80.1502045)), list(c(-93.4835096, -93.2263518, -94.2555652, -95.1306272, -95.4999277, -94.6798173, -94.5261138, -95.9626057, -95.5803175, -96.3920977, -96.7403042, -96.6367604, -95.7308412, -95.7719094, -95.0175888, -94.4250779, -92.6143144, -92.4109887, -93.4094345, -94.3061279, -92.9342614, -92.0167428, 
-90.3441422, -89.8412469, -89.1697346, -88.031827, -87.3107372, -86.5017336, -84.8921462, -86.3021251, -87.1503159, -86.9356594, -87.5734484, -87.6149644, -89.0025954, -90.5566042, -91.1325445, -92.0470177, -93.4835096, 81.3793035, 81.2091091, 80.9849639, 81.0220318, 80.8147943, 80.7244957, 80.6001086, 80.5828284, 80.3604957, 80.2746413, 80.0810343, 79.9004122, 79.5385722, 79.4091699, 79.2722695, 79.3661433, 79.3846152, 79.1507872, 79.1622825, 78.9854342, 78.4215458, 78.2027634, 78.1423326, 78.5033285, 
78.2121235, 78.4756703, 78.8020563, 79.0566651, 79.2624625, 79.646722, 79.637213, 79.9194303, 80.1723012, 80.4064271, 80.4540219, 80.6398578, 80.771023, 81.2214236, 81.3793035)), list(c(-74.041583, -77.4323756, -77.717793, -79.3779879, -81.7134573, -82.3566205, -82.6008801, -83.3195067, -84.3836975, -85.8343415, -86.8571506, -86.2802698, -88.3526696, -89.6442359, -90.2343284, -91.682151, -90.2468683, -89.4027978, -88.2894326, -87.5320667, -85.1558426, -82.3805807, -80.9600772, -79.4705146, -79.0439784, 
-80.3258263, -83.194645, -81.6714038, -81.5200739, -84.0923236, -86.4967625, -86.6261027, -86.453858, -85.394101, -84.4848677, -84.3221175, -84.7775403, -84.1933595, -82.8771164, -83.2027959, -84.6714885, -85.0892915, -86.8400426, -87.5000451, -87.4828475, -86.1520044, -85.3227131, -85.2887657, -84.7736888, -85.3775752, -85.8107844, -85.9724149, -86.8170677, -87.3164697, -88.1642127, -88.2313908, -87.715239, -87.7270623, -87.1587355, -87.4892966, -88.3201554, -89.5272565, -89.664255, -89.2395998, 
-87.9111751, -86.372259, -85.2469809, -84.4066724, -84.2094822, -82.7847689, -81.331796, -80.753706, -81.0989567, -80.7357023, -79.3461903, -77.8472676, -77.7546514, -78.0974836, -78.7363474, -79.428282, -79.011509, -79.6742882, -78.3882305, -77.6959377, -78.0707468, -76.5639418, -75.8195636, -75.5021246, -75.0033496, -75.7967678, -74.727158, -74.75282, -76.5856179, -75.8709324, -75.5235321, -74.5498973, -74.5331924, -76.0208292, -75.8325066, -74.9010149, -73.1244675, -72.7011558, -71.4792308, -70.8518769, 
-68.6773663, -66.5521645, -66.0577336, -64.6276013, -65.5053056, -65.7050933, -64.3226574, -62.8202415, -61.1489397, -61.6797363, -63.0934324, -63.645323, -63.5573644, -65.6695785, -66.3563179, -71.0447676, -72.0542306, -74.041583, 83.2106746, 83.0892668, 82.9478975, 82.9722783, 82.8015377, 82.6750154, 82.2793848, 82.2690813, 82.4349805, 82.4579462, 82.19646, 82.0461527, 82.0966524, 81.8911777, 81.8942812, 81.7281585, 81.1925489, 80.9147013, 80.6988486, 80.6250357, 80.5081465, 80.5577027, 80.651229, 
80.8476167, 80.6183322, 80.4622151, 80.3253644, 79.8980039, 79.7156439, 80.2692785, 80.2980787, 80.127636, 79.7773658, 79.6878616, 79.4100388, 79.1924482, 79.069799, 78.9627416, 78.9326007, 78.8008397, 78.8576953, 78.9224213, 78.7433386, 78.4315514, 78.122967, 78.0566023, 77.7983686, 77.6696863, 77.5200989, 77.3893062, 77.5149099, 77.7125142, 77.8823858, 77.8980522, 77.794719, 77.6582903, 77.5373294, 77.3619212, 77.2388003, 77.1058227, 77.1281677, 76.8491035, 76.5718021, 76.4396438, 76.3583329, 76.3832848, 
76.2790081, 76.3243933, 76.449277, 76.3802806, 76.500447, 76.4146671, 76.209689, 76.1524858, 76.2942524, 76.6416674, 76.8280992, 77.0195462, 76.8322951, 76.9387069, 77.1494947, 77.246621, 77.3631129, 77.5975864, 77.9611892, 77.9340773, 77.9884749, 78.2076545, 78.327523, 78.4987354, 78.5899774, 78.8262882, 79.0914488, 79.194782, 79.0494402, 79.0140606, 79.2338361, 79.2387768, 79.3440218, 79.3724248, 79.5309253, 79.6723939, 79.721255, 79.8818659, 80.6657284, 81.0577341, 81.2189905, 81.3916677, 81.502921, 
81.6912645, 81.7124922, 81.9254152, 82.2360603, 82.487094, 82.5245839, 82.6741464, 82.831778, 82.8494305, 82.9351608, 83.0950765, 83.1846055, 83.2106746)))"
Cape Verde,CPV,68.4622,7202.767,519694,Cape Verde,Africa,Sub-Saharan Africa,Sub-Saharan Africa,"list(list(c(-24.3692392, -24.4854574, -24.4189958, -24.2804746, -24.3692392, 15.0530197, 14.9798771, 14.8226428, 14.8728445, 15.0530197)), list(c(-23.7411239, -23.7755639, -23.6925318, -23.478368, -23.5018355, -23.7411239, 15.3344674, 15.0759357, 14.9533362, 14.9155483, 15.1170505, 15.3344674)), list(c(-22.9108025, -22.96141, -22.8101249, -22.6826657, -22.7891206, -22.9108025, 16.2270507, 16.0251016, 15.9749991, 16.0507238, 16.2309487, 16.2270507)), list(c(-25.0858505, -25.3373653, -25.2975063, -25.1820943, 
-24.963452, -25.0858505, 17.1952594, 17.0926462, 16.9060655, 16.9192242, 17.0885248, 17.1952594)))"
Cayman Islands,CYM,NA,NA,71558,NA,NA,NA,NA,list()
Central African Republic,CAF,46.061543,596.393,5097987,Central African Republic,Africa,Sub-Saharan Africa,Sub-Saharan Africa,"list(c(27.445907, 27.4583126, 27.401659, 27.3135213, 27.2382819, 27.2847243, 27.190675, 26.8152389, 26.5743382, 26.47066, 26.2844423, 26.4171862, 26.0890884, 26.047841, 25.8168827, 25.5980612, 25.3662519, 25.2020686, 25.2960284, 24.9072015, 24.8606247, 24.418951, 24.2261947, 24.153284, 24.2586193, 23.9574822, 23.7913284, 23.5061797, 23.5699541, 23.4408378, 23.5045674, 23.6087383, 23.696249, 23.6701839, 23.3024061, 23.001896, 22.8768104, 22.5206321, 22.1896231, 22.0488178, 21.8153963, 21.7344243, 
21.7735219, 21.6769198, 21.4903438, 21.3509717, 21.2536978, 20.9828804, 20.644661, 20.5498055, 20.4395439, 20.0500004, 19.7071234, 19.0722455, 18.8720099, 19.0997885, 19.0341331, 18.7863802, 18.6888376, 18.580233, 18.0333136, 17.927217, 17.6546082, 17.5100857, 17.2953397, 17.1638498, 16.9513878, 16.8593538, 16.6587152, 16.5098037, 16.3698941, 16.0739074, 15.8033139, 15.7200579, 15.4928615, 15.2418841, 15.0420516, 14.9599152, 14.7385409, 14.529841, 14.4159517, 14.6181578, 14.6293093, 14.5282287, 14.6933077, 
14.7190145, 15.0111497, 15.0867027, 15.0734462, 15.2472584, 15.8023735, 15.8920786, 16.068354, 16.0650846, 16.1911556, 16.5092663, 16.5005779, 16.5883573, 16.7572879, 17.363951, 17.4683905, 17.7890988, 17.8544407, 18.5367464, 18.6258245, 18.5784864, 18.6465154, 18.5447182, 18.7858876, 18.8364055, 19.0193987, 19.1071333, 19.4371569, 19.8196691, 19.9134497, 20.172802, 20.3520332, 20.465609, 20.5882314, 20.8414033, 21.0766163, 21.2263787, 21.5584176, 21.7371562, 22.0884977, 22.2584135, 22.4522895, 22.545891, 
22.5961851, 22.6894283, 22.7818653, 23.1691247, 23.4298206, 23.5947652, 23.9559147, 24.110917, 24.533736, 24.7278808, 24.9617054, 25.3157788, 25.3349917, 25.5695777, 25.8554429, 26.0930295, 26.3858365, 26.5244921, 27.1353202, 27.4414285, 27.445907, 5.0180054, 5.0694238, 5.1527954, 5.2123076, 5.4457135, 5.5889201, 5.7323254, 5.9881756, 6.0309787, 6.2842468, 6.4698841, 6.646062, 6.8515366, 7.0025888, 7.1506865, 7.2163063, 7.3455349, 7.4931856, 7.7533807, 8.0550382, 8.1776129, 8.2860358, 8.28904, 8.3821938, 
8.5989651, 8.7298571, 8.7071645, 8.8119874, 8.9429291, 9.0200938, 9.1852978, 9.2249974, 9.6715498, 9.891797, 10.4707807, 10.7064211, 10.9373194, 11.01724, 10.9144034, 10.934638, 10.8267117, 10.657287, 10.4256935, 10.2401555, 10.1905, 9.9616624, 9.9945343, 9.6139742, 9.3119691, 9.342557, 9.15183, 9.1480313, 9.0349408, 9.0053709, 8.8461504, 8.7011562, 8.5280073, 8.2543556, 8.222874, 8.0440643, 8.0152889, 7.9547092, 7.9808528, 7.8718092, 7.8294034, 7.6910878, 7.6451068, 7.5446536, 7.6725167, 7.8501097, 
7.667998, 7.5877546, 7.4462612, 7.5174424, 7.5277956, 7.2725164, 6.760667, 6.75158, 6.2504314, 6.1708832, 6.0320463, 5.8935321, 5.510663, 5.2730363, 5.101973, 4.6436522, 4.4156836, 4.3010538, 4.0195316, 3.7138769, 3.0983467, 3.0983219, 2.9125605, 2.5286237, 2.2230435, 2.832044, 3.1706204, 3.4893345, 3.5591999, 3.6134982, 3.7077941, 3.6264335, 3.53323, 3.6134486, 3.4712351, 3.776865, 4.0616644, 4.321065, 4.4273278, 4.5871939, 4.7672449, 4.9408655, 5.132387, 5.1073109, 4.9826259, 4.8919797, 4.766649, 
4.5238831, 4.4107429, 4.4543156, 4.4001414, 4.2928854, 4.2530617, 4.3120525, 4.2179056, 4.1150193, 4.1344842, 4.2141069, 4.4799876, 4.4694358, 4.7146597, 4.7420199, 4.602885, 4.7619566, 4.8100977, 4.9185702, 5.0830294, 4.8945369, 4.9874673, 5.0330511, 5.2621866, 5.3817323, 5.2246967, 5.2460237, 5.151703, 5.0544526, 5.2073172, 5.0742155, 5.0180054))"
Chad,TCD,35.104958,1393.5635,18455270,Chad,Africa,Sub-Saharan Africa,Sub-Saharan Africa,"list(c(15.4928615, 15.7200579, 15.8033139, 16.0739074, 16.3698941, 16.5098037, 16.6587152, 16.8593538, 16.9513878, 17.1638498, 17.2953397, 17.5100857, 17.6546082, 17.927217, 18.0333136, 18.580233, 18.6888376, 18.7863802, 19.0341331, 19.0997885, 18.8720099, 19.0722455, 19.7071234, 20.0500004, 20.4395439, 20.5498055, 20.644661, 20.9828804, 21.2536978, 21.3509717, 21.4903438, 21.6769198, 21.7735219, 21.7344243, 21.8153963, 22.0488178, 22.1896231, 22.5206321, 22.8768104, 22.9738604, 22.9436302, 22.7859856, 
22.5608494, 22.6320582, 22.496224, 22.3864102, 22.4766528, 22.2013121, 22.1529439, 21.94505, 21.815038, 21.926061, 22.13288, 22.2909277, 22.2169422, 22.072375, 22.2051637, 22.5390837, 22.4701589, 22.409833, 22.7171056, 22.668827, 23.0046727, 22.919043, 23.1195921, 23.3229178, 23.5897493, 23.9999836, 23.9999836, 23.2015494, 22.0463099, 21.2627444, 20.041312, 19.0413883, 18.1123151, 16.8642802, 16.0000114, 14.9986098, 15.1990245, 15.1978153, 15.2818775, 15.4862333, 15.4252356, 15.6245306, 15.9990262, 
15.7556623, 15.5919716, 15.5680562, 15.5325414, 14.998565, 14.6460143, 14.3899761, 13.9702025, 13.790837, 13.8132297, 13.6954441, 13.4699943, 13.6333715, 14.0833305, 14.4666487, 14.5477551, 14.8346504, 14.9011567, 14.8858849, 15.0595627, 15.0659223, 15.1451028, 15.0581744, 15.0951223, 15.0686094, 15.1425949, 15.506118, 15.6848118, 15.4154723, 15.2464522, 14.7989565, 14.4830402, 14.2151787, 13.9762933, 14.3731816, 14.3476091, 14.4897132, 14.8407412, 15.1090058, 15.3948711, 15.4523307, 15.5879857, 
15.4928615, 7.5277956, 7.5174424, 7.4462612, 7.5877546, 7.667998, 7.8501097, 7.6725167, 7.5446536, 7.6451068, 7.6910878, 7.8294034, 7.8718092, 7.9808528, 7.9547092, 8.0152889, 8.0440643, 8.222874, 8.2543556, 8.5280073, 8.7011562, 8.8461504, 9.0053709, 9.0349408, 9.1480313, 9.15183, 9.342557, 9.3119691, 9.6139742, 9.9945343, 9.9616624, 10.1905, 10.2401555, 10.4256935, 10.657287, 10.8267117, 10.934638, 10.9144034, 11.01724, 10.9373194, 11.1918289, 11.4266004, 11.4068623, 11.6320502, 12.0515155, 12.160137, 
12.4603545, 12.6328578, 12.7569967, 12.6705712, 12.6305985, 12.8050881, 13.04845, 13.1692619, 13.3537323, 13.5579407, 13.7769217, 13.9197311, 14.1172857, 14.2420204, 14.6051018, 14.6977591, 14.8517409, 15.2313824, 15.4941099, 15.717982, 15.6883128, 15.7643106, 15.698815, 19.499997, 19.9211753, 20.5202199, 20.9195498, 21.5306607, 22.0205375, 22.4672637, 23.0544406, 23.4523553, 22.9993974, 21.999707, 21.4983349, 21.4509635, 20.9913518, 20.7974965, 20.5378973, 20.3614959, 19.9450845, 18.7948385, 17.9377589, 
16.7488064, 16.2790401, 15.9987841, 15.7403518, 15.1627088, 14.8747811, 14.7347773, 14.5585497, 14.4163859, 13.7081488, 13.083333, 13.083333, 12.7956536, 12.6302261, 12.4038216, 12.1713095, 12.0533776, 11.7218771, 11.5623587, 11.401425, 11.1716936, 10.8211751, 10.5400005, 10.1116221, 9.9961978, 9.9378029, 9.9939136, 9.9373063, 10.0024047, 10.0078668, 9.6452075, 9.2941428, 9.2086111, 9.0589989, 8.8125833, 8.6593462, 8.093695, 7.88755, 7.778134, 7.5277956))"
Chile,CHL,91.72559,22740.72,19552984,Chile,Americas,Latin America & Caribbean,Latin America and the Caribbean,"list(list(c(-68.5202143, -69.9201165, -69.7667265, -69.2025648, -69.3401007, -68.8991884, -68.9608579, -68.5375911, -68.1541832, -68.1225647, -68.3600617, -68.3159033, -68.5202143, -54.9262988, -55.0704736, -55.3187762, -55.4300047, -55.2379122, -55.2741855, -55.4475082, -55.4425179, -55.6133826, -55.4041838, -55.1779531, -55.0316678, -54.9262988)), list(c(-67.9833717, -68.1824876, -68.0466982, -67.422524, -67.300036, -67.0491481, -67.3583913, -67.9833717, -54.8929054, -55.0125256, -55.235479, -55.1992057, 
-55.3112534, -55.1133264, -54.9262491, -54.8929054)), list(c(-70.5867025, -71.0058939, -70.7300606, -70.5150458, -70.5867025, -54.8266152, -55.0383217, -55.1137733, -55.0178884, -54.8266152)), list(c(-71.5858649, -71.6158711, -71.4491798, -71.0934046, -70.9691699, -70.9959067, -71.5858649, -53.9383271, -54.2458688, -54.208354, -54.3954313, -54.2800069, -54.0883365, -53.9383271)), list(c(-71.9017363, -72.2558993, -72.0441987, -71.7241622, -71.6425184, -71.9017363, -53.8420946, -54.0666867, -54.2108616, 
-54.2383708, -53.9266829, -53.8420946)), list(c(-70.4492113, -70.7034133, -70.8976028, -70.8408149, -70.5291532, -70.3159299, -70.4492113, -53.5724898, -53.6996329, -53.9358692, -54.1191974, -54.1066346, -54.0200353, -53.5724898)), list(c(-73.0308212, -73.1357982, -73.605821, -73.8558131, -73.8232989, -73.3084011, -73.0474814, -72.7767088, -72.3308701, -72.3082983, -73.0308212, -53.3833022, -53.5041886, -53.4141879, -53.4649856, -53.6345841, -53.7312883, -53.851703, -54.101247, -54.0358258, -53.6837679, 
-53.3833022)), list(c(-74.6425136, -74.6958082, -74.3200586, -73.8900292, -74.6425136, -52.7466932, -52.8099792, -53.1204505, -53.1112394, -52.7466932)), list(c(-71.9675709, -72.4258599, -72.671687, -72.8916729, -72.8926582, -73.1499952, -72.5267167, -72.5500947, -72.4041838, -71.9941734, -71.9050505, -71.4768124, -71.6984554, -71.9675709, -52.6452221, -52.8558609, -52.7296117, -52.8553892, -53.0741219, -53.28126, -53.5320454, -53.389534, -53.2632847, -53.1274768, -53.0096194, -52.8404677, -52.7038653, 
-52.6452221)), list(c(-68.6067845, -68.7959581, -69.1283106, -69.3850205, -69.5675658, -69.714238, -69.933373, -70.2983741, -70.1425656, -70.4175928, -70.4508684, -70.2050413, -69.8900207, -69.3834082, -69.3642401, -69.6716471, -70.1233527, -70.1693025, -70.0166739, -70.1825142, -70.5966896, -70.8200345, -70.9800079, -71.3283936, -71.7266254, -71.9250248, -71.454151, -71.1183948, -70.796746, -70.1766921, -69.660809, -69.1406713, -68.6069189, -68.6063814, -68.6067845, -52.6612112, -52.6082287, -52.702177, 
-52.4753505, -52.5274391, -52.7750217, -52.8588154, -52.7496974, -53.0208663, -53.0183587, -53.280838, -53.4837554, -53.3879698, -53.3645821, -53.5258384, -53.6471221, -53.7462843, -53.839165, -54.1054429, -54.2975354, -54.2412756, -54.1429825, -54.4512441, -54.3753953, -54.3954064, -54.5771458, -54.6833341, -54.6579353, -54.767972, -54.8612748, -54.8258704, -54.9358823, -54.8921357, -53.335608, -52.6612112)), list(c(-73.7333251, -74.0741868, -73.7725123, -73.7333251, -52.4229142, -52.6174895, -52.7066708, 
-52.4229142)), list(c(-74.1800595, -74.1400213, -73.9142133, -74.1800595, -52.1988187, -52.4153914, -52.3357935, -52.1988187)), list(c(-74.5133525, -74.3416452, -74.2024522, -74.5133525, -51.7095874, -51.9196055, -51.8174889, -51.7095874)), list(c(-74.8358522, -74.84257, -75.0675718, -74.930842, -74.7558654, -74.8358522, -51.6392255, -51.7617009, -51.9999979, -52.1108539, -51.8033619, -51.6392255)), list(c(-74.6875229, -74.9166898, -74.9366193, -74.5458219, -74.6875229, -51.1999973, -51.2879125, 
-51.4096182, -51.3958636, -51.1999973)), list(c(-74.6308694, -74.6066852, -74.7658974, -74.8717701, -74.6916879, -74.4592517, -74.3775183, -74.6308694, -50.7141922, -50.8246014, -50.910853, -51.0729784, -51.123776, -51.0033613, -50.862563, -50.7141922)), list(c(-74.8250141, -74.9167346, -74.6391547, -74.8250141, -50.656269, -50.8637796, -50.8167309, -50.656269)), list(c(-75.3916838, -75.2492662, -75.0524792, -75.3916838, -50.4604524, -50.663345, -50.50837, -50.4604524)), list(c(-74.5275046, -74.5625268, 
-74.336674, -74.1542183, -74.3524833, -74.5275046, -50.4183445, -50.6566663, -50.8412608, -50.7783224, -50.4666593, -50.4183445)), list(c(-75.2684344, -75.2734056, -75.3958937, -75.1266438, -74.7725256, -75.2684344, -50.0021316, -50.2054463, -50.3525509, -50.3788187, -50.1400251, -50.0021316)), list(c(-75.4391564, -75.5891875, -75.5024829, -75.1475138, -75.3042179, -75.4391564, -49.5950554, -49.6633318, -49.8225275, -49.850856, -49.6383799, -49.5950554)), list(c(-75.3103535, -75.629136, -75.4750742, 
-75.2558497, -75.3103535, -48.9741128, -49.2117146, -49.2704075, -49.1024972, -48.9741128)), list(c(-75.52501, -75.6291808, -75.4617282, -75.2537896, -75.52501, -48.8253696, -48.9713073, -49.0713135, -48.8766638, -48.8253696)), list(c(-74.719231, -75.0191588, -74.9921084, -74.8192368, -74.9992293, -75.3117419, -75.4608325, -75.3867126, -75.1183137, -74.7917385, -74.6233454, -74.4075245, -74.3941785, -74.4891683, -74.4124957, -74.5012604, -74.719231, -48.6770733, -48.7821196, -48.9558396, -49.1025469, 
-49.2492294, -49.2554363, -49.327561, -49.5121307, -49.8704451, -50.0579445, -50.0645983, -49.9041861, -49.6783526, -49.524197, -49.3191692, -48.7266544, -48.6770733)), list(c(-75.4005065, -75.658784, -75.5007811, -75.286259, -75.4005065, -48.4291431, -48.567558, -48.7103673, -48.6016713, -48.4291431)), list(c(-74.7217389, -74.7778998, -75.0145907, -75.0038422, -74.502604, -74.6095963, -74.580441, -74.7217389, -48.1371188, -48.4149913, -48.4991575, -48.5991637, -48.69125, -48.5525123, -48.3941608, 
-48.1371188)), list(c(-75.2000471, -75.2062722, -75.0041557, -74.824611, -74.8892364, -75.2000471, -48.082026, -48.2041787, -48.4672041, -48.3816724, -48.174584, -48.082026)), list(c(-75.3559451, -75.5895457, -75.3433156, -75.2300981, -75.064616, -75.3559451, -48.012111, -48.1066552, -48.4029747, -48.7120805, -48.5066306, -48.012111)), list(c(-75.0584356, -75.1582623, -74.925826, -74.8021287, -75.0584356, -47.9104661, -48.075397, -48.1329229, -48.0542189, -47.9104661)), list(c(-74.2342498, -74.3417348, 
-73.8375407, -74.0100541, -74.2342498, -47.8079522, -47.9812501, -47.9645906, -47.8537594, -47.8079522)), list(c(-73.6987955, -73.9150194, -73.9050771, -73.7230692, -73.6484119, -73.6987955, -45.7996335, -45.9142633, -46.0474643, -46.2095649, -45.8909004, -45.7996335)), list(c(-74.4302307, -74.451683, -74.2000338, -74.2842303, -74.4302307, -45.4354845, -45.6929237, -45.6854257, -45.478809, -45.4354845)), list(c(-73.6770746, -73.8030111, -73.6296021, -73.5504662, -73.6770746, -45.439159, -45.6700573, 
-45.7683257, -45.4916946, -45.439159)), list(c(-73.8208805, -74.233802, -73.9816601, -73.6846881, -73.8208805, -44.9829238, -45.0800004, -45.2563024, -45.1433361, -44.9829238)), list(c(-74.1425293, -74.3900135, -74.2500143, -73.9607901, -74.1425293, -44.5921098, -44.6212576, -44.8062742, -44.7029162, -44.5921098)), list(c(-72.9678977, -73.2545691, -73.2649593, -73.4638065, -73.2758421, -73.0692471, -72.8245844, -72.6921092, -72.9678977, -44.3750157, -44.4375321, -44.5954367, -44.6408467, -44.931282, 
-44.8862445, -44.7317164, -44.5300404, -44.3750157)), list(c(-73.9079434, -74.0663045, -74.0745898, -74.1870908, -74.2221578, -74.1512625, -74.1979288, -74.4487719, -74.0933549, -73.8224928, -73.7633313, -73.488752, -73.6259297, -73.4788096, -73.7953976, -73.6754623, -73.3479914, -73.423007, -73.6767163, -73.9079434, -41.7691918, -41.8292005, -42.1491561, -42.2283567, -42.4325651, -42.6291763, -42.9233606, -43.2733329, -43.4096125, -43.3070987, -43.1512547, -43.0975274, -42.89461, -42.8683422, -42.6000285, 
-42.3950255, -42.2641831, -42.0708244, -41.7987865, -41.7691918)), list(c(-67.1806829, -67.5677631, -67.8830524, -67.838894, -67.9329881, -67.9664876, -68.0723603, -68.0605369, -68.1806962, -68.1790839, -68.4125502, -68.5534899, -68.5537138, -68.4384362, -68.7389015, -68.6641546, -68.7621899, -68.5666568, -68.5216027, -68.6877565, -68.4409889, -68.9502886, -69.0635509, -69.1268774, -69.2812975, -69.3430118, -69.4684557, -69.6659146, -69.8250819, -69.7509173, -69.8158561, -69.9671412, -70.3778234, 
-70.3084508, -70.3534153, -70.2875808, -70.1550608, -70.1308766, -70.2000701, -70.0675501, -70.0750292, -70.1496417, -70.1475816, -70.2163272, -70.291701, -70.4246241, -70.582627, -70.6042584, -70.3958719, -70.5100747, -70.5816865, -70.4392689, -70.4509131, -70.6296517, -70.7384354, -70.6283977, -70.673407, -70.6275468, -70.6858574, -70.8375455, -70.8117492, -70.9742754, -70.9017678, -71.0883886, -71.1525661, -71.165106, -71.3167494, -71.2954315, -71.519269, -71.4958462, -71.3326034, -71.3388286, 
-71.3004923, -71.4205172, -71.3800759, -71.5171641, -71.6567602, -71.7208929, -71.6534013, -71.6508933, -71.5542464, -71.510491, -71.5558587, -71.4159491, -71.4434025, -71.5584114, -71.6733308, -71.7054867, -71.6200809, -71.6854676, -71.8075974, -71.990501, -71.980066, -72.0459453, -72.1834365, -72.2125471, -72.3704604, -72.4909331, -72.6417256, -72.567561, -72.7900996, -72.8175979, -72.9958886, -73.1075834, -73.2779471, -73.6117775, -73.6808813, -73.5942216, -73.6792243, -73.4558795, -73.5312981, 
-73.4925587, -73.291741, -73.2092462, -73.2567188, -73.4546703, -73.655488, -73.664669, -73.778424, -73.7262937, -73.8224928, -73.9546097, -73.860023, -73.7137986, -73.7429539, -73.4988287, -73.1246466, -73.1109423, -72.9330099, -72.7450007, -72.6380084, -72.8696385, -72.5438247, -72.4800951, -72.8458575, -72.7296841, -72.8292869, -72.8484102, -72.7279375, -72.9159914, -72.866817, -73.0691575, -73.0046665, -73.0667391, -73.2717667, -73.1871223, -72.9837965, -72.6562808, -72.7454486, -73.1096435, 
-73.3071919, -73.2816642, -73.520057, -73.3430203, -73.5000379, -73.5383742, -73.7338625, -73.9579686, -74.0167271, -74.3579471, -74.6929867, -75.0925173, -75.0304895, -75.2979928, -75.6075495, -75.6267176, -75.4721184, -75.2292472, -75.3071738, -74.9967213, -74.8588271, -74.6750726, -74.3738011, -74.0057547, -74.1963614, -74.7330249, -74.503007, -74.0608855, -73.9471754, -73.7837534, -73.5264165, -74.1279293, -74.6533964, -74.1921067, -74.3967313, -74.3167445, -74.4416958, -74.375503, -74.4317534, 
-74.3054586, -74.3105194, -74.7022125, -74.2980242, -74.0996249, -74.2504621, -74.1305268, -73.7121863, -73.9321275, -73.7679442, -73.5637675, -73.6004915, -73.543838, -73.7254876, -73.3655025, -73.3638007, -73.5848614, -73.3771915, -73.1029257, -72.9436688, -73.0113395, -72.6822116, -72.4279649, -72.3147026, -71.545558, -71.3856293, -71.1373838, -71.3505176, -71.5937919, -72.293743, -72.4854693, -72.1461303, -71.2846382, -70.9879349, -70.923847, -70.9905325, -70.8104952, -70.8054792, -69.8464445, 
-69.6595998, -69.4363446, -69.1496284, -68.976488, -68.4185515, -69.1906071, -69.4863251, -69.9954008, -71.9169634, -71.9517616, -72.2800387, -72.4105881, -72.2656178, -72.2866221, -72.7395369, -73.0934312, -73.3315552, -73.3613823, -73.5220723, -73.559065, -73.4456236, -73.5476, -73.4178567, -73.1452031, -72.952178, -72.783561, -72.5250596, -72.5049957, -72.2277741, -72.4993976, -72.2912798, -71.9978906, -71.9558371, -71.6477135, -71.7587813, -71.7680071, -71.6180656, -71.7943409, -71.5387506, -71.3246764, 
-71.5602028, -72.068562, -71.4679449, -71.0911653, -71.3645354, -71.7938035, -71.8277061, -71.6654485, -71.7591844, -71.6001962, -71.9319217, -71.72985, -72.1423235, -72.110929, -72.1714788, -71.9150824, -71.7268941, -71.7942066, -71.7921465, -71.8859271, -71.9113652, -71.8183907, -71.9649285, -71.8391263, -71.843381, -71.693529, -71.830438, -71.689767, -71.7173548, -71.5022953, -71.3993337, -71.4265632, -71.0947033, -70.9248323, -70.8450247, -70.9839042, -70.9969368, -71.1551636, -71.1196488, -71.2165196, 
-71.0928224, -71.1677483, -71.0381394, -70.8834954, -70.7116538, -70.6618524, -70.4205934, -70.3841829, -70.4793519, -70.2524242, -70.2168646, -70.0133597, -70.0310052, -69.80148, -69.8997392, -69.8012113, -70.002656, -70.0812544, -69.98931, -70.1471785, -70.1349969, -70.3236778, -70.2813108, -70.4609451, -70.5671761, -70.4972213, -70.2968961, -70.3233195, -70.1950093, -69.903949, -69.8115567, -69.9622596, -69.879944, -70.0196297, -69.882452, -69.7932395, -69.6724532, -69.4759349, -69.3366523, -69.2350342, 
-69.1201148, -68.7887028, -68.4897155, -68.2635492, -68.5857802, -68.5576549, -68.3810661, -68.4784743, -68.5890943, -68.5495488, -68.402787, -68.567866, -68.3913219, -68.245635, -67.3227422, -66.9904792, -67.1806829, -22.8138062, -22.8980965, -22.8326257, -22.58909, -22.3908651, -22.0510473, -21.9787985, -21.7703445, -21.604346, -21.3020182, -20.9345919, -20.8760977, -20.7295145, -20.642369, -20.4560862, -20.3176466, -20.0781827, -20.0500032, -19.9242753, -19.7406739, -19.4406302, -18.9366264, -18.2330073, 
-18.0028041, -17.9703046, -17.7244351, -17.4983534, -17.6602305, -17.7068819, -17.9471899, -18.1157209, -18.2625275, -18.3523047, -18.4403688, -18.6478794, -19.2928305, -19.7211593, -20.2845015, -20.7194593, -21.2977975, -21.5353, -21.63404, -21.8453244, -22.0915911, -22.9094677, -23.0907104, -23.104465, -23.4686885, -23.6136578, -23.8136456, -24.7195118, -25.1953361, -25.3686339, -25.5049384, -25.818687, -26.0011463, -26.1728304, -26.3436703, -26.5611616, -26.8795034, -27.0511378, -27.1903471, -27.6202897, 
-27.7894662, -27.9811862, -28.3561353, -28.571988, -28.6698591, -28.9169699, -29.2020176, -29.3469621, -29.7715667, -29.9482164, -29.9974002, -30.1569931, -30.2840617, -30.2720202, -30.6011372, -30.9752918, -31.3653113, -31.5486892, -31.88158, -32.1961231, -32.3786321, -32.6778316, -33.0036962, -33.0944665, -33.432447, -33.5444699, -33.7307527, -33.7969932, -34.1299089, -34.3528375, -34.6369417, -34.8927919, -35.1219771, -35.2065405, -35.459461, -35.6045297, -35.7611433, -35.976127, -36.2903225, 
-36.7311893, -36.7236417, -37.2240455, -37.1627954, -37.351983, -37.4544969, -37.6211658, -38.0994977, -38.3824102, -38.656186, -39.068625, -39.3736591, -39.5353376, -39.8498806, -39.9532387, -40.1349035, -40.3803261, -40.5265616, -40.6303417, -40.9773844, -41.4419369, -41.5974084, -41.740764, -41.8040748, -41.7573738, -41.5952981, -41.4782351, -41.5428121, -41.7132796, -41.9307213, -42.0432159, -42.1432222, -42.3036593, -42.4115608, -42.5303121, -42.8253405, -42.9140998, -43.1303746, -43.2404113, 
-43.3278299, -43.5999174, -43.8902783, -44.1153172, -44.2532852, -44.2832275, -44.5298914, -44.7407537, -44.9524105, -44.9524105, -45.1503127, -45.2286443, -45.3499032, -45.4694737, -45.8594932, -46.2374216, -46.1440444, -45.9403077, -45.802439, -45.8157715, -45.8861334, -46.2315871, -46.5090375, -46.6594938, -46.8228357, -46.9690962, -46.9011674, -46.6732732, -46.5977968, -46.8057542, -46.8728389, -46.7557511, -47.0019433, -47.0831301, -47.6990576, -47.8032349, -47.8003052, -47.8665458, -47.8207137, 
-48.2073814, -47.997413, -48.0111675, -48.4807352, -48.6028382, -48.7403345, -48.8353255, -49.3403225, -49.5235018, -49.6252957, -49.8669692, -50.2111319, -50.4391005, -50.8715755, -50.9486409, -51.1903393, -51.3819849, -51.4569648, -51.652409, -52.0303126, -52.3186375, -52.4719739, -52.7461718, -52.6677905, -52.8228648, -52.9063606, -53.072806, -53.1140698, -53.037774, -52.882377, -52.7069936, -52.6807506, -52.5265453, -52.5704905, -52.7296117, -52.8420319, -53.1286685, -53.208614, -53.2602806, 
-53.3961382, -53.6648492, -53.901582, -53.8024199, -53.5919548, -53.3994402, -52.9936799, -52.7895956, -52.4982168, -52.5465069, -52.2623033, -52.2056215, -52.2988498, -52.3833636, -52.1505039, -52.1516956, -52.0007427, -51.9997993, -51.8738231, -51.7049446, -51.1066945, -51.0347685, -50.6602911, -50.6268233, -50.7734313, -50.5705884, -50.3013808, -50.14869, -49.9476347, -49.7938018, -49.5044341, -49.3093126, -49.181524, -48.9516437, -48.9595885, -48.7908342, -48.5148486, -48.3191313, -47.753629, 
-47.5123527, -47.2965249, -46.8157847, -46.6888154, -46.3506115, -46.1155917, -45.9469615, -45.6649925, -45.4012718, -45.306107, -44.9772879, -44.8484318, -44.7383454, -44.5314556, -44.389689, -44.4146657, -44.2663446, -43.9020466, -43.8299716, -43.6963237, -43.3875655, -43.1984771, -42.9008914, -42.6016671, -42.1380829, -42.1887812, -42.1233848, -41.9615822, -41.7020327, -41.6044347, -41.3571004, -41.0616002, -40.7379205, -40.6094616, -40.4533942, -40.4054766, -40.2141041, -40.0363124, -39.6366845, 
-39.6363121, -39.3488313, -38.9212474, -38.7543302, -38.7642613, -38.5361189, -38.4302533, -38.2030047, -37.7577185, -37.4581218, -37.3037923, -37.1143316, -36.9971196, -36.4769033, -36.3962378, -36.4258574, -36.2414118, -36.1545891, -35.605349, -35.2043805, -34.7939277, -34.6118408, -34.41302, -34.287739, -34.244067, -33.7606454, -33.2873535, -33.3226586, -33.029095, -32.8985505, -32.7291754, -32.4915736, -32.2661374, -31.8835166, -31.840788, -31.5834729, -31.1221481, -31.0211983, -30.9308004, -30.4918702, 
-30.3419352, -30.1514814, -30.0689787, -29.734772, -29.3815721, -29.1430268, -29.1352805, -28.4576809, -28.2386999, -28.1642662, -27.965793, -27.8943883, -27.104443, -27.1336156, -26.9199975, -26.4936301, -26.2866161, -26.1778208, -25.7063662, -25.4481573, -25.2630662, -25.0323169, -24.7955592, -24.4924866, -24.3958321, -24.0341162, -22.9999897, -22.8138062)))"
China,CHN,55.900593,19238.18,1425179509,China,Asia,East Asia & Pacific,Eastern Asia,"list(list(c(110.7045727, 110.5454502, 110.3949712, 110.1561754, 110.0249542, 109.8599647, 109.6758519, 109.4028849, 109.2599747, 109.1579087, 109.1791818, 109.0066236, 108.6320833, 108.6937528, 108.688289, 109.1512357, 109.4550151, 109.5628584, 109.7578988, 110.0712175, 110.2799623, 110.4279333, 110.4578499, 110.6704014, 110.9800029, 110.9953643, 110.9099586, 110.7045727, 20.1124733, 20.0091898, 20.0779379, 20.063364, 19.9612474, 19.9412114, 20.0078988, 19.8633018, 19.9029269, 19.7866585, 19.6554188, 
19.5853797, 19.2724752, 18.7383305, 18.5037577, 18.2983327, 18.2837836, 18.1908036, 18.3833181, 18.4382868, 18.6687631, 18.6841563, 18.8674349, 19.3825119, 19.6412422, 19.8166008, 20.0062601, 20.1124733)), list(c(121.3166536, 121.1487083, 121.3799802, 121.8208029, 121.8912056, 121.5816488, 121.3166536, 31.8504247, 31.7850035, 31.6203954, 31.4611997, 31.5416417, 31.6670467, 31.8504247)), list(c(74.5646317, 74.9190187, 75.1254794, 75.4058808, 75.4208391, 75.719513, 75.9420517, 76.0576876, 75.9463063, 
76.1009503, 76.1447952, 76.4270328, 76.7604602, 77.0603432, 77.3828877, 77.6880555, 77.8229939, 77.9241193, 78.1297291, 78.2436184, 78.5587733, 78.8002562, 78.8558797, 79.4522422, 79.7004877, 80.1659872, 80.2878482, 80.196486, 80.2266266, 80.0741323, 79.7865652, 79.7943131, 79.5347817, 79.6100659, 79.4101887, 78.9952071, 78.9026357, 79.0282587, 78.9073829, 78.936583, 79.151956, 79.4127414, 79.3347252, 79.5572639, 79.4101439, 79.2760564, 78.9682911, 78.8131096, 78.739572, 78.6640638, 78.6314152, 78.5693875, 
78.3934704, 78.4913265, 78.6822915, 78.7633978, 78.7407812, 78.7048633, 78.8466091, 78.778177, 78.8833779, 79.075149, 79.4130549, 79.6031242, 79.7007116, 79.8764047, 80.192948, 80.5407514, 81.0285093, 81.0345553, 81.0910297, 81.2718284, 81.5331512, 81.7509874, 82.0558865, 82.3340038, 82.5629468, 82.8263298, 83.2180229, 83.413153, 83.4381432, 83.6332732, 83.8125492, 84.085561, 84.24961, 84.2203203, 84.6262104, 84.8569448, 85.0584344, 85.1886703, 85.107967, 85.3773065, 85.6535428, 85.897892, 86.0646729, 
86.2266169, 86.4105953, 86.6346567, 87.0389794, 87.1157863, 87.5862122, 87.7233003, 87.8657627, 88.1356396, 88.6372361, 88.843876, 88.8881239, 88.771458, 88.9213547, 89.0151801, 89.1280394, 89.2255372, 89.3891383, 89.5965395, 89.8604599, 90.0235683, 90.1610147, 90.3719988, 90.5834755, 90.6914531, 90.9808564, 91.4653001, 91.625587, 91.6430086, 91.9243953, 92.2445661, 92.4558189, 92.7295921, 92.6773275, 92.9216319, 93.1496344, 93.2510285, 93.4256468, 93.706944, 94.3419114, 94.3789042, 94.6936112, 94.9243456, 
95.4578742, 95.7057614, 96.0536992, 96.2636084, 96.631834, 96.5378742, 96.8605978, 96.9732779, 97.126444, 97.3454894, 97.5018801, 97.6636449, 97.7971054, 97.9089346, 98.159285, 98.2228803, 98.5643242, 98.6985013, 98.7410474, 98.6916939, 98.7822052, 98.7338818, 98.5731469, 98.7033381, 98.5315861, 98.4092771, 98.204787, 98.1363549, 97.9449421, 97.8397412, 97.7207015, 97.7071316, 97.589346, 97.5308114, 97.6609578, 97.7283598, 97.5274525, 97.6713032, 97.8969769, 98.2224772, 98.5429168, 98.8636251, 98.6784822, 
98.7891917, 98.9387302, 98.911232, 99.2491826, 99.5221945, 99.5605756, 99.4008708, 99.3398283, 99.3803143, 99.1784217, 99.2753373, 99.6421298, 99.9922173, 99.9438938, 100.1186017, 100.1260361, 100.2468223, 100.4309351, 100.5720539, 100.722309, 100.8901199, 101.1527863, 101.1441427, 101.1855244, 101.2859333, 101.5399113, 101.7617782, 101.7259051, 101.7749003, 101.6170766, 101.549988, 101.6705503, 102.0218471, 102.1439321, 102.508127, 102.8780097, 103.0308175, 103.3586466, 103.5301299, 103.645945, 
103.9606968, 104.0392504, 104.2432479, 104.3992355, 104.5787354, 104.7222726, 104.8623166, 104.8011397, 105.1823531, 105.3222627, 105.4393318, 105.5600732, 105.7156129, 105.8534624, 106.2019376, 106.3454301, 106.6017817, 106.7673086, 106.6117689, 106.5570411, 106.6594653, 106.7378846, 107.0549653, 107.004313, 107.3828392, 107.8670142, 108.0011913, 108.2449583, 108.4757374, 108.5728322, 108.8519796, 108.9131565, 109.1512357, 109.2262065, 109.440012, 109.7995492, 109.6653722, 109.7662289, 109.8212702, 
109.9387423, 109.9379361, 110.3191047, 110.5354182, 110.3399299, 110.3945233, 110.1963031, 110.1970645, 110.3658159, 110.4246191, 110.6387382, 110.7507912, 111.0753959, 111.6624877, 112.0087685, 112.1742058, 112.2349796, 112.5575241, 112.8407917, 113.0300101, 113.0053781, 113.230783, 113.3520171, 113.5573134, 113.6040694, 113.7590717, 113.9357053, 114.1683207, 114.5920354, 114.8541644, 115.2266894, 115.3908279, 115.6941595, 115.8849901, 116.3824664, 116.566624, 116.5329453, 116.8470702, 116.9045298, 
117.0870751, 117.2620965, 117.5987932, 117.6903793, 117.8624896, 118.1249321, 118.0537233, 118.2596018, 118.6420692, 118.8957785, 118.8783122, 118.9891561, 119.1241393, 119.3458271, 119.1341264, 119.6191524, 119.7195613, 119.5170417, 119.7207705, 119.6342003, 119.7879038, 119.8066241, 119.9957976, 120.0287597, 120.2387585, 120.5308041, 120.6891205, 120.9583256, 120.9887349, 121.2137367, 121.3574979, 121.5870679, 121.5070363, 121.6458263, 121.6224931, 121.8020378, 121.9421266, 121.9187038, 121.7908415, 
121.9416787, 121.6295692, 121.349123, 121.1973901, 120.8432719, 120.6724603, 120.609089, 120.8442124, 120.9891379, 121.1407365, 121.5173818, 121.8541232, 121.9120756, 121.6799528, 121.3020983, 121.0858296, 121.0850235, 121.3032628, 121.6308232, 121.9095676, 121.7262609, 121.4274527, 121.375412, 120.9278715, 120.9241543, 120.6400357, 120.5612134, 120.4104657, 120.2846187, 119.5558258, 119.4541182, 119.1837039, 119.212904, 119.3703695, 119.6462028, 119.8745635, 120.062931, 120.2220983, 120.1133145, 
120.3149384, 120.42417, 120.666683, 120.6887174, 120.8907892, 121.1829244, 121.6057882, 121.9307959, 122.3574664, 122.5412209, 122.4678624, 122.6237156, 122.5358467, 122.326654, 122.1212234, 121.5554046, 121.356647, 121.1345113, 120.8766818, 120.4483542, 120.1424698, 119.8608144, 119.8791764, 119.7349674, 119.2907858, 118.9558357, 118.9679278, 119.0771146, 118.993769, 118.8453949, 118.5099523, 118.0941198, 117.7082935, 117.547066, 117.5712502, 117.7458237, 118.0183429, 118.3358266, 118.5691586, 118.7949666, 
119.0050101, 119.202469, 119.3545154, 119.5278797, 119.9507883, 120.4475032, 120.5328642, 120.8016214, 120.9766876, 121.1811777, 121.8553772, 122.0508207, 122.2854067, 121.859184, 121.5391475, 121.4562497, 121.5507917, 121.4208692, 121.708705, 121.5996078, 121.6608742, 121.097026, 121.1500071, 121.3358217, 121.6999719, 121.6574257, 122.048268, 122.3499872, 123.2704169, 123.6024559, 123.8187694, 124.0387105, 124.2275706, 124.2810443, 124.2816713, 124.3448188, 124.360628, 124.335996, 124.7529034, 125.0347827, 
125.2015636, 125.4426434, 125.7076386, 126.0472464, 126.5032961, 126.5903142, 126.9324747, 127.1482508, 127.345217, 127.8479331, 128.1088529, 128.3113277, 128.1509064, 128.0904909, 128.9295903, 129.2052892, 129.2249052, 129.4372328, 129.5558694, 129.7427589, 129.7602252, 129.8792648, 130.2598959, 130.234413, 130.6394074, 130.6263301, 130.4594597, 131.1362567, 131.3112333, 131.1947913, 131.2344263, 131.3032167, 131.1044591, 130.9605188, 131.2708369, 131.6243729, 131.8255489, 132.9623816, 133.1303717, 
133.0873329, 133.1809792, 133.3861411, 133.5048672, 133.7356016, 133.6817696, 133.9107126, 133.8456842, 134.0134951, 134.016227, 134.2197767, 134.1693483, 134.4861603, 134.7752053, 134.5445156, 134.6674964, 134.7139388, 134.4887578, 134.0177049, 133.7444692, 133.4680089, 133.0550874, 132.5003754, 131.8205329, 131.5385192, 131.0309215, 130.8590799, 130.6560228, 130.8328356, 130.7297396, 130.5244433, 130.6101178, 130.4645652, 130.2651358, 129.9283944, 129.7137827, 129.518787, 129.2143806, 128.5514223, 
128.3179112, 127.849008, 127.5262396, 127.5007567, 127.5999116, 127.3827024, 127.294699, 127.2971622, 126.9166206, 126.6680616, 126.4355806, 126.5566356, 126.3065986, 126.3479356, 126.0658771, 125.6153807, 125.1643917, 124.8180661, 124.4398982, 124.2371099, 123.6265504, 123.2815685, 122.8198309, 121.8666632, 121.2335767, 120.8264773, 120.3333452, 120.0290732, 120.0753813, 120.4526088, 120.6815965, 120.622659, 120.7794527, 120.6530235, 120.0880556, 119.7553, 119.5097416, 119.4397868, 119.2752453, 
119.3313166, 119.0566477, 118.5547824, 118.0457515, 117.8019398, 117.4712891, 117.0576511, 116.7140575, 116.0340359, 116.0701777, 115.7876714, 115.8131991, 115.5221835, 115.5735972, 115.9349258, 116.2587243, 116.4433745, 116.8688806, 117.0852389, 117.3748214, 117.804403, 118.1685531, 118.5588131, 118.7583769, 119.1229749, 119.143397, 119.7089023, 119.9208269, 119.9034949, 119.6650126, 119.1026423, 119.011504, 118.7858751, 118.2999087, 117.8307816, 117.4150387, 117.3695815, 116.8388744, 116.657807, 
116.4009627, 116.1741247, 115.9316565, 115.6897705, 115.3559849, 114.9742341, 114.7371849, 114.5411144, 114.3431182, 114.0552824, 113.9001905, 113.6281192, 112.8460764, 112.5926806, 112.4228096, 111.9958255, 111.7667929, 111.6186876, 111.4240502, 111.6794614, 111.8670675, 111.9464272, 111.787439, 111.4934228, 111.0623185, 110.4333523, 109.8981667, 109.535181, 109.0180439, 108.8399771, 108.2449135, 107.9300721, 107.5683851, 106.7830283, 105.7161504, 105.0067047, 104.9170892, 104.5177377, 104.5252169, 
103.8548689, 103.41324, 102.7089448, 102.4460096, 102.0766196, 101.8002937, 101.5674543, 100.8482455, 100.3181207, 99.5032055, 98.1958747, 97.1714981, 96.9777565, 96.3874848, 96.3630768, 95.9091767, 95.8576287, 95.522813, 95.3231597, 95.4037734, 94.9986446, 94.3607661, 94.211362, 93.5384165, 92.7736161, 92.4838098, 92.0951172, 91.6158686, 90.9341452, 90.6702248, 90.714831, 91.0214767, 90.8917334, 91.0640229, 90.9017653, 90.7635576, 90.487366, 90.4702132, 90.297028, 89.8364997, 89.5815812, 89.0597864, 
88.9334916, 88.6373705, 88.6029753, 88.2314355, 87.96859, 88.0675658, 87.7521869, 87.880721, 87.8144386, 87.2857917, 86.8871568, 86.7270938, 86.7731332, 86.5832879, 86.2230341, 85.8553459, 85.6657245, 85.5491481, 85.6771, 85.5375934, 85.214198, 84.9442316, 84.7592231, 83.9857791, 83.6134333, 83.1508896, 82.9817351, 82.9670455, 82.9660603, 82.9603277, 82.9597007, 82.9597007, 82.9591633, 82.9580437, 82.95567, 82.7248013, 82.3353922, 82.2799031, 82.542659, 82.5815775, 81.9230082, 81.7728875, 81.4518209, 
81.1334415, 80.8982733, 80.6979482, 80.1523724, 79.8820029, 80.3101514, 80.3962289, 80.523733, 80.7490931, 80.657507, 80.3812258, 80.5956583, 80.2613353, 80.162673, 80.2836384, 80.1744068, 80.2281493, 79.8545047, 79.7669492, 79.4094273, 78.9408376, 78.6446717, 78.18589, 78.1242653, 77.9211635, 77.6869358, 77.2765672, 77.0829599, 76.7504282, 76.6542292, 76.3397013, 75.9621155, 75.7003, 75.585112, 75.2386073, 75.0900989, 74.8377779, 74.789768, 74.5904729, 74.3446011, 73.9830037, 73.8323904, 73.9478919, 
73.8738617, 73.5998198, 73.5576767, 73.8536187, 73.7172023, 73.8037277, 73.989408, 74.1868669, 74.5066794, 74.6507541, 74.6979579, 74.9164659, 74.9637593, 75.1486782, 75.1286144, 74.8898634, 74.7494163, 74.5009021, 74.5646317, 37.0308641, 36.9789492, 37.0125412, 36.936593, 36.7733752, 36.7520978, 36.5957325, 36.2457602, 36.1189647, 36.0161778, 35.8375667, 35.8525131, 35.6632509, 35.6005856, 35.4732191, 35.4532328, 35.5112553, 35.4971283, 35.5455425, 35.7252955, 35.7733373, 35.869818, 35.9742436, 
35.8827781, 35.6594523, 35.54661, 35.35777, 35.1134647, 34.9724677, 34.7058174, 34.6273617, 34.4800585, 34.4007586, 34.2841673, 34.0101928, 34.036833, 34.0016273, 33.7536723, 33.6204961, 33.3869164, 33.1818638, 33.1767741, 32.997592, 32.7591709, 32.5190863, 32.5560052, 32.3357332, 32.4339767, 32.6957111, 32.657526, 32.6347341, 32.615716, 32.5391968, 32.2739121, 32.1148653, 31.9476999, 31.8852084, 31.7805842, 31.6068642, 31.3123323, 31.2861887, 31.4590148, 31.0729926, 30.9398909, 30.970727, 30.9657614, 
30.6667109, 30.4490706, 30.2325724, 30.1971928, 30.0543834, 30.045371, 30.371881, 30.3888881, 30.3335718, 30.0470344, 29.9553455, 29.6900358, 29.6056462, 29.4219455, 29.3094261, 29.1586222, 29.3015805, 29.2946784, 29.0361964, 28.9158065, 28.7366493, 28.5707749, 28.6825992, 28.5448796, 28.3459594, 28.2788003, 28.3165882, 28.1092018, 27.8998788, 27.9810656, 27.9067064, 28.0708677, 27.9505523, 27.8404907, 27.8530039, 27.8056077, 27.910952, 27.8815807, 28.1182391, 27.9929581, 27.8564054, 27.55805, 27.3272758, 
27.5079724, 27.6148311, 27.78366, 27.8902704, 28.1638973, 28.2300634, 28.1440351, 28.1921514, 28.0665228, 28.0232232, 28.080774, 28.0018465, 28.0063155, 27.8921077, 27.7611163, 27.7165257, 27.8881352, 27.7933428, 27.9782352, 28.1509621, 28.2006921, 28.367932, 28.5454009, 28.6619922, 28.6644501, 29.0019341, 29.1541283, 29.317942, 29.1565863, 29.1368234, 29.2132433, 29.3827425, 29.2463635, 28.7335955, 28.6787261, 28.4830336, 28.3311372, 28.361874, 28.2154646, 28.4949509, 28.5383747, 28.3296476, 28.3683044, 
28.1060983, 27.7140677, 27.6404037, 27.548814, 27.3321172, 27.2000335, 26.6059048, 26.354747, 26.1219618, 25.8533501, 25.8464232, 25.6110559, 25.6202173, 25.3861907, 25.2185039, 25.2727029, 25.0842105, 24.8384403, 24.7697667, 24.4386387, 24.3387814, 24.1186086, 23.9365962, 23.8640495, 24.015052, 24.1169204, 24.1311218, 24.066942, 23.9130347, 23.7837813, 23.3139653, 23.1890567, 23.0799635, 23.0771331, 22.9091732, 22.8293023, 22.7071496, 22.5062185, 22.1915512, 22.1016499, 22.1058209, 21.9894283, 21.8238519, 
21.7060441, 21.5112702, 21.4663567, 21.5414608, 21.4509387, 21.5122633, 21.6840219, 21.6699197, 21.5639051, 21.3283888, 21.1761449, 21.2512489, 21.1452095, 21.3550538, 21.830034, 21.97982, 22.2341805, 22.3742837, 22.4569353, 22.4007252, 22.7784053, 22.5873804, 22.4424111, 22.8031835, 22.5947046, 22.7950896, 22.5066902, 22.7238587, 22.8439507, 22.701911, 22.8523673, 22.8202153, 22.9422935, 23.1150203, 23.277245, 23.3925204, 23.3006576, 23.0879332, 23.0647689, 22.9450742, 22.9840538, 22.856017, 22.9297555, 
22.744863, 22.604164, 22.4585243, 22.333144, 22.0073788, 21.9209781, 21.8330382, 21.5956846, 21.6494616, 21.5474443, 21.6211331, 21.5620182, 21.6981985, 21.6865791, 21.6161924, 21.5841894, 21.4625084, 21.4587843, 21.5291462, 20.9307968, 20.7899737, 20.5424656, 20.461676, 20.286665, 20.2612165, 20.4783106, 20.6395918, 20.7525334, 20.8599632, 21.026632, 21.1029278, 21.2266446, 21.2341674, 21.3845741, 21.4649912, 21.5287241, 21.7908061, 21.807118, 21.7045544, 21.7587286, 21.9670337, 21.9478666, 22.1183093, 
22.0353845, 22.2682442, 22.1893664, 22.7428023, 22.7537017, 22.4211585, 22.2937175, 22.6574941, 22.6020537, 22.8362044, 22.6929233, 22.8787592, 22.802091, 22.9279182, 23.0162306, 23.1183224, 23.4183164, 23.6316118, 23.568301, 23.7183353, 23.8633046, 24.0124947, 24.0338218, 24.2895727, 24.6016578, 24.5674452, 24.6508168, 24.8803993, 25.050395, 25.2245867, 25.1337171, 25.2737209, 25.3887231, 25.7670488, 26.0049733, 26.0833298, 26.2779547, 26.4395835, 26.5775018, 26.6962531, 26.7086918, 26.8741441, 
26.927499, 27.3395656, 27.7187105, 27.9795511, 28.0950003, 28.3383125, 28.139591, 28.4800046, 28.6608004, 28.7195926, 29.1062107, 29.2091467, 29.2016735, 29.5249808, 29.6645626, 29.8912153, 30.0132687, 30.3079247, 30.3229455, 30.1278985, 30.1345275, 30.3603858, 30.349536, 30.5537197, 30.6020593, 30.8304004, 30.8637441, 30.9383267, 31.3178689, 31.5183284, 31.7220651, 31.7945622, 31.8837187, 31.7329148, 31.7408101, 32.030004, 32.1136984, 32.3849915, 32.5857986, 32.8437591, 33.3337105, 33.6433128, 33.9074803, 
34.3033096, 34.5996042, 34.7404025, 34.8399371, 35.0374669, 35.1057929, 35.5783399, 35.6149609, 35.8808664, 35.9375234, 36.1929019, 36.2587203, 36.0570939, 36.1370394, 36.3833309, 36.4562252, 36.6924615, 36.7712897, 36.9370896, 36.8387468, 36.9741823, 37.1333035, 37.2041371, 37.4004007, 37.4104063, 37.5074581, 37.4316589, 37.5887194, 37.6107664, 37.8329502, 37.7479151, 37.4737419, 37.3779067, 37.2337567, 37.1387408, 37.151254, 37.3528803, 37.5924684, 37.6983588, 37.979161, 38.2082965, 38.1028778, 
38.1395484, 38.3679143, 38.6258252, 38.7699753, 39.0845928, 39.2087565, 39.0053922, 39.1545823, 39.1279173, 39.1970875, 39.3654198, 39.7374888, 39.8849658, 40.053745, 40.193724, 40.4083105, 40.6079258, 40.8312268, 40.9358014, 40.8200046, 40.7287129, 40.4882807, 39.98455, 39.8612553, 39.7391771, 39.5904091, 39.3662143, 39.3850089, 39.1849715, 39.0828549, 38.9257695, 38.7220825, 38.8195563, 38.8637249, 39.0237151, 39.0803969, 39.3953869, 39.7741346, 39.7845623, 39.8508028, 39.8157956, 39.9195012, 39.9302517, 
39.9326848, 39.9863376, 39.9908811, 40.0632044, 40.3824399, 40.4877594, 40.6074541, 40.6662214, 40.8674505, 40.9445656, 41.4358328, 41.6172493, 41.8086466, 41.5860905, 41.4604619, 41.4184782, 41.3607288, 41.587605, 41.7261191, 42.0219421, 42.0152634, 42.2060648, 42.3522259, 42.4418046, 42.3777489, 42.4656392, 42.7083556, 42.9918391, 42.9049915, 42.7367834, 42.4168278, 42.6012734, 42.769705, 42.9361752, 43.3948932, 43.5334818, 43.9650134, 44.0439409, 44.7075377, 44.8528298, 44.92128, 45.0724315, 45.309934, 
45.0225028, 45.1280209, 45.2446369, 45.4881477, 45.5779498, 45.8887439, 46.054072, 46.137692, 46.2634695, 46.4811098, 46.6658781, 46.8108226, 47.1869138, 47.3183768, 47.4430123, 47.7399773, 48.0243794, 48.1521928, 48.4008678, 48.4216983, 48.2754627, 48.251206, 48.0689701, 48.1072545, 47.7151495, 47.6668843, 47.7298972, 47.6870196, 47.9377553, 48.1110035, 48.2975346, 48.5122204, 48.6321882, 48.7833893, 48.8992357, 48.8625155, 49.0330078, 49.2871946, 49.4129472, 49.3994906, 49.5998507, 49.5430448, 
49.5739305, 49.8152317, 50.0603563, 50.2394639, 50.2839552, 50.4551427, 50.7433187, 51.0569928, 51.7285842, 52.0100318, 52.1248106, 52.2015284, 52.3792457, 52.6908591, 53.0772537, 53.201765, 53.143668, 53.2130865, 53.3766022, 53.544438, 53.5603526, 53.4550332, 53.4256619, 53.2813132, 53.2709352, 52.8980965, 52.7570996, 52.5832555, 52.6436366, 52.5460138, 52.3208011, 52.1569626, 51.927405, 51.6806169, 51.0897903, 50.8957116, 50.6920742, 50.6037122, 50.1669916, 49.9780771, 49.9218918, 49.6098315, 49.5170501, 
49.6271861, 49.6858293, 49.8456209, 48.8663389, 48.8159634, 48.5239143, 48.2568667, 48.1531611, 47.91978, 47.6809368, 47.8778956, 47.8388166, 47.8933384, 47.8232745, 47.6404427, 48.0143987, 48.0481893, 47.9926992, 47.7743886, 47.6648236, 47.5424971, 47.19394, 46.9023378, 46.666027, 46.6182336, 46.6468848, 46.7452028, 46.6880493, 46.7361903, 46.5291515, 46.5804705, 46.3606702, 46.3843063, 46.3211444, 46.1243843, 45.690072, 45.6299888, 45.4586275, 45.389358, 45.3760752, 45.4373253, 45.3845663, 45.1207215, 
44.9265683, 44.9102813, 44.7435379, 44.8387524, 44.9298952, 45.0748646, 45.0899599, 44.978359, 44.7773782, 44.3195044, 44.0425754, 43.9382987, 43.6902692, 43.6696373, 43.4873022, 43.3550943, 42.7798099, 42.6326557, 42.4704558, 42.4574461, 42.3969904, 42.4632806, 42.4027505, 42.4111919, 42.2899827, 41.938198, 41.5818449, 41.6541931, 41.6608221, 41.8746637, 41.7999569, 41.8817148, 42.1514934, 42.1446657, 42.2251326, 42.5041223, 42.5260204, 42.6725291, 42.6874009, 42.5663407, 42.6529151, 42.7945576, 
42.7543366, 42.7246426, 42.8987101, 43.2356478, 43.413663, 44.0050606, 44.0259159, 44.2951235, 44.2508804, 44.5147996, 44.6677139, 44.9548968, 45.0447485, 44.999835, 45.077397, 45.067739, 45.1933924, 45.4869063, 45.7274627, 46.0226401, 46.312554, 46.5784595, 46.9571327, 47.0050006, 47.324261, 47.4886457, 47.6926059, 47.8308469, 48.0301891, 47.9888757, 48.108198, 48.1785103, 48.3381777, 48.4973734, 48.5757795, 48.6802051, 48.9144303, 49.0154297, 49.1701564, 49.1158829, 49.1325672, 48.9506292, 48.7206247, 
48.5399282, 48.4321508, 48.4312818, 48.2582322, 48.1267443, 47.2186188, 47.0485734, 47.0505596, 46.8628616, 47.0047275, 46.9956157, 47.048623, 47.2346576, 47.0561955, 47.0371526, 47.0349181, 47.0293815, 47.0287857, 47.0287608, 47.0278422, 47.0264767, 47.0237953, 46.4926547, 45.9391194, 45.5349233, 45.4210879, 45.2199581, 45.2287223, 45.3861552, 45.2621901, 45.2175746, 45.125116, 45.1335078, 45.0526934, 44.9106785, 44.7044094, 44.1100572, 43.820615, 43.4722565, 43.1499424, 43.0417429, 42.8980894, 
42.8241026, 42.6248846, 42.2354361, 42.2108318, 42.063901, 42.0218924, 41.8923907, 41.8407986, 41.6447337, 41.4689778, 41.3930297, 41.2272795, 41.187704, 41.0032833, 41.0012971, 41.0623982, 40.941338, 40.6218045, 40.3496176, 40.3746937, 40.2798019, 40.6622986, 40.4608957, 40.434901, 40.5220465, 40.353739, 40.2822102, 40.0935191, 40.0486305, 39.7821292, 39.599496, 39.4829048, 39.4590453, 39.3553397, 38.9524842, 38.907397, 38.6117478, 38.5244534, 38.640275, 38.4714957, 38.445948, 38.2281587, 38.024571, 
37.5382942, 37.420834, 37.3229132, 37.2340794, 37.2845791, 37.2392684, 37.0308641)))"
Colombia,COL,79.940155,14468.964,51737891,Colombia,Americas,Latin America & Caribbean,Latin America and the Caribbean,"list(c(-71.3237807, -71.1133789, -71.272994, -71.608795, -71.9567776, -72.1404873, -72.2279532, -72.414574, -72.7129792, -73.03212, -73.2704231, -73.6679832, -73.9779877, -74.1925994, -74.2658683, -74.3886251, -74.5429556, -74.833792, -75.0434773, -75.2601043, -75.2773915, -75.5141271, -75.5224572, -75.6291808, -75.5741843, -75.6788031, -75.9383793, -76.1742192, -76.1892223, -76.3413583, -76.6680231, -76.8879642, -76.7592062, -76.7208699, -76.7662375, -76.9245539, -76.9534405, -77.128641, -77.2469192, 
-77.3705269, -77.4499315, -77.2594144, -77.1915197, -77.3252041, -77.4407505, -77.5688815, -77.8178436, -77.8929487, -77.6981322, -77.7064175, -77.3505079, -77.4841027, -77.3601367, -77.2572199, -77.4235081, -77.4098933, -77.3270403, -77.3418643, -77.483431, -77.4331817, -77.1229084, -77.3490747, -77.4722346, -77.6155479, -77.5700907, -77.9126095, -78.0898253, -78.2084619, -78.2887621, -78.5070462, -78.689905, -78.6553307, -78.5255873, -78.5515629, -78.8076906, -79.0202421, -78.8102434, -78.6486128, 
-78.3949931, -78.1854422, -77.8671971, -77.7151059, -77.6627069, -77.4879543, -77.5205133, -76.8435819, -76.732738, -76.5847222, -76.4116266, -76.3141736, -76.0050199, -75.8101139, -75.6687711, -75.3957593, -75.2547748, -75.1799384, -74.7311439, -74.4217215, -74.2660922, -74.2735714, -74.0597211, -73.8652181, -73.6201971, -73.4637169, -73.4290978, -73.1476215, -73.0947747, -73.1508909, -72.8981668, -72.6269912, -72.3645487, -72.0515435, -71.8854792, -71.7188775, -71.4583608, -71.389033, -71.1343384, 
-70.8563106, -70.6762733, -70.6055571, -70.305271, -70.2160585, -70.0565329, -70.7133556, -70.4999979, -70.3407858, -69.947346, -69.8472059, -69.5984677, -69.4385391, -69.4035617, -69.6246224, -69.6071113, -69.9189969, -70.0436795, -70.0436795, -69.6308476, -69.4805926, -69.3514314, -69.2125967, -69.1462695, -69.2108053, -69.3212909, -69.8458175, -69.8458175, -69.5338872, -69.390977, -68.1625133, -68.2801198, -68.1856674, -68.0276644, -67.6022031, -67.547968, -67.3670797, -67.3252054, -67.1390324, 
-67.0768255, -67.0880219, -66.8527641, -66.846315, -67.069839, -67.2230051, -67.187759, -67.3919804, -67.5630606, -67.6563486, -67.860794, -67.3331772, -67.5004954, -67.6329707, -67.8552854, -67.809873, -67.85851, -67.6009939, -67.5977246, -67.4066252, -67.552133, -67.7847484, -67.9735189, -68.1244009, -68.2745664, -68.4512, -68.6484797, -69.1118743, -69.2526796, -69.4275666, -70.1178889, -70.3234987, -70.5435741, -70.8846598, -71.0241663, -71.1289642, -71.4492694, -71.7612445, -72.0486325, -72.2521374, 
-72.4758405, -72.4590011, -72.3538002, -72.3877923, -72.6544894, -72.7776941, -72.9316663, -73.0070849, -73.1721639, -73.3657712, -73.1447553, -73.085549, -72.9708983, -72.8854926, -72.6497422, -72.442968, -72.2456883, -71.9723629, -71.3782397, -71.3335439, -71.3237807, 11.8482257, 12.0904206, 12.343366, 12.4416591, 12.2554757, 12.2430369, 11.9174703, 11.7949701, 11.7066329, 11.4934119, 11.2925801, 11.2576226, 11.3442715, 11.3005249, 11.0105117, 10.7412545, 10.9992647, 11.1017786, 10.901344, 10.8064274, 
10.7200764, 10.5735925, 10.1715067, 9.7963342, 9.5622331, 9.4084002, 9.4213603, 9.2338361, 9.1180394, 8.9225951, 8.6675642, 8.6259032, 8.3921994, 8.0688673, 7.9155061, 7.9251889, 8.1280319, 8.4149168, 8.4732372, 8.6771229, 8.5005726, 8.2057428, 7.9227062, 7.8955446, 7.6576945, 7.5080575, 7.4581785, 7.2221905, 7.0374967, 6.9319041, 6.5525854, 6.1898268, 6.0397925, 5.7574262, 5.4605357, 5.1863874, 4.7518765, 4.4443845, 4.2468051, 4.0160558, 3.7080175, 3.5267748, 3.3480396, 3.0033556, 2.9299151, 2.6309887, 
2.5694406, 2.6257252, 2.4805572, 2.5160112, 2.192406, 1.9809727, 1.8419868, 1.7457047, 1.8054155, 1.608283, 1.4287285, 1.2767825, 1.1524202, 0.9380572, 0.8015044, 0.8505144, 0.7058182, 0.5873152, 0.4205222, 0.2395277, 0.2887364, 0.2189207, 0.2415139, 0.4343761, 0.2970537, 0.0533939, 0.0425193, -0.0957466, -0.1158074, -0.038891, -0.3386119, -0.4999924, -0.8425164, -0.9773808, -1.0540242, -1.2261055, -1.263372, -1.5897827, -1.7896215, -1.8036244, -2.0301778, -2.261523, -2.4354168, -2.3592948, -2.4897151, 
-2.3352119, -2.31242, -2.1598285, -2.2745576, -2.4081062, -2.2873439, -2.2326732, -2.347874, -2.4837068, -2.4982559, -2.6491839, -2.7608841, -3.7931981, -3.8746829, -3.8005471, -4.2271132, -3.7324446, -2.3257277, -1.4045924, -1.1056163, -0.7463087, -0.5082849, -0.3275387, -0.1252668, 0.5632819, 0.6288024, 0.734246, 0.6137319, 0.6095857, 0.7700973, 1.0159171, 1.0877438, 1.0763975, 1.7135775, 1.7762925, 1.7275059, 1.7275059, 1.8344888, 1.9806251, 1.8094872, 2.0453759, 2.1502236, 2.2213552, 1.940851, 
1.7961796, 1.4543756, 1.1680865, 1.2287656, 1.3270587, 1.9314909, 2.2538796, 2.3487713, 2.5738351, 2.6566606, 2.7964658, 2.864196, 3.3357995, 3.7659656, 3.7813588, 4.521723, 5.0411946, 5.2553341, 5.5392646, 5.827664, 6.0073674, 6.2755819, 6.3168705, 6.2089442, 6.2293774, 6.1615479, 6.186475, 6.1326981, 6.2214077, 6.0585623, 6.107473, 6.9793997, 6.9352062, 7.0690528, 7.0653286, 6.974161, 7.0326801, 7.0179324, 7.0686803, 7.039756, 7.379251, 7.4897346, 7.9110371, 8.15497, 8.3463177, 8.614979, 9.1146131, 
9.0828833, 9.2899221, 9.1797364, 9.1716674, 9.5425447, 9.5561006, 9.8547788, 10.4541213, 10.8669327, 11.1257374, 11.1452272, 11.6439676, 11.8122254, 11.8505346, 11.8482257))"
Comoros,COM,31.981203,1900.3983,834135,Comoros,Africa,Sub-Saharan Africa,Sub-Saharan Africa,"list(c(43.3567283, 43.2790256, 43.2408685, 43.514149, 43.396856, 43.3567283, -11.3652474, -11.3973498, -11.7823541, -11.8980018, -11.6467448, -11.3652474))"
Congo,COG,68.34945,4187.507,6035057,Congo - Brazzaville,Africa,Sub-Saharan Africa,Sub-Saharan Africa,"list(c(14.8773309, 15.0484112, 15.0572787, 15.1756465, 15.236062, 15.4739621, 15.5712808, 15.8791356, 16.1926783, 16.1746745, 16.2469134, 16.2237593, 16.494935, 16.6600587, 16.6929312, 16.8894496, 17.1466522, 17.2753206, 17.6457855, 17.7236673, 17.6778519, 17.7722595, 17.9582533, 17.873161, 17.8510818, 17.9260974, 18.0916242, 18.0934156, 18.1847331, 18.4174828, 18.5302525, 18.6501878, 18.6258245, 18.5367464, 17.8544407, 17.7890988, 17.4683905, 17.363951, 16.7572879, 16.5883573, 16.5005779, 16.5092663, 
16.1911556, 16.0808939, 16.0519177, 16.1469076, 15.8796731, 15.7475113, 15.4885173, 15.3485629, 15.2497663, 14.9161599, 14.6082602, 14.2945832, 13.2970331, 13.1380449, 13.3242178, 13.5547283, 13.8109904, 14.1805596, 14.496431, 14.3677178, 14.2563365, 14.1118588, 13.8775863, 13.9326276, 13.8741826, 14.152927, 14.1664522, 14.434045, 14.5250937, 14.4295216, 14.5211974, 14.3894387, 14.454691, 14.4314474, 14.2595162, 14.1975332, 14.2579935, 14.1424024, 13.8665691, 13.8967992, 13.7758787, 13.4877294, 13.0780773, 
12.9204326, 12.845641, 12.5782721, 12.4453043, 12.5033462, 12.5139155, 12.1137131, 11.9874183, 11.7074647, 11.5393403, 11.6635302, 11.8008423, 11.9463501, 11.9486341, 11.7576244, 11.4840303, 11.2650297, 11.1520809, 11.3925338, 11.7114954, 11.8261908, 11.8974892, 12.0163049, 12.3125155, 12.4236729, 12.6377472, 12.7583095, 12.875692, 13.1027092, 13.44169, 13.6006334, 13.7288988, 13.7361092, 13.9440031, 14.0500101, 14.3467582, 14.4648573, 14.3579994, 14.418594, 14.6492836, 14.8704787, 14.8773309, -4.7375722, 
-4.5314272, -4.5210244, -4.3848688, -4.3175111, -4.2697673, -4.0314951, -3.9571359, -3.3746267, -2.8789898, -2.6000249, -2.1571222, -1.9831788, -1.7290914, -1.5909745, -1.2844756, -1.0624656, -1.0646256, -0.6875911, -0.5385748, -0.1470656, 0.13396, 0.374715, 0.577111, 1.0226951, 1.1298021, 1.6874339, 2.2663928, 2.3436568, 2.764438, 3.0650775, 3.221989, 3.4712351, 3.6134486, 3.53323, 3.6264335, 3.7077941, 3.6134982, 3.5591999, 3.4893345, 3.1706204, 2.832044, 2.2230435, 2.1919343, 2.0124791, 1.7153403, 
1.7879616, 1.919946, 1.9829837, 1.9130191, 2.0286668, 2.0002639, 2.1959564, 2.172221, 2.1721962, 1.7007912, 1.2357422, 1.2763853, 1.4289271, 1.3970482, 0.9332406, 0.6384852, 0.5369645, 0.556926, 0.2020378, -0.0530924, -0.2238082, -0.2857783, -0.4157766, -0.4828364, -0.6676047, -1.0445896, -1.4320271, -1.6149829, -1.7122582, -1.9043755, -1.9761526, -2.2484884, -2.3486437, -2.4582087, -2.4698281, -2.3361305, -2.1252434, -2.4359133, -2.3477499, -2.1253675, -1.9542297, -1.8261432, -2.0444538, -2.1371855, 
-2.4217118, -2.4243436, -2.3425361, -2.4961455, -2.8209921, -2.9129045, -3.2548575, -3.3077903, -3.4308616, -3.7215203, -3.4938745, -3.6680413, -3.9618035, -4.2111985, -4.4730323, -4.6114223, -4.8824671, -5.0407193, -4.8034403, -4.6084181, -4.5633805, -4.4173436, -4.4449024, -4.6839939, -4.8623814, -4.8129245, -4.5894745, -4.4447783, -4.5162326, -4.4099449, -4.317089, -4.4288885, -4.537361, -4.7567889, -4.9217695, -4.751724, -4.7375722))"
Cook Islands,COK,NA,NA,14706,NA,NA,NA,NA,list()
Costa Rica,CRI,69.984215,15496.82,5081715,Costa Rica,Americas,Latin America & Caribbean,Latin America and the Caribbean,"list(c(-83.6977194, -83.670042, -83.861634, -84.2227835, -84.2256946, -84.6808486, -84.9113143, -85.4238833, -85.6098323, -85.6927749, -85.6529158, -85.782077, -85.8672588, -85.8387753, -85.6589619, -85.2932443, -85.0957406, -84.9506359, -84.9195548, -85.1162971, -85.0922921, -84.733785, -84.6320773, -84.6647707, -84.4806131, -84.196181, -83.9453827, -83.6264658, -83.5946234, -83.7390563, -83.5704841, -83.2998907, -83.2951882, -83.4288278, -83.3761602, -83.1670571, -83.0973263, -83.1490086, -82.9787793, 
-82.9030024, -82.9436228, -83.0521378, -82.8314801, -82.918319, -82.7160233, -82.9360988, -82.9360988, -82.7644811, -82.5650517, -82.7819475, -83.0220868, -83.1454706, -83.452161, -83.6390057, -83.6977194, 10.9384863, 10.7976384, 10.7176681, 10.8011639, 10.8741079, 11.0846226, 10.9450409, 11.128965, 11.2196857, 11.0794336, 10.5937527, 10.5397274, 10.3688627, 10.2012504, 9.9013309, 9.7974763, 9.5672235, 9.7317075, 9.9236759, 9.9815494, 10.1677825, 9.8916729, 9.7703395, 9.6300626, 9.5279956, 9.4494157, 
9.3078229, 9.0378705, 8.8611464, 8.5962589, 8.4394218, 8.3737772, 8.5356791, 8.6198949, 8.7407069, 8.6335254, 8.4573971, 8.3635481, 8.2395582, 8.038627, 8.2712633, 8.3311479, 8.5051409, 8.7471124, 8.9438477, 9.0783894, 9.4731262, 9.5863409, 9.5702276, 9.6641511, 9.9569699, 10.0514396, 10.4429239, 10.9093385, 10.9384863))"
Cote d’Ivoire,CIV,58.102314,4011.7122,30394949,Côte d’Ivoire,Africa,Sub-Saharan Africa,Sub-Saharan Africa,"list(c(-5.5131953, -5.6495669, -5.8738074, -5.9845169, -6.2298514, -6.176288, -6.2274778, -6.3974832, -6.674033, -6.6777502, -6.9448952, -7.049066, -7.1415927, -7.3259294, -7.4551353, -7.6242898, -7.7573024, -7.9793485, -8.1210495, -8.0943126, -8.1440244, -8.0359124, -7.8493812, -7.9184403, -7.840245, -7.9346974, -7.9110507, -7.7882939, -7.6716279, -7.6503101, -7.8662205, -7.9309802, -8.190019, -8.2399099, -7.9932767, -8.1348434, -8.0953427, -8.2602873, -8.4709131, -8.3651747, -8.2816947, -8.3202997, 
-8.5740538, -8.3748932, -8.1738963, -8.0053688, -7.8364382, -7.7960418, -7.6886464, -7.4319812, -7.3759995, -7.5926265, -7.5304196, -7.4007658, -7.1857959, -7.0532758, -6.9124705, -6.7108914, -5.8191692, -5.2616357, -4.827486, -4.0083609, -3.1059798, -2.727364, -2.7613113, -2.9539781, -3.1698438, -3.2588324, -3.2306624, -2.9528137, -2.9221357, -2.8310422, -2.627403, -2.4930468, -2.5843642, -2.6698595, -2.7717015, -2.6570957, -2.6871915, -2.7581316, -2.9264351, -3.0054366, -3.1932218, -3.4063555, 
-3.7756112, -4.1272214, -4.2475598, -4.2935544, -4.6499119, -4.957498, -5.0612658, -5.2221798, -5.4039637, -5.5131953, 10.4307832, 10.4680993, 10.3556791, 10.1983455, 10.3073395, 10.5009961, 10.7048073, 10.5985693, 10.6003817, 10.3395907, 10.3502667, 10.147821, 10.2494411, 10.24023, 10.4505709, 10.4614206, 10.2942801, 10.170315, 10.049801, 9.8219565, 9.5923492, 9.3964581, 9.4216831, 9.2228622, 9.0662238, 8.981859, 8.7745223, 8.7674464, 8.6180328, 8.3777248, 8.4232093, 8.5094858, 8.4954333, 8.2344685, 
8.1272374, 7.8831059, 7.7973507, 7.5736525, 7.5572661, 7.2406872, 7.1825157, 6.8161074, 6.52237, 6.3648378, 6.2770716, 6.3215878, 6.2071814, 5.987679, 5.8975294, 5.8391841, 5.6138969, 4.9092101, 4.3619811, 4.3837054, 4.5187189, 4.5353783, 4.6620745, 4.6920912, 5.0412194, 5.1196255, 5.142914, 5.2446334, 5.0911977, 5.1316918, 5.5998443, 5.7160135, 6.2831047, 6.6163928, 6.8233074, 7.2377078, 7.61221, 7.8200185, 8.122098, 8.2064876, 8.7864893, 9.0225766, 9.1450768, 9.2534252, 9.4916726, 9.4115037, 9.5684152, 
9.7430538, 9.8847707, 9.9300318, 9.9267793, 9.8472311, 9.7647533, 9.6182694, 9.7112991, 9.9193558, 10.1811151, 10.3144402, 10.2964152, 10.4307832))"
Croatia,HRV,64.741394,26986.752,3906988,Croatia,Europe,Europe & Central Asia,Southern Europe,"list(list(c(17.6489653, 18.23337, 18.5244752, 18.4379498, 18.2214571, 17.8874923, 17.6489653, 42.8887293, 42.5579241, 42.4205768, 42.5556399, 42.6230473, 42.8147177, 42.8887293)), list(c(13.582764, 13.577345, 13.8112143, 13.9787565, 14.1737522, 14.3333226, 14.8399351, 14.9253856, 14.8945285, 15.2757867, 15.1604195, 15.4708271, 15.8941387, 15.9332364, 16.1141694, 16.3482628, 16.8866729, 17.1674774, 17.5813841, 17.6412174, 17.3321085, 17.2507782, 16.7102184, 16.2121599, 16.0553214, 15.7287462, 15.7649776, 
15.9783801, 16.2912957, 16.4905012, 16.8436341, 16.9338767, 17.1664921, 17.8486634, 17.9941712, 18.269064, 18.7933219, 19.0221754, 19.1060136, 19.2579257, 18.984063, 18.9787335, 18.8904615, 18.7046468, 18.554571, 18.3318531, 17.8525597, 17.575562, 17.3132539, 17.1797934, 16.9027956, 16.6103469, 16.6061819, 16.5967322, 16.3660873, 16.0017133, 15.6808259, 15.7002179, 15.3008217, 15.3616403, 15.166152, 14.9450464, 14.8036141, 14.5957651, 14.2455432, 13.815469, 13.6525844, 13.5855855, 13.582764, 45.4775214, 
45.1946089, 44.9066068, 44.8391497, 44.9858074, 45.3512225, 45.1087545, 44.9499809, 44.6957693, 44.3653861, 44.1858068, 43.9129247, 43.6995796, 43.544555, 43.4695751, 43.5512337, 43.3995856, 43.1770543, 42.9384345, 43.089164, 43.2699102, 43.4028381, 43.8548277, 44.2168912, 44.624166, 44.8253206, 45.1664791, 45.2303858, 44.9979978, 45.2064518, 45.19518, 45.2763172, 45.150639, 45.0443016, 45.1486527, 45.1376789, 44.9948198, 44.8553622, 45.0792094, 45.2453073, 45.3985443, 45.7420366, 45.9214421, 45.9180407, 
45.7940756, 45.754227, 45.7831265, 45.9333842, 45.9662065, 46.1508755, 46.2741454, 46.4689938, 46.4749525, 46.4758214, 46.5467544, 46.3074395, 46.2270223, 45.853414, 45.7551208, 45.4951243, 45.4221555, 45.5227825, 45.4954967, 45.6277791, 45.5034168, 45.4339239, 45.4534137, 45.478589, 45.4775214)))"
Cuba,CUB,79.67266,7648.704,11059772,Cuba,Americas,Latin America & Caribbean,Latin America and the Caribbean,"list(list(c(-82.9750621, -83.0937882, -82.8391832, -82.5362995, -82.5754419, -82.7462983, -82.9750621, 21.9470473, 21.7833081, 21.4437138, 21.5658665, 21.732436, 21.9049642, 21.9470473)), list(c(-78.0133767, -78.0300368, -77.8950088, -77.6416578, -78.0133767, 22.3095576, 22.1762325, 22.0053926, 21.9304127, 22.3095576)), list(c(-81.141682, -81.4467154, -81.5625752, -82.3308689, -82.7208602, -83.2133653, -83.3595896, -83.8583199, -84.2221117, -84.3879521, -84.495034, -84.862543, -84.8117116, -84.4974972, 
-84.4433516, -84.2741524, -84.0375511, -83.9516974, -83.3666657, -83.0812931, -82.9125417, -82.7366694, -81.863354, -81.651743, -81.8391699, -82.117556, -82.1400382, -81.7570782, -81.518372, -81.3499789, -81.2229675, -80.9667054, -80.5191649, -80.0237935, -79.6374746, -79.2150139, -78.7508579, -78.5570715, -78.4988057, -78.041681, -77.8441774, -77.4725033, -77.3141869, -77.2417241, -77.081258, -77.180816, -77.3808276, -77.6025153, -77.7404096, -77.347552, -77.312082, -76.975027, -76.8649893, -76.2733741, 
-75.7084062, -75.6066986, -75.2942756, -74.9917054, -74.8383601, -74.2759002, -74.1470974, -74.2299952, -74.3837883, -74.5721557, -74.9917054, -75.1512758, -75.6241649, -75.5762445, -75.7183486, -76.1125049, -76.3608848, -76.6016511, -76.8137996, -77.0658518, -77.1566766, -77.3375649, -77.7108512, -77.8987708, -78.0421289, -78.3816918, -78.7775052, -79.1683475, -79.366702, -79.5271233, -79.6479096, -80.0129106, -80.2617383, -80.6300087, -80.9242041, -81.141682, 23.2062127, 23.089547, 23.1428523, 
23.16624, 23.02209, 22.9978829, 22.8957911, 22.7503996, 22.5641417, 22.35246, 22.0462839, 21.8871131, 21.8120587, 21.9287492, 21.7671204, 21.8903903, 21.9062553, 22.1445523, 22.2020286, 22.48581, 22.5478795, 22.7054117, 22.6770832, 22.5745445, 22.4279116, 22.4320579, 22.3628877, 22.1674931, 22.2028975, 22.0820856, 22.1249631, 22.0437763, 22.0612054, 21.7416719, 21.6829046, 21.5420566, 21.6370477, 21.3691312, 21.0583371, 20.6995509, 20.723758, 20.6679203, 20.7021082, 20.5470836, 20.4741892, 20.2878816, 
20.2112382, 20.0512481, 19.8791419, 19.8553817, 19.9091339, 19.8887751, 19.9387286, 19.9912145, 19.9554377, 19.8971421, 19.8829406, 19.9162098, 20.0320562, 20.0645557, 20.1767028, 20.3161852, 20.2941382, 20.4549725, 20.6945357, 20.6808308, 20.7628866, 21.0125298, 21.1287238, 21.1137279, 21.2704159, 21.2862561, 21.3816692, 21.5954115, 21.4762382, 21.7587286, 21.783755, 21.8691626, 22.0566371, 22.2353971, 22.3887582, 22.3737126, 22.4237158, 22.5500395, 22.7599831, 22.9300037, 22.8995897, 23.089547, 
23.0512129, 23.2062127)))"
Curacao,CUW,NA,NA,185305,NA,NA,NA,NA,list()
Cyprus,CYP,61.253,31523.498,1331324,Cyprus,Asia,Europe & Central Asia,Western Asia,"list(c(33.0130016, 33.6032284, 33.700995, 33.902171, 33.9142183, 34.0658169, 34.1266355, 33.484144, 32.98828, 32.8258434, 32.5479499, 32.3236198, 32.4257306, 32.7549033, 33.0130016, 34.6437728, 34.814439, 34.9781781, 34.9645477, 35.1611588, 35.3262387, 35.5045518, 35.334556, 35.3704073, 35.140378, 35.1741438, 34.9099762, 34.7420163, 34.6503522, 34.6437728))"
Czechia,CZE,78.00106,32247.395,10673169,Czechia,Europe,Europe & Central Asia,Eastern Europe,"list(c(16.9403706, 17.2014695, 17.5199385, 18.0228786, 18.1842852, 18.3786987, 18.5974306, 18.850916, 18.8045631, 18.5349549, 18.0354633, 17.861696, 17.6044934, 17.1109134, 16.9805879, 16.7060534, 16.3630419, 16.4449097, 16.3431572, 15.8855399, 15.4213392, 15.237316, 14.8233645, 14.5984522, 13.8247395, 13.6512857, 13.4639483, 12.5133781, 12.1965213, 12.5501469, 12.4055348, 12.6568257, 12.9458707, 13.5805695, 13.8396979, 14.0543991, 14.3422349, 14.4709929, 14.7062507, 14.8092571, 14.9553919, 14.9699023, 
15.0529345, 15.3672385, 16.1029731, 16.4622864, 16.8002818, 16.9403706, 48.6166957, 48.8779087, 48.8129592, 49.0211898, 49.2862014, 49.3299728, 49.510719, 49.5169011, 49.6788775, 49.9001427, 50.010949, 49.980535, 50.1708896, 50.4044693, 50.235988, 50.0966297, 50.377556, 50.5795796, 50.6613871, 50.6749927, 50.8036751, 50.9943524, 50.8705611, 50.9873509, 50.7252689, 50.7320718, 50.6038859, 50.396872, 50.1199678, 49.8998199, 49.7619513, 49.4339515, 49.3436033, 48.970839, 48.7716706, 48.6042569, 48.5546759, 
48.6471097, 48.5909989, 48.7758417, 48.7921287, 48.8239331, 49.0154297, 48.9820364, 48.745527, 48.8047412, 48.7070688, 48.6166957))"
Czechoslovakia,OWID_CZS,NA,30640.914,NA,NA,NA,NA,NA,list()
Democratic Republic of Congo,COD,42.79737,844.172,102396919,Congo - Kinshasa,Africa,Sub-Saharan Africa,Sub-Saharan Africa,"list(c(23.999894, 24.1439239, 24.3792712, 24.3414723, 24.5274213, 24.7504974, 25.205114, 25.2943714, 25.3319911, 25.6557896, 26.047841, 26.3127467, 26.4332194, 26.5759057, 26.9609706, 27.0475408, 27.4763163, 27.5242367, 27.6497702, 27.8230001, 27.9610287, 28.3394654, 28.5339236, 28.8257006, 29.0056931, 29.1775347, 29.5758113, 29.6131175, 29.8147414, 29.8147414, 29.4825233, 29.4834638, 29.278481, 29.0404466, 29.0072158, 28.7172303, 28.5114414, 28.4199448, 28.3959398, 28.4559522, 28.4765535, 28.5438212, 
28.6950167, 28.6335712, 28.6221957, 28.675759, 28.5144868, 28.3800858, 28.6693099, 28.9117333, 28.95625, 28.8908633, 29.4823442, 30.7728356, 30.6969243, 30.4558445, 30.3819486, 30.1883413, 30.037504, 29.7458167, 29.5711088, 29.5047369, 29.6319274, 29.4586079, 29.3513916, 29.3414045, 29.4146286, 29.3812635, 29.2441306, 29.2488778, 29.2133182, 29.2542073, 29.09607, 29.0405361, 28.9181376, 28.8665001, 29.1156413, 29.1748028, 29.1460058, 29.3618266, 29.5911727, 29.5892021, 29.6748766, 29.6516778, 29.7283056, 
29.7181393, 29.8238777, 29.8727833, 29.9801787, 29.9895389, 30.1425258, 30.2350525, 30.475774, 30.7148385, 31.0307548, 31.3146047, 30.9835509, 30.8818881, 30.7415306, 30.8079474, 30.8865458, 30.7804043, 30.938676, 30.8501352, 30.5778847, 30.277106, 30.1633062, 30.0593145, 29.9656683, 29.838209, 29.825893, 29.4902712, 29.4459336, 29.2214244, 29.0352067, 28.7241273, 28.6678768, 28.2064528, 27.7925013, 27.7714073, 27.5587662, 27.445907, 27.4414285, 27.1353202, 26.5244921, 26.3858365, 26.0930295, 25.8554429, 
25.5695777, 25.3349917, 25.3157788, 24.9617054, 24.7278808, 24.533736, 24.110917, 23.9559147, 23.5947652, 23.4298206, 23.1691247, 22.7818653, 22.6894283, 22.5961851, 22.545891, 22.4522895, 22.2584135, 22.0884977, 21.7371562, 21.5584176, 21.2263787, 21.0766163, 20.8414033, 20.5882314, 20.465609, 20.3520332, 20.172802, 19.9134497, 19.8196691, 19.4371569, 19.1071333, 19.0193987, 18.8364055, 18.7858876, 18.5447182, 18.6465154, 18.5784864, 18.6258245, 18.6501878, 18.5302525, 18.4174828, 18.1847331, 18.0934156, 
18.0916242, 17.9260974, 17.8510818, 17.873161, 17.9582533, 17.7722595, 17.6778519, 17.7236673, 17.6457855, 17.2753206, 17.1466522, 16.8894496, 16.6929312, 16.6600587, 16.494935, 16.2237593, 16.2469134, 16.1746745, 16.1926783, 15.8791356, 15.5712808, 15.4739621, 15.236062, 15.1756465, 15.0572787, 15.0484112, 14.8773309, 14.8704787, 14.6492836, 14.418594, 14.3579994, 14.4648573, 14.3467582, 14.0500101, 13.9440031, 13.7361092, 13.7288988, 13.6006334, 13.44169, 13.1027092, 12.8824546, 12.6049642, 12.5275303, 
12.528426, 12.2023434, 12.4744148, 12.6836522, 12.9211492, 13.1393437, 13.216912, 13.2891061, 13.3602253, 13.3718247, 13.431882, 13.7738633, 14.1808283, 14.5957651, 14.9446882, 15.6800645, 15.8144207, 16.4918895, 16.5852223, 16.6025991, 16.7137564, 16.7646327, 16.9115736, 16.9774081, 17.3026397, 17.5456901, 17.875669, 18.1036267, 18.2047522, 18.3587244, 18.5306108, 18.7619274, 18.7964569, 19.3813543, 19.341764, 19.4059863, 19.5428057, 19.494527, 19.547956, 20.3029036, 20.3219822, 20.627553, 20.5530301, 
21.7403807, 21.8232337, 21.8527025, 21.7753581, 21.7753134, 21.8724081, 21.9517231, 21.8342062, 21.8614357, 21.7915705, 21.8749609, 22.0684338, 22.1773967, 22.2156883, 22.3280996, 22.328234, 22.1687979, 22.2697442, 22.4382717, 22.5776887, 22.707432, 23.1513002, 23.4839661, 23.8628507, 23.999894, -10.8899693, -11.0305442, -11.0851157, -11.3672585, -11.4649558, -11.3030787, -11.236143, -11.3009932, -11.6269322, -11.7332199, -11.9365097, -11.9635968, -11.9111606, -11.9856935, -11.915853, -11.7071756, 
-11.9543361, -12.1614494, -12.2858862, -12.2274912, -12.3145126, -12.4317245, -12.6352378, -13.0049978, -13.4231969, -13.4486702, -13.2054573, -13.4036823, -13.4444991, -12.1497058, -12.249588, -12.4581413, -12.3655337, -12.3831366, -12.2861593, -11.9901129, -11.8768734, -11.7203839, -11.4755572, -11.3717027, -11.1034882, -10.8690892, -10.6763512, -10.4655882, -9.9934632, -9.8127418, -9.3484873, -9.252801, -9.0588713, -8.7668222, -8.6016926, -8.4766848, -8.3907559, -8.2032813, -7.9702727, -7.580278, 
-7.283884, -6.9624884, -6.8222115, -6.6416639, -6.337772, -5.9458407, -5.7483358, -5.1844473, -4.951389, -4.7977796, -4.4444307, -4.1535733, -3.9150777, -3.5725537, -3.295153, -3.0519897, -2.9176715, -2.7441253, -2.680889, -2.4362857, -2.2560857, -2.1114888, -1.835677, -1.5089187, -1.3877095, -0.9005141, -0.5229333, -0.4640169, -0.0825878, 0.0747209, 0.1721203, 0.385515, 0.5087353, 0.8421226, 0.8878554, 1.1264255, 1.2099461, 1.500009, 1.7499999, 2.1476912, 2.4038394, 2.3394361, 2.4457486, 2.7009285, 
2.8118838, 3.0213061, 3.5073595, 3.5006311, 3.7537503, 3.9564691, 4.1155406, 4.1327711, 4.2957158, 4.3377244, 4.5602061, 4.694723, 4.5201092, 4.3411258, 4.4913338, 4.5365204, 4.4286685, 4.3520004, 4.6063858, 4.7913279, 4.8919548, 5.0180054, 5.0742155, 5.2073172, 5.0544526, 5.151703, 5.2460237, 5.2246967, 5.3817323, 5.2621866, 5.0330511, 4.9874673, 4.8945369, 5.0830294, 4.9185702, 4.8100977, 4.7619566, 4.602885, 4.7420199, 4.7146597, 4.4694358, 4.4799876, 4.2141069, 4.1344842, 4.1150193, 4.2179056, 
4.3120525, 4.2530617, 4.2928854, 4.4001414, 4.4543156, 4.4107429, 4.5238831, 4.766649, 4.8919797, 4.9826259, 5.1073109, 5.132387, 4.9408655, 4.7672449, 4.5871939, 4.4273278, 4.321065, 4.0616644, 3.776865, 3.4712351, 3.221989, 3.0650775, 2.764438, 2.3436568, 2.2663928, 1.6874339, 1.1298021, 1.0226951, 0.577111, 0.374715, 0.13396, -0.1470656, -0.5385748, -0.6875911, -1.0646256, -1.0624656, -1.2844756, -1.5909745, -1.7290914, -1.9831788, -2.1571222, -2.6000249, -2.8789898, -3.3746267, -3.9571359, -4.0314951, 
-4.2697673, -4.3175111, -4.3848688, -4.5210244, -4.5314272, -4.7375722, -4.751724, -4.9217695, -4.7567889, -4.537361, -4.4288885, -4.317089, -4.4099449, -4.5162326, -4.4447783, -4.5894745, -4.8129245, -4.8623814, -4.6839939, -4.7419916, -5.0181757, -5.1734238, -5.7421288, -5.7734863, -6.053767, -6.0028949, -5.8380385, -5.8849878, -5.8564607, -5.8705381, -5.9019949, -5.8670622, -5.8602842, -5.8693463, -5.8394785, -5.9047011, -5.8656718, -5.8618732, -5.8777878, -5.8435503, -5.882654, -6.0618361, -6.1298393, 
-6.7126217, -6.9132301, -7.2907365, -7.6369101, -8.1174269, -8.0812032, -8.0965964, -7.9798562, -8.0242979, -7.9166695, -7.9166447, -7.9999915, -7.9999915, -7.9017977, -7.6707504, -7.4486908, -7.3635315, -7.0000032, -7.0000032, -6.9166564, -6.9166564, -7.2833378, -7.2833378, -7.3309574, -7.6029457, -7.7745056, -8.0281959, -8.1975461, -8.5030767, -9.0581016, -9.1940585, -9.4187995, -9.6502192, -9.8739175, -9.9090984, -10.1600079, -10.3865365, -10.7603187, -10.8578422, -11.1880764, -11.1770033, -11.0281359, 
-11.112749, -11.0817391, -10.9384828, -11.0352863, -10.8899693))"
Denmark,DNK,89.16665,50689.68,5902846,Denmark,Europe,Europe & Central Asia,Northern Europe,"list(list(c(11.2516837, 11.0766175, 11.0066627, 11.4607867, 11.8341178, 11.7183476, 11.4658027, 11.2516837, 54.9587273, 54.9412238, 54.7612224, 54.6108406, 54.649994, 54.8728977, 54.8416396, 54.9587273)), list(c(14.7808631, 14.743333, 15.0682959, 15.1399525, 14.7808631, 55.2916182, 55.0628799, 54.987031, 55.1445881, 55.2916182)), list(c(10.6133125, 10.318311, 9.7758254, 9.8932975, 10.1816708, 10.5116496, 10.7766896, 10.8075468, 10.6133125, 55.6253283, 55.6220014, 55.4691616, 55.2395791, 55.077851, 
55.0253651, 55.0995257, 55.3416213, 55.6253283)), list(c(12.3099628, 11.7082709, 11.3466735, 11.0482683, 11.1591122, 11.261626, 11.7858392, 11.892518, 11.7407851, 11.9624728, 12.1674556, 12.177398, 12.0308153, 12.4508129, 12.2157791, 12.3900391, 12.6825326, 12.5191554, 12.6241324, 12.3099628, 56.1303997, 55.9487597, 55.7570645, 55.7337263, 55.5608257, 55.2004506, 55.1474681, 54.9766778, 54.8982965, 54.6700051, 54.8316091, 55.0012325, 55.1608254, 55.2758277, 55.429164, 55.6129144, 55.5883349, 55.9183457, 
56.0374693, 56.1303997)), list(c(8.9141542, 8.6630424, 8.5550201, 8.7669446, 8.9141542, 56.9538873, 56.8922152, 56.7652707, 56.6922274, 56.9538873)), list(c(9.4207667, 9.7408032, 9.5041124, 9.715813, 9.594131, 10.0241605, 9.9715824, 10.2574924, 10.2258292, 10.791648, 10.9608024, 10.8366573, 10.4249003, 10.2774667, 10.0208016, 9.290262, 9.0755608, 8.726369, 8.7283396, 8.2499867, 8.1224826, 8.1091366, 8.382641, 8.1774343, 8.0750101, 8.3191353, 8.6225117, 8.6824345, 8.6357234, 9.4207667, 54.8318078, 
54.9874034, 55.1375122, 55.2599876, 55.417495, 55.704082, 55.8795647, 55.9107484, 56.17, 56.2445826, 56.4441483, 56.5312193, 56.5245903, 56.9367065, 57.0769835, 56.9955484, 56.8075028, 56.6275014, 56.4822341, 56.6003895, 56.5599947, 56.1374756, 55.9060808, 55.7891916, 55.5570767, 55.5449608, 55.4257874, 55.1424777, 54.9114801, 54.8318078)), list(c(10.5916811, 10.2932312, 9.954967, 9.6107912, 9.3716819, 8.5941177, 8.2274596, 8.4794223, 8.681091, 9.1591752, 10.0349986, 10.335016, 10.542462, 10.5474332, 
10.425796, 10.5916811, 57.7479292, 57.6253545, 57.5920356, 57.2799753, 57.1545454, 57.12001, 56.7816571, 56.7141752, 56.9499894, 57.0352728, 57.081378, 56.9895649, 57.2241377, 57.4433173, 57.5966784, 57.7479292)))"
Djibouti,DJI,83.079254,3623.0603,1137052,Djibouti,Africa,Middle East & North Africa,Sub-Saharan Africa,"list(c(43.2586931, 43.152686, 42.8030464, 42.7819076, 43.0566213, 43.1763327, 43.3707014, 43.4070671, 43.3546234, 43.1370559, 42.8897061, 42.6826184, 42.5413652, 42.4042771, 41.9476899, 41.8352337, 41.771101, 41.8099748, 41.7960017, 42.0766271, 42.4213403, 42.647641, 42.7901034, 42.9672296, 43.2586931, 11.4606889, 11.5920279, 11.5873851, 11.7477725, 11.811555, 11.9463699, 11.9824694, 12.2214368, 12.3846794, 12.7136971, 12.6173157, 12.3712476, 12.495883, 12.4686469, 11.8112571, 11.7328262, 11.4908298, 
11.2778075, 11.0067131, 10.957132, 10.9826053, 11.0918227, 10.9879929, 10.9972288, 11.4606889))"
Dominica,DMA,70.49683,8879.6455,66801,Dominica,Americas,Latin America & Caribbean,Latin America and the Caribbean,"list(c(-61.4311773, -61.4887266, -61.3674925, -61.2678897, -61.2520805, -61.4311773, 15.6358021, 15.5382786, 15.2045436, 15.2491343, 15.4716408, 15.6358021))"
Dominican Republic,DOM,74.136505,17713.52,11230686,Dominican Republic,Americas,Latin America & Caribbean,Latin America and the Caribbean,"list(c(-71.7588261, -71.6304264, -71.4258018, -71.3133905, -71.0562775, -70.8441738, -70.6675401, -70.5233759, -70.1495969, -70.0091499, -69.8779735, -69.5300356, -69.2141642, -68.844595, -68.6558245, -68.4858639, -68.3279058, -68.7008787, -68.9183566, -69.0233336, -69.4421219, -69.6417304, -69.6225175, -69.8412942, -69.9783823, -70.2882973, -70.4549886, -70.5883596, -70.8379038, -71.0629953, -71.2492578, -71.4859039, -71.6616866, -71.7584678, -71.6796007, -71.7766059, -71.6392939, -71.7822937, -71.7380009, 
-71.8068361, -71.996144, -71.904513, -71.6982315, -71.7860109, -71.7588261, 18.0318561, 17.8224339, 17.6012432, 17.8162517, 18.1549523, 18.3453565, 18.428753, 18.2120561, 18.2333584, 18.4212301, 18.4691726, 18.4020631, 18.4486897, 18.3691663, 18.2137693, 18.334606, 18.6166496, 18.9279154, 19.0279465, 18.983753, 19.0791414, 19.0912325, 19.2254266, 19.3716622, 19.6828784, 19.6479208, 19.7861619, 19.7570389, 19.9065766, 19.9191891, 19.8304547, 19.9096056, 19.8963227, 19.7029144, 19.4340296, 19.3358109, 
19.229399, 18.948001, 18.7217704, 18.6330359, 18.6311242, 18.4572304, 18.3419551, 18.1875015, 18.0318561))"
East Timor,TLS,35.74334,NA,1369250,Timor-Leste,Asia,East Asia & Pacific,South-eastern Asia,"list(list(c(124.4757713, 124.1878011, 124.0435026, 124.2967192, 124.4626939, 124.4757713, -9.1742708, -9.2491762, -9.336272, -9.5021215, -9.2990055, -9.1742708)), list(c(125.0872712, 125.3744352, 125.5802689, 125.9453148, 126.1369515, 126.4794703, 126.5815362, 126.8211382, 127.2761579, 126.9619883, 126.5536349, 126.4186069, 126.2335984, 125.8511311, 125.6895005, 125.3910954, 125.1215768, 125.0973927, 124.9491082, 124.9826525, 125.0872712, -9.4625957, -9.2716453, -9.1942075, -9.1341491, -8.9991605, 
-8.9491822, -8.807937, -8.7617076, -8.4433163, -8.3258064, -8.4816752, -8.4149878, -8.5025305, -8.4741772, -8.5366439, -8.5633337, -8.6412184, -8.7937603, -8.9581947, -9.1914019, -9.4625957)))"
Ecuador,ECU,71.48117,10124.076,17823857,Ecuador,Americas,Latin America & Caribbean,Latin America and the Caribbean,"list(list(c(-80.0316757, -80.207548, -80.2546175, -80.0958532, -79.8987974, -80.0316757, -2.6712558, -2.7271431, -3.029173, -2.9404634, -2.7375211, -2.6712558)), list(c(-89.3441737, -89.6133788, -89.4012751, -89.3441737, -0.6838172, -0.8845746, -0.9125059, -0.6838172)), list(c(-90.2504512, -90.5154464, -90.5362269, -90.3967203, -90.23921, -90.1696583, -90.2504512, -0.4858654, -0.5308533, -0.6933511, -0.7737434, -0.7437515, -0.5742026, -0.4858654)), list(c(-91.4691516, -91.6570712, -91.5992084, -91.3854477, 
-91.4691516, -0.259585, -0.2991605, -0.4812722, -0.4525217, -0.259585)), list(c(-90.789981, -90.8550094, -90.6075252, -90.590865, -90.789981, -0.1446076, -0.2721231, -0.3729238, -0.2287489, -0.1446076)), list(c(-91.3360494, -91.4914548, -91.4112889, -91.3529335, -91.0729351, -91.3183144, -91.5112499, -91.3849999, -91.1841821, -90.9083488, -90.8241522, -90.9666594, -91.1845852, -91.1987821, -91.3360494, 0.1637285, 0.1004425, -0.042491, -0.308322, -0.6108732, -0.6895525, -0.9075155, -1.0221205, -1.0445648, 
-0.9529255, -0.7879449, -0.4263036, -0.2033253, -0.0233488, 0.1637285)), list(c(-78.8102434, -78.8989185, -79.0648036, -79.1558076, -79.4292225, -79.5297657, -79.7838781, -80.1005109, -80.0195837, -80.0614132, -80.2696654, -80.3854356, -80.5000415, -80.4442389, -80.5383778, -80.6238283, -80.8292142, -80.9125151, -80.7392403, -80.8512934, -80.7258943, -80.7896687, -80.8983629, -80.679631, -80.306255, -80.0254953, -79.8537881, -79.7158938, -79.7775633, -79.8459059, -79.9946382, -80.0642795, -80.2212971, 
-80.1822443, -80.1267551, -80.2989102, -80.4467916, -80.4524346, -80.3627294, -80.1040489, -79.792029, -79.6166046, -79.4847116, -79.4351789, -79.2620385, -79.0760895, -78.9073829, -78.8409214, -78.6561368, -78.5666555, -78.411698, -78.3409371, -78.2414239, -77.9403764, -77.8444461, -76.6335831, -76.0432667, -75.5851568, -75.5559119, -75.3867126, -75.2337705, -75.2744356, -75.227814, -75.2482362, -75.3260284, -75.5382665, -75.2547748, -75.3957593, -75.6687711, -75.8101139, -76.0050199, -76.3141736, 
-76.4116266, -76.5847222, -76.732738, -76.8435819, -77.5205133, -77.4879543, -77.6627069, -77.7151059, -77.8671971, -78.1854422, -78.3949931, -78.6486128, -78.8102434, 1.4287285, 1.1486464, 1.2138689, 1.0923121, 1.0674595, 0.9904686, 0.9273812, 0.7619538, 0.53905, 0.0943845, -0.1732837, -0.2323738, -0.4211642, -0.5744757, -0.861162, -0.9432675, -0.9544648, -1.0570035, -1.3495244, -1.5965856, -1.928657, -2.1506918, -2.3119731, -2.4040841, -2.7182051, -2.4274967, -2.4267022, -2.588629, -2.6627647, 
-3.0119922, -3.2248904, -3.4153194, -3.4386078, -3.7856257, -3.8950665, -4.0171943, -3.9971583, -4.3799778, -4.4797358, -4.2914171, -4.4937883, -4.4460941, -4.53679, -4.7330536, -4.9677753, -4.9697616, -4.8620835, -4.6536295, -4.5634302, -3.9932852, -3.7887291, -3.3820005, -3.4089138, -3.0656202, -2.9991314, -2.5901931, -2.1246227, -1.5494128, -1.5494376, -0.9301336, -0.9325419, -0.6691937, -0.5702302, -0.5183401, -0.4567672, -0.1757168, -0.1158074, -0.0957466, 0.0425193, 0.0533939, 0.2970537, 0.4343761, 
0.2415139, 0.2189207, 0.2887364, 0.2395277, 0.4205222, 0.5873152, 0.7058182, 0.8505144, 0.8015044, 0.9380572, 1.1524202, 1.2767825, 1.4287285)))"
Egypt,EGY,50.814186,13205.406,112618191,Egypt,Africa,Middle East & North Africa,Northern Africa,"list(list(c(34.2672616, 34.2187143, 34.0487984, 33.7236116, 33.4163837, 33.1389829, 32.86933, 32.7338989, 32.3102738, 32.345072, 32.3069597, 32.4469141, 32.5740598, 32.5852114, 32.6849485, 32.7509622, 32.8844227, 33.1810364, 33.2133715, 33.433223, 33.5665044, 33.7614105, 34.0895084, 34.3181379, 34.3270054, 34.3286176, 34.3323348, 34.3336784, 34.3541005, 34.4198455, 34.406589, 34.6231712, 34.6748984, 34.7427035, 34.9024978, 34.8485762, 34.6114375, 34.5434532, 34.4968316, 34.2672616, 31.2200475, 31.3235297, 
31.2234241, 31.1254288, 31.1723285, 31.0462531, 31.0904217, 31.0332185, 31.0941458, 30.6984159, 30.5802605, 30.2931522, 30.2076453, 29.9136596, 29.7488777, 29.4471457, 29.2334779, 29.0013382, 28.6407148, 28.3648037, 28.2945659, 28.0207404, 27.7953042, 27.8588136, 27.9088664, 27.9120692, 27.9146265, 27.9148996, 27.9165382, 27.9684531, 28.2928032, 28.7269913, 29.1061114, 29.3128026, 29.490644, 29.7587591, 30.3710617, 30.4129958, 30.6799192, 31.2200475)), list(c(25.1492666, 24.8595499, 24.86891, 25.0160749, 
24.9218911, 24.6967549, 24.9123966, 24.8651928, 24.9999969, 24.9999969, 24.9999969, 24.9999969, 30.0000187, 31.3150077, 33.1657198, 33.5533375, 33.9994897, 34.1494312, 34.6876622, 34.9471937, 35.2073073, 35.6196017, 35.4843946, 35.5010548, 35.407722, 35.1425476, 35.0710701, 34.6988138, 34.5385268, 34.4397302, 34.2454064, 34.0178965, 33.9324012, 33.9840387, 33.8271107, 33.5407528, 33.4879508, 33.584329, 33.1241142, 33.0193163, 32.8686582, 32.8024654, 32.6213532, 32.6668104, 32.5727163, 32.3735108, 
32.3601647, 32.5814494, 32.5678794, 32.3053026, 32.3024363, 32.0041208, 31.9497513, 31.5729717, 31.130044, 30.545057, 30.3918462, 30.3085453, 30.019769, 29.5376989, 29.1370935, 29.0021103, 28.7080045, 28.4326191, 27.9019568, 27.4472058, 27.3405269, 26.495919, 25.8852252, 25.513372, 25.1735403, 25.1492666, 31.6573143, 31.4036241, 31.1551973, 30.7771945, 30.4706211, 30.1558794, 29.608849, 29.5245339, 29.2531167, 27.8783531, 26.8540584, 22.0000049, 22.0000049, 22.0000049, 22.0000049, 21.7249629, 21.7694294, 
22.2038906, 22.2958775, 22.8602129, 22.7855806, 23.1464026, 23.4963749, 23.9762462, 24.2534235, 24.506344, 24.7536783, 25.4032226, 25.7448031, 25.8348286, 26.1589552, 26.6099021, 26.6790723, 26.9010326, 27.113608, 27.6105607, 27.7994008, 27.8473929, 28.2929769, 28.4658279, 28.570477, 28.78196, 28.9807063, 29.0992093, 29.3749466, 29.5346388, 29.6754371, 29.9557675, 30.1603732, 30.3344904, 31.2198737, 31.4091358, 31.511178, 31.4420823, 31.5986462, 31.4611748, 31.4824522, 31.3466195, 31.2875045, 30.9680704, 
30.821661, 30.8259562, 31.0027548, 31.0879885, 31.109837, 31.2151316, 31.3729866, 31.4950399, 31.6279182, 31.5218787, 31.5349382, 31.6573143)), list(c(34.5255391, 34.5050721, 34.5546496, 34.5851037, 34.5181047, 34.5255391, 28.0130934, 27.9544502, 27.9114982, 27.9664669, 27.968329, 28.0130934)))"
El Salvador,SLV,69.81238,9218.905,6280269,El Salvador,Americas,Latin America & Caribbean,Latin America and the Caribbean,"list(c(-89.3559523, -89.574102, -89.5253307, -89.6669869, -89.7745167, -89.8864354, -90.0813863, -90.1346361, -89.8395451, -89.8086879, -89.3045834, -88.8041513, -88.3544163, -87.9016358, -87.78076, -87.8194098, -87.7096856, -87.8303822, -88.013465, -88.0726265, -88.4924449, -88.5004615, -88.7321364, -88.972634, -89.0373041, -89.3559523, 14.4204576, 14.4169569, 14.2201223, 14.1853138, 14.0324988, 14.043001, 13.8776232, 13.7453408, 13.5927245, 13.520277, 13.483085, 13.2377618, 13.171993, 13.1538439, 
13.2895525, 13.4079065, 13.7875232, 13.9183904, 13.8715404, 13.9921289, 13.8622051, 13.9678473, 14.0505486, 14.2132947, 14.3333618, 14.4204576))"
Equatorial Guinea,GNQ,44.509995,22707.22,1803496,Equatorial Guinea,Africa,Sub-Saharan Africa,Sub-Saharan Africa,"list(list(c(9.8357931, 9.7640468, 9.8109372, 9.6085519, 9.6196139, 9.4553858, 9.3853415, 9.5369848, 9.5856218, 9.6741625, 9.7611806, 9.7964267, 11.3332827, 11.3332827, 9.9999764, 9.8357931, 2.3100648, 2.0936411, 1.9160481, 1.6649151, 1.5898359, 1.3960303, 1.106315, 1.1260283, 1.028033, 1.0799976, 1.0914183, 0.9994066, 1.0000025, 2.172221, 2.172221, 2.3100648)), list(c(8.7138291, 8.6131067, 8.5572593, 8.4328903, 8.4388467, 8.674821, 8.9316653, 8.8875517, 8.7138291, 3.7881864, 3.6708255, 3.4617757, 
3.4309147, 3.2819481, 3.2106676, 3.6373329, 3.7677283, 3.7881864)))"
Eritrea,ERI,27.553446,NA,3409407,Eritrea,Africa,Sub-Saharan Africa,Sub-Saharan Africa,"list(list(c(39.9593075, 40.1342393, 40.2573544, 39.9593075, 15.8856191, 15.5987838, 15.6994356, 15.8856191)), list(c(43.1370559, 43.0885533, 42.7859383, 42.6346084, 42.384482, 42.2907461, 42.1108431, 41.9713814, 41.6875315, 41.6522406, 41.1896969, 40.7517852, 40.6415683, 40.4519022, 40.2961833, 40.1552884, 40.0259034, 40.0888717, 39.8830827, 39.7155405, 39.5891561, 39.4682803, 39.4347808, 39.3067841, 39.2046286, 39.1450192, 39.0645399, 38.9395886, 38.8239975, 38.6043251, 38.5822458, 38.4520995, 38.3448384, 
38.0041558, 37.9531005, 37.5116507, 37.4604162, 37.0780384, 36.9924983, 37.0027542, 36.901987, 36.9669706, 36.7677652, 36.7047969, 36.5342988, 36.4333525, 36.524043, 36.5604087, 36.8526783, 37.0183395, 37.1342889, 37.3132962, 37.5285796, 37.912704, 38.016651, 38.2325166, 38.455324, 38.7946182, 39.0994725, 39.2636558, 39.4894638, 39.6454514, 39.9304657, 40.0906631, 40.4517678, 40.8087075, 40.9946117, 41.2493511, 41.6437761, 41.8910811, 42.0563841, 42.2183281, 42.4042771, 42.5413652, 42.6826184, 42.8897061, 
43.1370559, 12.7136971, 12.8047902, 12.8418084, 13.1192836, 13.2103767, 13.5633035, 13.6370669, 13.8473829, 13.9374829, 14.0284022, 14.6228537, 14.7369621, 14.930147, 15.0051269, 14.9024144, 14.9923654, 15.2415866, 15.3244369, 15.4831609, 15.2462294, 15.5263116, 15.5221157, 15.8065923, 15.8987034, 16.2461929, 16.6979343, 16.8933537, 17.364709, 17.6147744, 17.9290195, 18.021205, 17.8992013, 17.6523388, 17.5633312, 17.4672974, 17.3392109, 17.1176726, 17.0795372, 16.989313, 16.7455788, 16.6863397, 16.4327736, 
15.8374532, 15.7392346, 15.2290486, 15.1673268, 14.3388984, 14.2576619, 14.3221148, 14.252026, 14.4083913, 14.4459061, 14.1851648, 14.8940475, 14.7457263, 14.6920735, 14.413481, 14.4669352, 14.6359876, 14.4899506, 14.5051948, 14.6008563, 14.4151445, 14.5477993, 14.3074416, 14.1724282, 14.0154421, 13.6104515, 13.3855367, 13.0734267, 12.801215, 12.7649913, 12.4686469, 12.495883, 12.3712476, 12.6173157, 12.7136971)))"
Estonia,EST,73.46811,30067.395,1350038,Estonia,Europe,Europe & Central Asia,Northern Europe,"list(list(c(22.5650144, 22.1108008, 21.8633167, 22.2124189, 22.9133553, 23.28073, 22.9432719, 22.5650144, 58.637856, 58.4750106, 58.2587607, 58.1557999, 58.3004217, 58.4708396, 58.6170752, 58.637856)), list(c(22.586601, 22.3666599, 22.4850277, 22.6690957, 22.968307, 22.9324787, 22.586601, 59.0929243, 58.8970828, 58.7012165, 58.6983365, 58.8495625, 58.9749675, 59.0929243)), list(c(28.0648413, 27.9149446, 26.8933447, 26.6499808, 26.26823, 24.3491754, 23.4841005, 23.4241328, 23.4941772, 23.7633375, 
24.2665911, 24.533333, 24.4824567, 24.3517282, 24.8323203, 25.1058248, 25.4650485, 26.2057544, 26.2776797, 26.6759115, 27.0314629, 27.3514546, 27.4111087, 27.6563536, 27.4909611, 27.5529889, 27.3573215, 27.7311005, 28.0648413, 59.4617161, 59.4028742, 59.4503946, 59.5470491, 59.5870467, 59.4341572, 59.2075045, 58.9041339, 58.6858233, 58.3337406, 58.2754202, 58.367854, 58.0666186, 57.8765371, 57.9719254, 58.0778159, 58.0074788, 57.7149828, 57.5955612, 57.5666617, 57.604524, 57.5180737, 57.7004834, 
57.9553405, 58.2246225, 58.366265, 58.7872199, 58.9727579, 59.4617161)))"
Eswatini,SWZ,27.412643,8522.45,1218873,Eswatini,Africa,Sub-Saharan Africa,Sub-Saharan Africa,"list(c(31.9756372, 31.868824, 31.4148344, 31.1266851, 30.9615165, 30.8049915, 30.8028866, 31.1507349, 31.4938806, 31.9774734, 32.014914, 32.1346254, 32.1348941, 32.0778375, 32.0871977, 31.9756372, -25.9526825, -25.9992346, -25.7179111, -25.9211513, -26.261689, -26.4666423, -26.8249816, -27.2016438, -27.3149577, -27.3173908, -26.8222505, -26.8400769, -26.5268, -26.4055411, -26.0084954, -25.9526825))"
Ethiopia,ETH,21.863335,2289.409,125384244,Ethiopia,Africa,Sub-Saharan Africa,Sub-Saharan Africa,"list(c(42.4042771, 42.2183281, 42.0563841, 41.8910811, 41.6437761, 41.2493511, 40.9946117, 40.8087075, 40.4517678, 40.0906631, 39.9304657, 39.6454514, 39.4894638, 39.2636558, 39.0994725, 38.7946182, 38.455324, 38.2325166, 38.016651, 37.912704, 37.5285796, 37.3132962, 37.1342889, 37.0183395, 36.8526783, 36.5604087, 36.4656428, 36.4972165, 36.3908512, 36.2823809, 36.1431879, 36.1599376, 36.0090556, 35.6617, 35.2697829, 35.0868793, 35.045005, 34.9531053, 34.7627226, 34.6028387, 34.4655714, 34.2945807, 
34.3336336, 34.2334039, 34.1066612, 34.1455349, 34.1455349, 34.0212554, 33.7675461, 33.6755121, 33.3113172, 33.1869033, 33.1722137, 33.0047163, 33.319916, 33.470171, 33.7238355, 34.0040578, 34.0405131, 34.1902307, 34.3059114, 34.4605107, 34.529928, 34.8783585, 35.0110129, 34.9611667, 35.0062656, 35.1260218, 35.3058352, 35.3209279, 35.4890075, 35.8613086, 35.8093127, 35.9489984, 36.050079, 36.8434973, 37.1357668, 37.9912129, 38.1270022, 38.5194119, 38.9026854, 39.4986448, 39.7729554, 39.8658403, 40.1823388, 
40.7811645, 41.1407913, 41.3264715, 41.9069352, 42.0788216, 42.5407382, 42.8441594, 43.0490078, 43.3257816, 44.0103713, 44.970436, 45.9948574, 46.7740787, 48.0010644, 47.0010063, 46.0636478, 44.8229577, 43.9953234, 43.6429966, 43.5206877, 43.2992686, 43.255155, 43.0874337, 43.0090144, 42.8536091, 42.79812, 42.7051007, 42.7547677, 42.9672296, 42.7901034, 42.647641, 42.4213403, 42.0766271, 41.7960017, 41.8099748, 41.771101, 41.8352337, 41.9476899, 42.4042771, 12.4686469, 12.7649913, 12.801215, 13.0734267, 
13.3855367, 13.6104515, 14.0154421, 14.1724282, 14.3074416, 14.5477993, 14.4151445, 14.6008563, 14.5051948, 14.4899506, 14.6359876, 14.4669352, 14.413481, 14.6920735, 14.7457263, 14.8940475, 14.1851648, 14.4459061, 14.4083913, 14.252026, 14.3221148, 14.2576619, 13.9780515, 13.8348201, 13.5470662, 13.373818, 12.9477733, 12.6971866, 12.7242241, 12.636582, 11.9442098, 11.8075329, 11.4209645, 10.9492864, 10.7562753, 10.9059868, 10.8139502, 10.5848892, 10.1189711, 10.0493789, 9.4999899, 9.0328056, 8.6077045, 
8.4886801, 8.3676447, 8.445877, 8.4676758, 8.3831621, 8.2034835, 7.8588243, 7.7215267, 7.7524373, 7.6563786, 7.4186278, 7.2280002, 7.1315443, 6.9429028, 6.9195896, 6.7551552, 6.6068837, 6.4724165, 6.2834027, 5.8899321, 5.6244238, 5.5035622, 5.3359003, 5.4186512, 5.320656, 4.7906823, 4.6310397, 4.4568977, 4.4520563, 4.2978758, 3.734335, 3.6103699, 3.6332859, 3.5168685, 3.4685785, 3.6715455, 3.8705402, 4.0358683, 4.2833019, 3.9631229, 3.9401076, 3.9826872, 4.1791991, 4.2108048, 4.2835005, 4.5809125, 
4.7363095, 4.9592878, 4.9132819, 5.9954749, 6.7775002, 8.0013109, 8.0011371, 8.3173436, 8.7302295, 9.0031861, 9.3567833, 9.3796496, 9.6058059, 9.8448973, 9.9025971, 10.0864467, 10.2203678, 10.4529047, 10.5406461, 10.7108156, 10.9972288, 10.9879929, 11.0918227, 10.9826053, 10.957132, 11.0067131, 11.2778075, 11.4908298, 11.7328262, 11.8112571, 12.4686469))"
Falkland Islands,FLK,86.28948,NA,3475,NA,NA,NA,NA,list()
Faroe Islands,FRO,43.1062,NA,53990,NA,NA,NA,NA,list()
Fiji,FJI,57.452797,NA,919378,Fiji,Oceania,East Asia & Pacific,Melanesia,"list(list(c(178.1866389, 177.9324818, 177.8249968, 177.5003922, 177.4378718, 177.246235, 177.3375077, 177.8983105, 178.1595438, 178.3316541, 178.5649413, 178.6778453, 178.5886775, 178.5937383, 178.4332722, 178.1866389, -17.3120954, -17.4253846, -17.3729483, -17.5466931, -17.759194, -17.96087, -18.1196188, -18.2771014, -18.2625027, -18.1245844, -18.1521184, -18.0425286, -17.9083344, -17.6466994, -17.5613166, -17.3120954)), list(c(179.7346017, 179.5828687, 179.6141737, 179.3425055, 179.1950271, 178.9908057, 
178.8749458, 178.694595, 178.5957984, 178.6974613, 178.9683234, 179.301706, 179.4708604, 179.9066672, 179.9941779, 180, 180, 180, 179.7346017, -16.467529, -16.5516952, -16.7829162, -16.8045909, -16.7062729, -16.9079241, -16.8645996, -16.9966585, -16.8029522, -16.6762809, -16.4820781, -16.4187424, -16.2679385, -16.1929338, -16.1462824, -16.1479211, -16.166666, -16.1712592, -16.467529)))"
Finland,FIN,87.650856,40701.465,5569254,Finland,Europe,Europe & Central Asia,Northern Europe,"list(list(c(22.956618, 22.859165, 22.5008369, 22.3774531, 22.776715, 22.854149, 22.9842058, 22.956618, 60.3145501, 60.2441386, 60.2149659, 60.0166665, 60.0154003, 60.1983065, 60.30087, 60.3145501)), list(c(20.550343, 20.7728816, 21.4224939, 22.1103978, 22.8153648, 23.0693876, 23.3880358, 23.5478301, 23.395291, 23.7579632, 23.5544136, 24.0002971, 23.8684041, 23.6496274, 23.7293454, 23.935403, 24.1457153, 25.0491713, 25.3266616, 25.3100462, 25.4632571, 24.5499484, 24.3575503, 23.152375, 22.9032338, 
22.6191152, 22.2058802, 22.380812, 22.1358359, 21.5242016, 21.4074908, 21.1291048, 21.1224317, 21.4207025, 21.2924371, 21.4391541, 21.6873996, 21.5615526, 21.2991997, 21.409954, 21.3424624, 21.5607913, 21.8224276, 22.0157662, 22.5974838, 22.6207722, 22.8066765, 22.8741681, 23.0241544, 23.0391575, 22.9057866, 22.8992031, 23.0191832, 23.1232645, 23.8173935, 24.3082863, 24.4533462, 24.8525186, 25.2816523, 25.9266517, 26.1524149, 26.3857917, 27.0782188, 27.6882856, 27.7996669, 28.8197441, 29.2646423, 
29.7479664, 30.304649, 31.2221676, 31.5870791, 31.2380216, 30.7877939, 30.4837906, 29.9715799, 30.2606697, 30.5279042, 30.4828053, 30.0457893, 30.0431918, 29.7400394, 29.6266875, 29.8596612, 29.7334111, 30.0874398, 29.9241522, 29.0619884, 29.0726025, 29.9301086, 30.0171715, 29.6596496, 29.3268045, 28.6467381, 28.4340074, 28.9300058, 28.8314779, 29.3376425, 29.1336002, 28.4035981, 27.9846306, 27.6074927, 27.0352696, 26.4630465, 25.8924804, 25.9760052, 25.6933645, 25.7751427, 25.1418771, 24.9184875, 
24.2728611, 23.9835025, 23.6724679, 23.1680051, 22.533172, 21.6276111, 21.281196, 20.550343, 69.0600843, 69.0329475, 68.6938994, 68.4863889, 68.3934088, 68.3008261, 68.0477317, 67.6261809, 67.4918875, 67.434734, 67.1675374, 66.8065913, 66.5644211, 66.4596976, 66.1984349, 66.1044866, 65.8376128, 65.6224802, 65.4854309, 65.2437821, 64.9454267, 64.821263, 64.534974, 63.9074768, 63.6936848, 63.6991221, 63.4549906, 63.3558285, 63.2399821, 63.2199957, 62.8783159, 62.7716309, 62.4816425, 62.2125094, 62.0141603, 
61.9274617, 61.5691473, 61.3120557, 61.0782773, 60.9629275, 60.6841364, 60.5641438, 60.5983068, 60.4650065, 60.3600346, 60.2366654, 60.2620642, 60.3041721, 60.3424814, 60.3208067, 60.2291674, 60.1433378, 60.1274729, 59.9412149, 59.9708344, 60.0570861, 59.98372, 60.2025024, 60.2554104, 60.252878, 60.3791768, 60.3633367, 60.5337049, 60.4862094, 60.5472609, 61.121577, 61.2907534, 61.5827281, 61.9624937, 62.4983268, 62.9085313, 63.2188288, 63.4053102, 63.4667838, 63.7570701, 63.8219203, 64.0488213, 64.2622657, 
64.4022447, 64.7929594, 64.7896325, 65.0608759, 65.2151557, 65.4724459, 65.8506226, 66.1267323, 66.8518026, 66.995481, 67.5223015, 67.6735772, 67.8029547, 68.0745209, 68.1964253, 68.5392224, 69.0518166, 69.2240717, 69.4786309, 69.6955512, 69.8193673, 70.0133218, 70.0751927, 69.9098645, 69.9389627, 69.6613137, 69.6116829, 69.2026453, 69.0135818, 68.7875746, 68.6058105, 68.7219051, 68.826877, 68.7042526, 68.6290741, 68.7442501, 69.2763342, 69.3112917, 69.0600843)))"
France,FRA,87.79198,39065.71,66277365,France,Europe,Europe & Central Asia,Western Europe,"list(list(c(69.0416508, 68.7854335, 68.7341542, 68.9008455, 68.7675193, 68.794928, 69.0940945, 69.2591735, 69.4366133, 70.0749845, 70.3258275, 70.1483429, 69.9466295, 69.7491706, 70.5399913, 70.4600046, 69.9899818, 69.7633676, 69.4457943, 69.3658523, 69.0786883, 69.1657959, 69.0416508, -48.6554235, -48.8458525, -49.0691783, -49.4458653, -49.6083383, -49.7329489, -49.6883582, -49.5683408, -49.6413096, -49.7346124, -49.5700291, -49.5112617, -49.596272, -49.4349908, -49.3029318, -49.0704197, -49.1395899, 
-49.2921069, -49.2225147, -49.0800033, -48.9100075, -48.778743, -48.6554235)), list(c(9.4300373, 9.342034, 9.3445867, 9.1232573, 8.7195616, 8.5487949, 8.5916545, 8.8028625, 8.7041555, 8.8666369, 9.220352, 9.386685, 9.4204084, 9.5470616, 9.5245345, 9.4300373, 43.0195469, 42.9958115, 42.7342013, 42.7320661, 42.5249528, 42.3441569, 42.1270629, 41.8908514, 41.7379123, 41.5187327, 41.3749799, 41.6545655, 41.9674699, 42.1008447, 42.5691462, 43.0195469)), list(c(1.7257832, 2.0854548, 2.3101432, 2.454173, 
2.8375809, 3.1728444, 3.0320391, 3.0820196, 3.3458057, 3.5150049, 3.8982784, 4.6116651, 4.6820678, 4.9699484, 5.03744, 5.3645974, 5.4591394, 5.8095404, 6.1245161, 6.6162151, 6.7424651, 7.1557896, 7.4183217, 7.4116934, 7.4391021, 7.5298821, 7.4974575, 7.7169508, 7.5715326, 7.3591154, 6.9208006, 7.0238071, 6.8392016, 6.6270084, 7.1357258, 7.1854376, 6.9996677, 7.0014591, 6.8198095, 7.0441844, 6.8050751, 6.8211083, 6.515851, 6.0316312, 6.1133645, 6.4378348, 6.4355508, 6.6297403, 7.0622777, 6.9891879, 
7.3824934, 7.5894467, 7.5116993, 7.5765037, 7.667015, 7.8380057, 8.1038967, 8.1905564, 7.9408778, 7.6727028, 7.4937851, 7.0466924, 6.7130411, 6.5372136, 6.3671187, 5.9833525, 5.8186318, 5.4646927, 5.2696971, 4.8658223, 4.8400259, 4.4519604, 4.2259732, 4.1227876, 3.6576912, 3.4811024, 3.2877638, 3.1497352, 2.9263903, 2.6315232, 2.5434303, 1.7366213, 1.5757969, 1.5391176, 1.4441278, 1.0716028, 0.5557645, 0.2057665, 0.0662152, 0.1299896, -0.2191574, -1.1704442, -1.3584085, -1.8599603, -1.8220718, -1.6054448, 
-1.5729306, -1.4537566, -1.8325068, -1.9791342, -2.2066889, -2.3271616, -2.6417343, -3.0812583, -3.2233176, -3.5733155, -4.3487748, -4.780103, -4.7642042, -4.505882, -4.2812384, -4.500463, -4.3508797, -3.9133711, -2.9308689, -2.8183679, -2.4570841, -2.5225603, -2.3008726, -2.0000042, -2.1445715, -1.9304077, -1.8170558, -1.2125425, -1.0778727, -1.2387867, -1.0292358, -1.1537392, -1.2104375, -1.0520763, -1.258761, -1.3079801, -1.4462775, -1.5983687, -1.7818993, -1.3776662, -1.4399627, -1.1149103, -0.8195057, 
-0.5542418, -0.2850815, -0.0073672, 0.1757155, 0.6765059, 0.7071839, 1.3354784, 1.4385744, 1.73792, 1.7257832, 42.5043954, 42.3611391, 42.4285217, 42.3686123, 42.4580171, 42.4359204, 42.6107824, 43.051674, 43.2720454, 43.274553, 43.5129244, 43.4579309, 43.3841428, 43.4262507, 43.3303906, 43.3116457, 43.2120615, 43.1141407, 43.0791335, 43.1624804, 43.4178837, 43.655411, 43.724606, 43.7342889, 43.7490862, 43.7840189, 43.8710651, 44.0830198, 44.1518672, 44.1163138, 44.352426, 44.8233344, 44.8609485, 
45.1032179, 45.2534259, 45.405223, 45.5046085, 45.6377102, 45.8341973, 45.9225097, 46.2035352, 46.4281025, 46.4540723, 46.2390141, 46.5762995, 46.7624085, 46.930567, 46.9972296, 47.343726, 47.4952995, 47.4325101, 47.5905637, 47.7021149, 48.1211829, 48.2184085, 48.6430876, 48.8166586, 48.9519451, 49.0554024, 49.0459927, 49.1685923, 49.1176705, 49.1883552, 49.4334301, 49.4694801, 49.4517282, 49.5463965, 49.5095769, 49.6940721, 49.8052013, 50.0356278, 49.939445, 50.064006, 50.2975112, 50.3684193, 50.5325061, 
50.5274661, 50.7899949, 50.7055805, 50.8170572, 51.0895421, 50.9437285, 50.8641307, 50.2775, 50.1016697, 49.927056, 49.8445781, 49.7145799, 49.5216432, 49.4045803, 49.2845628, 49.4083293, 49.7070819, 49.6504001, 49.4008065, 49.212463, 48.7541174, 48.631642, 48.6129218, 48.6862134, 48.5812416, 48.6841776, 48.524535, 48.8299911, 48.8687224, 48.6787403, 48.6796837, 48.5067831, 48.3792676, 48.3775794, 48.1580273, 48.0021834, 47.8279172, 47.8695783, 47.5545883, 47.6212508, 47.4266507, 47.3020898, 47.2328948, 
47.0551776, 46.8208282, 46.6799802, 46.4974713, 46.2670943, 45.908333, 45.6949879, 45.6245764, 45.4933367, 44.9324773, 44.7074632, 44.5433019, 44.1600107, 43.6474165, 43.4353873, 43.3484652, 43.2352754, 43.0455167, 43.0243138, 42.949607, 42.7811258, 42.8379814, 42.6836519, 42.7376523, 42.6909016, 42.861245, 42.7242702, 42.6031603, 42.6113038, 42.5043954)), list(c(-51.6544786, -51.6363405, -51.8014195, -51.952212, -52.1875593, -52.2167146, -52.3938409, -52.5987789, -52.7971334, -53.8706396, -54.0005621, 
-54.0535432, -54.2588395, -54.4369063, -54.4633744, -54.3977638, -54.355576, -54.1955577, -53.9799608, -53.9995768, -54.2129344, -54.1796589, -54.3489477, -54.5544232, -54.4767205, -54.2888009, -53.9390717, -53.7678571, -53.5315245, -53.3204957, -53.2320445, -52.9902481, -52.6605827, -52.5537695, -52.2348527, -51.9168315, -51.6544786, 4.0591071, 4.1966282, 4.5312321, 4.508465, 4.7471592, 4.8571463, 4.9467497, 5.1625776, 5.3084159, 5.748091, 5.6263108, 5.4314127, 5.2735081, 5.0149765, 4.7464641, 4.5732407, 
4.0509884, 3.8075273, 3.5953739, 3.43665, 3.1546561, 2.8581876, 2.5230872, 2.3257312, 2.2127648, 2.147145, 2.2219014, 2.3771743, 2.2538299, 2.3450472, 2.2571569, 2.164723, 2.3750391, 2.6367487, 3.2428444, 3.7841892, 4.0591071)), list(c(-149.4885544, -149.6140431, -149.5782148, -149.3047999, -149.3385681, -149.4885544, -17.4835312, -17.5565, -17.7231689, -17.7623223, -17.536042, -17.4835312)), list(c(-61.4588099, -61.5471267, -61.7979698, -61.7663513, -61.671675, -61.5529489, -61.372598, -61.4588099, 
16.5065866, 16.2923974, 16.3207755, 16.0607791, 15.9553852, 16.0541004, 16.345355, 16.5065866)), list(c(-61.1509551, -61.2352412, -61.061653, -60.8167664, -61.035767, -61.1509551, 14.8767177, 14.8207062, 14.4499779, 14.4773629, 14.8284276, 14.8767177)), list(c(167.9749844, 167.8345373, 167.9616831, 168.1195964, 167.9749844, -21.344573, -21.4858679, -21.6495822, -21.615022, -21.344573)), list(c(167.1991668, 167.1821036, 167.0604216, 167.1616814, 167.4179435, 167.3845336, 167.1991668, -20.6771031, 
-20.8292229, -20.9525176, -21.0854455, -21.1616916, -21.0125263, -20.6771031)), list(c(164.001668, 164.1558642, 164.1707777, 164.2986848, 164.3974814, 164.6507877, 164.9037356, 165.0074586, 165.2807392, 165.4266052, 165.8026683, 166.144157, 166.267496, 166.417124, 166.738325, 167.0299675, 166.9445618, 166.5633484, 166.4070921, 165.4161255, 165.2175022, 164.8941068, 164.5041603, 164.1666574, 164.001668, -20.079573, -20.3162562, -20.4929555, -20.5900073, -20.7779535, -20.9429093, -21.2816842, -21.3196459, 
-21.576241, -21.6262938, -21.8617604, -21.9654412, -22.1729269, -22.1749876, -22.3887796, -22.2463178, -22.1016712, -21.8762598, -21.7066613, -21.0767061, -20.7687424, -20.638769, -20.3046368, -20.2387936, -20.079573)), list(c(55.4515644, 55.2164858, 55.3396905, 55.5494653, 55.7697199, 55.8367189, 55.650949, 55.4515644, -20.8720756, -21.0391665, -21.2806166, -21.3713373, -21.3655773, -21.1842601, -20.9170387, -20.8720756)))"
French Guiana,GUF,79.16,NA,298280,NA,NA,NA,NA,list()
French Polynesia,PYF,NA,NA,280335,NA,NA,NA,NA,list()
Gabon,GAB,89.014084,15720.901,2430702,Gabon,Africa,Sub-Saharan Africa,Sub-Saharan Africa,"list(c(13.2970331, 13.2469182, 12.7112848, 12.5721365, 12.2442626, 11.7018218, 11.3674987, 11.3332827, 11.3332827, 9.7964267, 9.6622944, 9.553018, 9.6174194, 9.3229106, 9.4956479, 9.3007866, 9.3473634, 9.2918295, 9.0641405, 8.7057229, 8.9876919, 9.02146, 9.2476263, 9.2872614, 9.5851292, 9.6230176, 9.8954024, 10.408464, 10.6600684, 10.6433635, 10.8194149, 11.1520809, 11.2650297, 11.4840303, 11.7576244, 11.9486341, 11.9463501, 11.8008423, 11.6635302, 11.5393403, 11.7074647, 11.9874183, 12.1137131, 
12.5139155, 12.5033462, 12.4453043, 12.5782721, 12.845641, 12.9204326, 13.0780773, 13.4877294, 13.7758787, 13.8967992, 13.8665691, 14.1424024, 14.2579935, 14.1975332, 14.2595162, 14.4314474, 14.454691, 14.3894387, 14.5211974, 14.4295216, 14.5250937, 14.434045, 14.1664522, 14.152927, 13.8741826, 13.9326276, 13.8775863, 14.1118588, 14.2563365, 14.3677178, 14.496431, 14.1805596, 13.8109904, 13.5547283, 13.3242178, 13.1380449, 13.2970331, 2.1721962, 2.2741142, 2.2293746, 2.2715818, 2.2518437, 2.3177118, 
2.2852867, 2.172221, 1.0000025, 0.9994066, 1.0567588, 0.9528297, 0.7344198, 0.6175058, 0.2920881, 0.3061158, 0.0224088, -0.392364, -0.7023884, -0.6856793, -1.2204944, -1.3499713, -1.6710192, -1.9093659, -2.2495064, -2.3999875, -2.7005526, -3.0846134, -3.3428968, -3.4381361, -3.5720323, -3.9618035, -3.6680413, -3.4938745, -3.7215203, -3.4308616, -3.3077903, -3.2548575, -2.9129045, -2.8209921, -2.4961455, -2.3425361, -2.4243436, -2.4217118, -2.1371855, -2.0444538, -1.8261432, -1.9542297, -2.1253675, 
-2.3477499, -2.4359133, -2.1252434, -2.3361305, -2.4698281, -2.4582087, -2.3486437, -2.2484884, -1.9761526, -1.9043755, -1.7122582, -1.6149829, -1.4320271, -1.0445896, -0.6676047, -0.4828364, -0.4157766, -0.2857783, -0.2238082, -0.0530924, 0.2020378, 0.556926, 0.5369645, 0.6384852, 0.9332406, 1.3970482, 1.4289271, 1.2763853, 1.2357422, 1.7007912, 2.1721962))"
Gambia,GMB,41.16787,2010.5322,2636423,Gambia,Africa,Sub-Saharan Africa,Sub-Saharan Africa,"list(c(-16.7471216, -16.6787343, -15.8022391, -15.8021943, -15.3792409, -15.2273736, -15.0885389, -14.9810987, -14.5779405, -14.3541926, -13.8571642, -13.7914192, -13.887663, -14.0919293, -14.3207379, -14.5490091, -14.7100126, -14.8626861, -15.067848, -15.2169834, -15.365447, -15.4696179, -16.5452738, -16.6940061, -16.8070892, -16.7471216, 13.063719, 13.1687405, 13.1656619, 13.3479722, 13.3550233, 13.4183093, 13.5973921, 13.4802298, 13.3593434, 13.2292707, 13.32235, 13.422828, 13.5543407, 13.5539186, 
13.4566931, 13.649307, 13.6152184, 13.7854128, 13.8250379, 13.7499836, 13.772701, 13.59049, 13.5917065, 13.4756118, 13.2761455, 13.063719))"
Georgia,GEO,59.628773,14360.359,3794728,Georgia,Asia,Europe & Central Asia,Western Asia,"list(c(45.0150871, 45.3094616, 45.7408794, 45.8046538, 46.1368271, 46.457625, 46.6505605, 46.7237399, 46.6095371, 46.3333903, 46.2038709, 46.4257378, 45.7847243, 45.6063888, 45.7811862, 45.5714114, 45.3545605, 45.1583556, 44.5114752, 43.9615104, 43.8093296, 43.559651, 43.1997107, 43.0006396, 42.7763543, 41.6181589, 41.1510023, 40.9505876, 40.6595721, 40.5654332, 40.1065171, 40.0080788, 40.2578918, 40.2804636, 40.5749277, 40.8683169, 41.0737027, 41.1483152, 41.4358375, 41.5553698, 41.7079088, 41.7702949, 
41.5495476, 41.7856115, 41.954766, 42.491116, 42.6008402, 43.1882008, 43.2448992, 43.4740661, 44.3871957, 44.4633757, 45.0150871, 41.2970952, 41.4729255, 41.3447397, 41.2252188, 41.2044131, 41.098324, 41.1123517, 41.2900689, 41.3951152, 41.4998388, 41.7713553, 41.9123523, 42.1024834, 42.2179325, 42.446646, 42.5482909, 42.5219983, 42.7076852, 42.7533187, 42.5477695, 42.736833, 42.8675264, 42.9343628, 43.1137931, 43.1889716, 43.2209746, 43.4043774, 43.4196961, 43.5609413, 43.5187838, 43.5696062, 43.3860793, 
43.2982883, 43.1866378, 43.0887419, 43.0662479, 42.9474967, 42.7962459, 42.7370813, 42.3949794, 42.1841419, 41.7941472, 41.5199493, 41.4614302, 41.5233258, 41.4448453, 41.5849236, 41.304469, 41.176606, 41.1230276, 41.2213953, 41.1813729, 41.2970952))"
Germany,DEU,78.29955,46647.793,84086176,Germany,Europe,Europe & Central Asia,Western Europe,"list(list(c(13.4357335, 13.2882999, 13.2350053, 13.4383758, 13.6199359, 13.4357335, 54.683288, 54.6737541, 54.3687201, 54.3112438, 54.4012197, 54.683288)), list(c(6.021017, 6.3724929, 6.137683, 6.2332103, 6.5076553, 6.3671187, 6.5372136, 6.7130411, 7.0466924, 7.4937851, 7.6727028, 7.9408778, 8.1905564, 8.1038967, 7.8380057, 7.667015, 7.5765037, 7.5116993, 7.5894467, 8.0381517, 8.2000509, 8.4305614, 8.4708235, 8.6137337, 8.8984345, 9.2676454, 9.5618407, 9.9596247, 10.2356372, 10.449577, 10.4544587, 
10.7624031, 10.9808663, 11.0379229, 11.223021, 11.2801224, 11.2911844, 11.3047544, 11.3429115, 11.3429115, 11.3560784, 11.6064288, 11.9038487, 12.1835336, 12.6693209, 12.6847718, 12.8705865, 13.0478471, 13.0786147, 13.0016286, 12.7582199, 12.8739006, 13.4068917, 13.4757269, 13.7335564, 13.7334669, 13.7494553, 13.7444393, 13.8087064, 13.8159168, 13.82568, 13.8238886, 13.8182009, 13.8187831, 13.8191861, 13.8180665, 13.813991, 13.8147076, 13.8141254, 13.8140806, 13.8254561, 13.8335623, 13.8396979, 13.5805695, 
12.9458707, 12.6568257, 12.4055348, 12.5501469, 12.1965213, 12.5133781, 13.4639483, 13.6512857, 13.8247395, 14.5984522, 14.8233645, 15.0370357, 14.9215341, 14.7351372, 14.7465127, 14.5910178, 14.7582913, 14.714536, 14.5353943, 14.5974669, 14.208864, 14.1389987, 14.3528042, 14.4501229, 14.2671298, 13.8108561, 13.6915925, 13.4424513, 13.1074565, 12.5074664, 12.1133101, 11.6766524, 11.4407676, 11.1849982, 10.9332594, 10.7525503, 11.0932777, 11.0699893, 10.7633436, 10.0291764, 9.9582364, 9.4207667, 8.6357234, 
8.6075085, 8.9024204, 8.9000468, 8.5740986, 8.969912, 8.9833477, 8.5525121, 8.2773953, 8.0224768, 7.3321546, 7.0964042, 7.0254641, 7.2104726, 7.2119953, 7.0871784, 7.055739, 6.7417486, 6.6985754, 7.0110432, 6.9807235, 6.6817809, 6.4082764, 6.274592, 5.9451058, 6.2225962, 6.072565, 6.0922706, 5.8802565, 6.0887326, 6.021017, 50.7542926, 50.4544227, 50.1299486, 49.9033951, 49.7132143, 49.4694801, 49.4334301, 49.1883552, 49.1176705, 49.1685923, 49.0459927, 49.0554024, 48.9519451, 48.8166586, 48.6430876, 
48.2184085, 48.1211829, 47.7021149, 47.5905637, 47.5528255, 47.6216729, 47.5658353, 47.762223, 47.8007805, 47.6480152, 47.6564566, 47.5043865, 47.5389219, 47.3822587, 47.4850457, 47.5558048, 47.5218404, 47.3970064, 47.3964602, 47.3985457, 47.4007057, 47.4216107, 47.4304991, 47.4496413, 47.4496661, 47.4484495, 47.5815761, 47.6088121, 47.7004266, 47.6806885, 47.6816568, 47.5237522, 47.4920719, 47.688112, 47.854334, 48.0768653, 48.2024691, 48.3714469, 48.5560662, 48.5220025, 48.5248577, 48.5322067, 
48.5434041, 48.60021, 48.6137163, 48.621686, 48.6253357, 48.6656312, 48.6683871, 48.675314, 48.6774244, 48.6846245, 48.6864865, 48.6897141, 48.6917252, 48.6927183, 48.6918245, 48.7716706, 48.970839, 49.3436033, 49.4339515, 49.7619513, 49.8998199, 50.1199678, 50.396872, 50.6038859, 50.7320718, 50.7252689, 50.9873509, 50.8705611, 51.2577006, 51.4825906, 51.5263619, 51.6763465, 51.8198759, 52.0675329, 52.2371066, 52.3929009, 52.609846, 52.8191193, 52.9514266, 53.0594522, 53.2605324, 53.698395, 53.8574666, 
54.1695517, 54.1250107, 54.2816739, 54.4758271, 54.178738, 54.1554247, 53.9091332, 54.0170595, 53.9669819, 54.0399755, 54.1978554, 54.3779064, 54.308761, 54.5524953, 54.7827977, 54.8318078, 54.9114801, 54.8407706, 54.5632457, 54.4170349, 54.3016106, 54.143706, 53.890413, 53.8200014, 53.4141418, 53.7108089, 53.6875204, 53.5882342, 53.3374985, 53.2388577, 53.0107898, 52.8501292, 52.6427925, 52.6443318, 52.485881, 52.4285784, 52.2214651, 51.9173994, 51.8280194, 51.8751425, 51.8237987, 51.4775009, 51.2427046, 
51.1342817, 51.0165484, 50.9202911, 50.7542926)))"
Ghana,GHA,58.811916,4242.4106,33149102,Ghana,Africa,Sub-Saharan Africa,Sub-Saharan Africa,"list(c(-2.6871915, -2.6570957, -2.7717015, -2.6698595, -2.5843642, -2.4930468, -2.627403, -2.8310422, -2.9221357, -2.9528137, -3.2306624, -3.2588324, -3.1698438, -2.9539781, -2.7613113, -2.727364, -3.1059798, -2.3860096, -2.1112512, -1.9719686, -1.7451305, -1.6123865, -1.2407573, -1.0883525, -0.8354941, -0.4985287, -0.3298669, 0.0048592, 0.3162969, 0.8127431, 0.9756724, 1.0797089, 1.1994651, 1.0834709, 1.0034842, 0.7495957, 0.5351632, 0.6582783, 0.5386117, 0.6274659, 0.5847406, 0.7290392, 0.6470819, 
0.4714784, 0.3826241, 0.5275945, 0.4569679, 0.5670056, 0.3594253, 0.3484081, 0.2844993, -0.0592287, -0.0046353, -0.1362596, -0.5663338, -1.1146863, -2.4789841, -2.8335502, -2.8173379, -2.9412143, -2.7662825, -2.7904666, -2.7306781, -2.7900188, -2.6871915, 9.4916726, 9.2534252, 9.1450768, 9.0225766, 8.7864893, 8.2064876, 8.122098, 7.8200185, 7.61221, 7.2377078, 6.8233074, 6.6163928, 6.2831047, 5.7160135, 5.5998443, 5.1316918, 5.0911977, 4.9427276, 4.7568421, 4.7694546, 4.8815272, 5.0268193, 5.1028419, 
5.1951516, 5.2102966, 5.3782565, 5.5087016, 5.6250942, 5.7816581, 5.7724719, 5.8324806, 6.0451057, 6.1122648, 6.1692445, 6.3354665, 6.4441128, 6.8753216, 7.3173057, 7.4221534, 7.8674644, 8.0930992, 8.3429659, 8.4911381, 8.5995113, 8.7395648, 8.8778307, 9.0353381, 9.4059174, 9.4992202, 10.3076871, 10.4224659, 10.632335, 11.1077373, 11.139492, 10.9926109, 10.9858329, 10.9881915, 11.0070855, 10.9253276, 10.6364068, 10.2655543, 10.0698121, 9.8390131, 9.7465049, 9.4916726))"
Gibraltar,GIB,NA,NA,37590,NA,NA,NA,NA,list()
Greece,GRC,67.68941,25283.906,10412428,Greece,Europe,Europe & Central Asia,Southern Europe,"list(list(c(23.7403626, 23.7228963, 23.5679388, 23.5857634, 24.3848694, 24.7282391, 24.7433765, 25.1066757, 25.3740894, 26.194558, 26.2845767, 26.0595748, 25.7087707, 25.6499675, 25.0499326, 24.967841, 24.649148, 24.2699052, 24.1762141, 24.0324082, 23.7812069, 23.7403626, 35.6933174, 35.513316, 35.4241595, 35.2320173, 35.1936584, 35.0903749, 34.9345806, 34.9370633, 34.9978914, 35.0149729, 35.1316386, 35.2291621, 35.1749631, 35.3429478, 35.3445864, 35.4274367, 35.420336, 35.3594583, 35.5882462, 35.5178347, 
35.5475287, 35.6933174)), list(c(28.2287111, 27.8782653, 27.7070507, 27.7328919, 28.0591536, 28.2287111, 36.4532956, 36.3220559, 36.1216461, 35.9174625, 36.0611905, 36.4532956)), list(c(25.5391236, 25.3424709, 25.5537236, 25.5391236, 37.2028709, 37.0770686, 36.9566539, 37.2028709)), list(c(20.7112121, 20.6237015, 20.8120241, 20.9062078, 20.7112121, 37.9199964, 37.8216287, 37.6491502, 37.8049941, 37.9199964)), list(c(24.7924613, 24.7124746, 24.9250261, 24.9532857, 24.7924613, 37.9987501, 37.8720788, 
37.7004195, 37.9021204, 37.9987501)), list(c(20.5645399, 20.3362687, 20.5541497, 20.8170401, 20.5645399, 38.4749468, 38.1899736, 38.0912584, 38.1149689, 38.4749468)), list(c(26.0133115, 25.857503, 25.9912323, 25.8645791, 25.9975022, 26.1549677, 26.1620438, 26.0133115, 38.6004264, 38.4953552, 38.3766288, 38.2433037, 38.1545444, 38.3020462, 38.5508453, 38.6004264)), list(c(23.3166031, 23.1291314, 23.0283194, 23.3208129, 23.7733246, 24.04665, 24.2158492, 24.3457717, 24.5583232, 24.5616373, 24.2487217, 
24.1291895, 23.7666964, 23.4725011, 23.3166031, 39.0386863, 39.0078998, 38.8820478, 38.7628993, 38.3904082, 38.3945545, 38.0879563, 37.9862617, 37.9795334, 38.1428753, 38.2274387, 38.6670641, 38.7037596, 38.8362406, 39.0386863)), list(c(26.3532775, 25.9975022, 25.8666393, 26.1474885, 26.4174997, 26.6162574, 26.3532775, 39.3812102, 39.277877, 39.1662514, 39.0229206, 38.9612484, 39.0183027, 39.3812102)), list(c(20.0086635, 20.184491, 20.2861539, 20.6986722, 21.1566478, 20.7833166, 21.0228738, 21.1641269, 
21.3391483, 21.4833125, 21.8325043, 22.6908166, 23.2158359, 22.8741233, 22.6399404, 22.2199877, 22.0074809, 21.7771048, 21.6675149, 21.4366013, 21.2933328, 21.1095783, 21.2987519, 21.5383538, 21.6987303, 21.5728385, 21.6886984, 21.9325101, 21.9320623, 22.1491371, 22.3628979, 22.7458131, 22.9404505, 23.073284, 22.9962083, 22.7179118, 22.9283136, 23.1287283, 23.5158086, 23.1570775, 23.1166362, 23.5749701, 23.9392098, 24.0853893, 23.9533172, 23.6766777, 23.592929, 23.3691364, 23.3232761, 23.0978712, 
22.6987884, 22.9907893, 22.9828622, 22.8186789, 23.2753557, 23.095811, 22.9374051, 22.8537011, 22.61916, 22.5495187, 22.6604073, 22.9125044, 23.3137368, 23.6532998, 23.9491521, 23.9953707, 23.6937858, 23.8849299, 23.6945471, 23.8470862, 24.0466052, 24.5499931, 24.8108233, 25.0616216, 25.5624568, 25.9515972, 26.0364207, 26.3015055, 26.3307056, 26.6354703, 26.6024187, 26.357756, 26.0603809, 26.1848844, 26.1323511, 25.9034081, 25.5602175, 25.3265721, 25.0639057, 24.5976, 24.5246446, 24.2596941, 24.0739243, 
23.6159039, 23.322246, 23.1021258, 22.927194, 22.7649365, 22.7473358, 22.3356236, 22.0674486, 21.5932607, 21.4172093, 20.9806859, 21.057269, 20.8442248, 20.7075397, 20.6774439, 20.3122637, 20.4167033, 20.1908953, 20.0086635, 39.691483, 39.6216176, 39.3273836, 39.0542036, 38.9837424, 38.8770574, 38.6066085, 38.2978999, 38.3903834, 38.3003827, 38.3920469, 38.3178615, 38.0995757, 37.9345455, 38.0804086, 38.1803653, 38.3137152, 38.3091717, 38.1670576, 38.2020896, 37.9920466, 37.8425089, 37.7641276, 37.5645868, 
37.3158621, 37.0582988, 36.8425206, 36.7579075, 36.9841382, 37.0178792, 36.6758269, 36.8046086, 36.5775337, 36.8312488, 37.0424835, 37.5608378, 37.5329065, 37.4174822, 37.4304175, 37.6224603, 37.9153784, 38.0462456, 37.6695834, 37.7974713, 38.287075, 38.3420934, 38.4725385, 38.511245, 38.6378667, 38.6458612, 38.8416779, 38.9429255, 39.0991171, 39.2733336, 39.3116676, 39.5012774, 39.5745938, 39.8025128, 39.997088, 40.1457816, 40.3566439, 40.3821172, 40.2224497, 40.2246098, 39.9387428, 40.1099799, 
40.2874985, 40.398727, 40.6974796, 40.7875051, 40.7178632, 40.9528829, 40.8545649, 41.0053936, 40.8553842, 40.8395441, 40.7299791, 40.9024825, 41.2205511, 41.385631, 41.5946064, 41.711148, 41.6885795, 41.5200982, 41.3548197, 41.3063311, 41.3188195, 41.240463, 41.3602819, 41.4408728, 41.5686614, 41.5703497, 41.4685806, 41.3755261, 41.3996587, 41.3174291, 41.3384831, 41.3231643, 41.1628514, 41.1283408, 41.1567686, 40.8660105, 40.9177516, 40.8539442, 40.6676118, 40.4803855, 40.2684556, 40.0991054, 39.9905087, 
39.8411696, 39.6448812, 39.691483)))"
Greenland,GRL,86.9138,NA,55969,Greenland,Americas,Europe & Central Asia,Northern America,"list(list(c(-44.1116759, -43.8984078, -43.5734001, -43.4925625, -44.1116759, 60.1595752, 59.9854083, 59.907027, 60.0391605, 60.1595752)), list(c(-41.7451255, -41.8883492, -41.4617683, -41.248321, -41.5600722, -41.7451255, 63.485355, 63.4295918, 63.2253833, 63.320424, 63.3962481, 63.485355)), list(c(-37.6434094, -37.9358133, -37.7366974, -37.3058618, -37.6434094, 65.8962312, 65.7808317, 65.5637625, 65.6591011, 65.8962312)), list(c(-54.3675337, -54.8238969, -54.7862324, -54.9691808, -54.6633413, -54.0551555, 
-54.2874574, -53.5434374, -52.1408033, -51.8525645, -51.999998, -52.7458541, -53.3101055, -54.3675337, 70.3312415, 70.2200131, 70.0508614, 69.6883263, 69.5662481, 69.5495887, 69.4041476, 69.2428912, 69.4866751, 69.644977, 69.8045699, 69.9316633, 70.2078971, 70.3312415)), list(c(-25.7012915, -26.5051, -27.0724863, -28.1463507, -27.8176259, -26.297654, -25.8887185, -25.3276021, -25.4087981, -25.7012915, 71.0691726, 70.9079162, 70.8954527, 70.4716674, 70.4354189, 70.5862228, 70.557497, 70.6487143, 70.9275054, 
71.0691726)), list(c(-53.6364119, -54.0137738, -53.4037965, -53.6364119, 71.3092076, 71.1191758, 71.1066626, 71.3092076)), list(c(-52.9224878, -52.9774843, -52.3363812, -52.9224878, 71.3795447, 71.153736, 71.2858695, 71.3795447)), list(c(-24.1425355, -24.5288096, -24.3450551, -23.8625372, -23.2150746, -22.6924737, -22.2450675, -22.0751517, -22.7162099, -22.7188075, -23.1650941, -24.1425355, 72.8787202, 72.8374813, 72.5829221, 72.4395417, 72.3421175, 72.1628858, 72.1178979, 72.2646052, 72.365828, 
72.6341418, 72.8328881, 72.8787202)), list(c(-23.1875763, -23.9999836, -23.1425222, -22.7113731, -21.8712437, -21.8812308, -23.1875763, 73.0612292, 72.9068252, 72.8645932, 72.7041809, 72.7132927, 72.904988, 73.0612292)), list(c(-24.7200881, -25.7538248, -25.3999753, -24.4299235, -23.0049862, -23.2750422, -23.8750323, -24.7200881, 73.432901, 73.1966647, 73.1087247, 73.0220758, 73.0912211, 73.2645686, 73.3679267, 73.432901)), list(c(-21.237575, -21.8588381, -22.0038533, -21.2800764, -20.1764296, -20.5350264, 
-21.237575, 74.4595791, 74.3633467, 74.2566617, 74.0845556, 74.1658665, 74.4070684, 74.4595791)), list(c(-20.303441, -20.6188646, -20.0625851, -19.7538793, -20.303441, 75.0387118, 74.7966906, 74.7070624, 74.8674995, 75.0387118)), list(c(-17.844991, -18.8767572, -18.915183, -18.4577001, -17.7934878, -18.1433961, -17.844991, 75.3291968, 75.3154173, 75.0158206, 74.9770644, 75.086257, 75.2695853, 75.3291968)), list(c(-53.3713719, -54.0482137, -51.811765, -53.3713719, 82.2255334, 82.0655928, 82.0017854, 
82.2255334)), list(c(-46.8814293, -48.3578249, -47.6727426, -46.1572045, -45.2929805, -45.8065795, -46.8814293, 82.6601187, 82.6475062, 82.3770573, 82.1722033, 82.3389963, 82.5252046, 82.6601187)), list(c(-46.7301442, -47.6753401, -46.8850121, -45.7531506, -46.7301442, 83.0760336, 82.9766729, 82.851094, 82.8603547, 83.0760336)), list(c(-33.9369245, -38.8158017, -39.4614281, -40.2504126, -41.7458421, -42.8035838, -44.2975801, -45.2363718, -46.4655968, -45.5917887, -46.5921156, -44.6984991, -45.7177701, 
-45.7732144, -45.1130328, -45.8274048, -47.2891556, -49.2972436, -50.0199905, -51.6776774, -51.426073, -50.1702007, -51.3606864, -52.7929236, -53.8896734, -54.8854321, -59.3397437, -61.7999851, -61.3476973, -61.8627295, -61.3576397, -62.0925682, -63.470212, -64.907734, -65.167758, -66.1875665, -66.749892, -67.4678021, -67.4675334, -67.0100057, -65.1755507, -64.1933172, -65.0834271, -64.8216564, -66.2650005, -67.2682383, -68.5235732, -71.7049493, -72.3033719, -72.8268237, -72.7167411, -71.9200088, 
-71.1351893, -71.0600842, -70.2851624, -69.1167111, -67.6734567, -66.6233733, -66.0349378, -67.2733886, -68.3532991, -69.4467796, -70.9516588, -71.3234672, -70.6067664, -69.9900713, -68.6900406, -69.6251598, -68.965023, -68.5267082, -66.7700007, -67.2567733, -66.8518236, -66.1751609, -65.7517597, -63.7316692, -63.0867146, -62.386674, -60.7918209, -59.655033, -58.6067858, -58.1249844, -58.4817449, -58.0699431, -56.7963805, -56.9550104, -56.2976055, -56.0837552, -56.2638821, -56.0963399, -55.6325422, 
-56.0251311, -55.2200239, -55.470016, -54.7500906, -54.6113006, -54.8250166, -55.6262275, -54.9362635, -55.5913844, -55.2637344, -55.7426247, -55.5237137, -54.8225982, -53.9074532, -53.726341, -52.7000387, -52.3675966, -52.9588535, -52.2888639, -52.0625632, -51.4151006, -51.6313246, -51.2901046, -51.2101626, -51.8288282, -52.6600453, -53.4925164, -54.1275735, -54.5863552, -54.0564095, -53.0300623, -52.3987225, -51.9775157, -51.2750119, -50.9999847, -50.4017413, -50.2683703, -50.8476248, -50.9016807, 
-51.2399897, -51.0367983, -51.8550724, -52.2349422, -52.4950559, -53.1525952, -52.4667067, -51.501626, -51.2416915, -51.9667672, -52.5134179, -53.0883281, -53.2517501, -53.6800777, -53.6633727, -53.8826421, -53.9142606, -53.6683887, -53.2567213, -52.7283878, -52.6833337, -53.2850704, -53.644115, -53.6617605, -53.4659139, -53.0634275, -53.2251028, -52.6949779, -52.7792641, -52.1250836, -52.277578, -52.0067158, -52.1534328, -52.0508742, -52.0942265, -51.767517, -51.3241415, -50.8075418, -51.0583401, 
-51.4483314, -51.4158172, -51.5525918, -51.1716919, -51.0275277, -50.5900639, -50.5866602, -50.1991769, -50.3175447, -49.8100365, -49.3275185, -48.9266892, -48.2125411, -47.8666634, -47.8883843, -47.3916246, -47.1734301, -46.7249491, -46.3358983, -46.0092335, -46.1750739, -45.7017369, -45.8558435, -45.4658522, -44.8908076, -45.1641777, -44.5458256, -44.4959347, -44.1841835, -43.6492666, -43.1817517, -43.3375154, -42.8559379, -42.8292458, -42.6784086, -42.4583331, -42.5367075, -42.3175726, -42.1200689, 
-42.3866764, -42.6233673, -42.4308349, -41.8433399, -41.3566569, -41.4908788, -41.9174598, -41.6925922, -41.383349, -41.0217069, -40.8916948, -40.5091827, -40.7692067, -41.3916343, -40.5591632, -40.5858553, -41.1725441, -40.559208, -40.200029, -39.8509268, -39.8033647, -39.3874874, -38.5800066, -38.151679, -37.9492041, -37.9425311, -37.184986, -36.8216868, -36.0491833, -35.8626073, -35.4758406, -35.1750618, -34.718385, -34.6058393, -34.0117609, -34.0592334, -33.7758762, -33.2833711, -32.1458666, 
-32.0299619, -31.1416882, -30.0834091, -28.9984379, -27.7751245, -27.6432763, -26.8817005, -26.3901359, -25.6616117, -25.5800575, -25.063413, -24.0858372, -23.6542403, -23.6467163, -23.028409, -23.0976472, -22.5950206, -22.1737691, -23.8938422, -25.2950431, -26.3101491, -26.3412302, -26.7750216, -28.2499394, -28.4449798, -28.1737146, -27.7551502, -26.5201031, -25.5988673, -25.446373, -24.5987644, -24.3163029, -23.9725749, -23.3700321, -22.7175983, -22.0513258, -21.6675149, -21.5850202, -21.7688195, 
-21.6637977, -21.8561958, -22.5763003, -22.4351367, -22.8963368, -22.5212591, -24.4175179, -24.6774524, -24.7375992, -25.5750863, -25.0019227, -25.1101242, -25.5875366, -25.9024676, -25.3951833, -24.4114271, -24.501401, -22.9675456, -22.4099673, -21.3076194, -20.500049, -20.6625752, -21.7251537, -22.2089257, -21.7788962, -21.2826739, -20.3513614, -20.2287838, -19.5250259, -18.9687912, -20.6188198, -20.736292, -20.5684363, -19.5951151, -19.3551549, -19.3716359, -19.7401302, -19.9601161, -20.4299598, 
-21.5817956, -21.7433814, -21.1868779, -20.0465967, -19.3766966, -18.4933493, -18.2082902, -18.2250399, -19.0434037, -20.4867925, -19.9100908, -21.048491, -21.5101838, -21.9952545, -21.7416347, -21.3983546, -21.4049828, -20.925152, -21.0167382, -19.9117031, -20.1484835, -19.5883525, -19.2650466, -19.8249985, -19.2732871, -18.0016056, -17.5224465, -17.9149458, -19.3101455, -20.8117554, -19.8474808, -18.4601185, -17.0500948, -16.167688, -17.8701156, -18.0277602, -16.6601035, -14.6725273, -15.1626587, 
-14.0549813, -13.65769, -12.3275634, -12.975026, -14.7600379, -16.7423743, -17.5604693, -18.1706705, -21.0716003, -21.7827925, -23.055952, -24.2557082, -22.9003227, -22.5565052, -22.514586, -22.9360615, -24.7599471, -24.8421283, -27.271647, -26.2552422, -26.0998369, -28.9152266, -32.7928365, -33.6326524, -34.2725463, -31.1251176, -29.3190566, -26.2131887, -25.1502967, -23.6737667, -21.9370335, -23.3222908, -25.526315, -25.9134848, -27.151846, -26.7998328, -28.4795989, -31.7351844, -33.9369245, 83.6333923, 
83.5291405, 83.4131948, 82.9744632, 82.9842702, 83.1937421, 83.2711054, 83.1652646, 83.144459, 82.8570526, 82.771372, 82.4118161, 82.1992407, 82.047543, 81.8668961, 81.786479, 82.1199657, 82.32477, 82.4930278, 82.5166887, 82.2146588, 81.9696086, 81.8116792, 81.9720418, 81.960621, 82.2834069, 82.102909, 81.7912211, 81.5241487, 81.3408452, 81.1391444, 81.0641645, 81.2037463, 80.9866522, 80.8033984, 80.6482993, 80.4587889, 80.3483301, 80.1816364, 80.0536989, 80.0812577, 79.8837528, 79.7312358, 79.5066437, 
79.1125028, 79.1649887, 79.0920943, 78.5550199, 78.5387577, 78.3504142, 78.1062331, 77.8970839, 77.8749623, 77.764578, 77.5725352, 77.4612075, 77.5145623, 77.7079459, 77.4525177, 77.3887352, 77.3745585, 77.2279009, 77.1883006, 77.0004288, 76.7962452, 76.7687112, 76.5878905, 76.3708461, 76.2650301, 76.0904412, 75.9529201, 76.1520637, 76.2516479, 76.233325, 76.1324746, 76.1649742, 76.3537149, 76.2420892, 76.1383588, 75.8974797, 75.7379116, 75.5191541, 75.3483141, 75.078759, 74.824175, 74.7595483, 74.546228, 
74.378293, 74.1733397, 73.9708444, 73.8912465, 73.6420501, 73.4162167, 73.1070861, 72.9953859, 72.8308274, 72.4770564, 72.4508135, 72.2341912, 72.0291386, 71.935811, 71.7546178, 71.473344, 71.3587141, 71.4445686, 71.7066009, 71.6812518, 71.5704206, 71.4441714, 71.3558341, 71.2020757, 71.0762486, 70.9366668, 70.8104424, 70.4987545, 70.4858441, 70.7412226, 70.7603896, 70.8328867, 70.7192003, 70.4208201, 70.3195476, 70.0741499, 70.0104418, 70.0654105, 69.9620525, 69.9028879, 69.7570496, 69.7041912, 
69.3578934, 68.7704186, 68.5745523, 68.509578, 68.6478935, 68.4720384, 68.3157724, 68.1687175, 68.2754024, 68.0587553, 68.0404075, 68.1595809, 68.0579111, 67.9287074, 67.7996029, 67.4803922, 67.3032957, 67.1249578, 66.9204266, 66.9262115, 66.8104147, 66.69288, 66.7045739, 66.4941834, 66.1012838, 65.9366757, 65.8403687, 65.6671205, 65.702947, 65.5158697, 65.2120771, 65.0800181, 64.9545634, 64.8520495, 64.6199843, 64.3075019, 64.2333165, 64.6399706, 64.5891482, 64.2429, 64.0712408, 63.870831, 63.6774723, 
63.4920833, 63.1408447, 63.2154274, 62.9820711, 62.6783281, 62.4866329, 62.2445372, 61.6991455, 61.3670492, 61.1941734, 61.0703821, 60.8412217, 60.8295775, 60.9345742, 60.92869, 61.0474909, 60.8991449, 60.7137311, 60.7620956, 60.5366594, 60.5666265, 60.4158226, 60.1041348, 59.9783076, 60.0966616, 60.1658069, 60.1358647, 60.0629206, 60.4283358, 60.5842046, 60.9866877, 61.2603891, 61.4012867, 61.5254007, 61.6324829, 62.0103865, 62.5595521, 62.624576, 62.7924614, 62.8071098, 63.0412109, 63.208277, 63.436618, 
63.5316588, 63.3554064, 63.3920522, 63.6495907, 63.6849951, 64.1599753, 64.1612415, 64.4866343, 64.6616701, 64.9532972, 65.1166639, 65.0320509, 65.1691995, 65.4378857, 65.534143, 65.5712108, 65.6337768, 65.936626, 66.1174964, 65.7445832, 65.9321074, 65.9358315, 66.1408345, 66.2916632, 66.2379111, 66.3528885, 66.4924454, 66.7329521, 66.8758607, 67.0191418, 67.5412451, 67.9424868, 68.13376, 68.0654091, 68.1353986, 68.356192, 68.4795612, 68.5503949, 68.6495818, 68.6670854, 68.8662538, 69.0554166, 69.1053949, 
69.5133401, 69.5666453, 69.7270576, 69.7578937, 69.9199694, 69.9379199, 70.0616367, 70.1408373, 70.4187346, 70.2054392, 70.3891895, 70.4828896, 70.3654294, 70.5320734, 70.6299941, 70.9495772, 70.9654174, 71.172481, 71.3491306, 71.2591548, 71.0883397, 70.6203858, 70.4554052, 70.4320919, 70.5074939, 70.4387706, 70.7262762, 70.8758636, 71.1883211, 71.4716557, 71.4616998, 71.6162278, 71.6883029, 71.9108342, 72.3420927, 72.4878814, 72.6862305, 72.8345764, 72.9957087, 73.0703906, 73.102046, 73.1804521, 
73.4470776, 73.561633, 73.7066768, 73.3279291, 73.2487285, 73.4429066, 73.4453893, 73.8570835, 74.0629306, 74.0966715, 74.4475128, 74.4770579, 74.4424976, 74.2966593, 74.2387361, 74.4824703, 74.7283398, 74.8683436, 75.1908316, 75.131667, 75.2958034, 75.5408287, 75.887921, 76.2470796, 76.2079262, 76.3899883, 76.6395819, 76.7912796, 76.9304393, 76.8187143, 76.7512324, 76.8824969, 77.2449824, 77.3653971, 77.4979526, 77.8137619, 77.9875066, 77.682125, 77.7091624, 78.0124834, 78.1016399, 78.3066429, 78.6900085, 
78.8462497, 78.922471, 79.06749, 79.1308008, 79.3000021, 79.4658268, 79.7820582, 79.8099895, 80.0874647, 80.1404223, 80.0987365, 79.8699734, 80.2916483, 80.2162463, 80.2562687, 80.5041244, 80.5705139, 80.7183384, 80.7086556, 80.9157937, 81.084126, 81.1362644, 81.2808365, 81.5293625, 81.7598388, 81.919531, 81.9286925, 81.7798003, 81.4664241, 81.5901409, 81.327612, 81.0000095, 80.8608747, 81.3263955, 81.5144659, 81.8804769, 82.0708811, 81.9999978, 81.7027845, 81.497434, 81.7404483, 81.9763121, 82.0183952, 
81.8237951, 81.6663374, 81.811133, 82.1335713, 82.181042, 82.15105, 82.248077, 82.287578, 82.5613787, 82.799477, 82.8964047, 83.1641722, 83.1261112, 83.3422122, 83.4712421, 83.6078694, 83.6333923)))"
Grenada,GRD,45.7944,NA,116876,Grenada,Americas,Latin America & Caribbean,Latin America and the Caribbean,"list(c(-61.6667486, -61.7642912, -61.6196791, -61.6667486, 12.2337265, 12.0886827, 12.0749281, 12.2337265))"
Guadeloupe,GLP,98.819565,NA,384653,NA,NA,NA,NA,list()
Guam,GUM,NA,NA,165135,NA,NA,NA,NA,list()
Guatemala,GTM,56.6599,7969.431,17847828,Guatemala,Americas,Latin America & Caribbean,Latin America and the Caribbean,"list(c(-89.1519548, -90.9878429, -90.9878429, -91.2771118, -91.1760759, -90.6834813, -90.5854908, -90.3967651, -90.4421775, -91.7315941, -92.2106188, -92.0595576, -92.1819561, -92.1463965, -92.2311305, -91.7888746, -91.3202849, -91.0663965, -90.6691051, -90.4451781, -90.1346361, -90.0813863, -89.8864354, -89.7745167, -89.6669869, -89.5253307, -89.574102, -89.3559523, -89.3030159, -89.1470732, -89.2237906, -89.1549106, -88.9739776, -88.67817, -88.233003, -88.56755, -88.9933696, -88.9846365, -89.2645005, 
-89.3743143, -89.0974061, -88.8605361, -88.9363578, -89.2275973, -89.1500738, -89.1519548, 17.8156807, 17.8157055, 17.2512957, 17.1800152, 17.0159781, 16.6897659, 16.4697919, 16.3746022, 16.0740371, 16.0738881, 15.2606544, 15.0709702, 14.8468995, 14.662305, 14.5359316, 14.1880945, 13.9519824, 13.9128041, 13.9263849, 13.876208, 13.7453408, 13.8776232, 14.043001, 14.0324988, 14.1853138, 14.2201223, 14.4169569, 14.4204576, 14.4943948, 14.6257585, 14.8347091, 15.0689095, 15.1365403, 15.3424867, 15.7239903, 
15.910149, 15.6656947, 15.509677, 15.398523, 15.5086342, 15.5779782, 15.7834528, 15.8900633, 15.896444, 17.0586322, 17.8156807))"
Guernsey,GGY,NA,NA,63698,NA,NA,NA,NA,list()
Guinea,GIN,42.808514,1809.2666,14055075,Guinea,Africa,Sub-Saharan Africa,Sub-Saharan Africa,"list(c(-7.9793485, -7.9852601, -8.2303707, -8.3292568, -8.2598842, -8.3426924, -8.6751793, -8.5506311, -8.3720269, -8.6149429, -8.7012892, -8.8491706, -8.7722293, -8.9031818, -8.9693298, -8.9333672, -9.1568015, -9.3501849, -9.637125, -9.6945847, -10.3099809, -10.5826345, -10.7735099, -10.9224661, -11.0365794, -11.2250811, -11.4939279, -11.3768141, -11.4761481, -11.7697164, -12.0596124, -12.3594506, -12.4892835, -12.751099, -13.058103, -13.7082975, -13.6265193, -13.7070435, -13.9491982, -13.6963846, 
-13.7081631, -14.0812255, -14.2671298, -14.5115685, -14.663615, -14.7722643, -14.9775606, -14.8155271, -14.7896411, -14.6306529, -14.6619131, -14.5478895, -14.2006682, -14.0775531, -14.0136444, -13.8310543, -13.6231604, -13.6076199, -13.4226562, -13.4118181, -13.2627275, -13.3007503, -13.0013151, -12.7894801, -12.6776062, -12.4882983, -12.2224969, -12.1199383, -11.8946229, -11.2080627, -11.1572312, -10.9930032, -10.8149812, -10.6634274, -10.7304711, -10.5734535, -10.5616301, -10.4646697, -10.6160444, 
-10.6786992, -10.5404018, -10.3796222, -10.2792134, -10.0847551, -9.9898996, -9.7695555, -9.4787638, -9.5158461, -9.4408754, -9.4315152, -9.3601273, -9.4676123, -9.2862314, -9.1056566, -8.9748384, -8.7066186, -8.6736566, -8.4709131, -8.2602873, -8.0953427, -8.1348434, -7.9932767, -8.2399099, -8.190019, -7.9309802, -7.8662205, -7.6503101, -7.6716279, -7.7882939, -7.9110507, -7.9346974, -7.840245, -7.9184403, -7.8493812, -8.0359124, -8.1440244, -8.0943126, -8.1210495, -7.9793485, 10.170315, 10.3433894, 
10.4194865, 10.7714202, 10.8913632, 11.0623024, 11.0035599, 11.2115422, 11.3887132, 11.4763304, 11.6455565, 11.6536007, 11.9768087, 12.0439678, 12.1925869, 12.3248196, 12.4897505, 12.2496163, 12.1768709, 12.0323484, 12.2234727, 12.024776, 11.9477106, 12.2257568, 12.2147085, 11.9980365, 12.213194, 12.4126603, 12.4526082, 12.3821718, 12.4327708, 12.3072912, 12.4092092, 12.4673062, 12.6277185, 12.6748664, 12.4591627, 12.263793, 12.1585232, 12.0080917, 11.7005252, 11.6275564, 11.6770382, 11.4964906, 
11.5049568, 11.3646054, 10.9718052, 10.9296228, 10.7584353, 10.6823133, 10.4657158, 10.4309321, 10.1025103, 10.1726984, 9.9979854, 9.8543567, 9.8039067, 9.5733559, 9.3893077, 9.2778806, 9.1399623, 9.0356857, 9.1164256, 9.3009953, 9.4613082, 9.8481746, 9.9329118, 9.872332, 9.9999468, 9.9999716, 9.8681113, 9.752687, 9.3902511, 9.3106781, 9.0811453, 9.0495396, 8.8178219, 8.6792333, 8.5413895, 8.3490735, 8.3114098, 8.4892263, 8.4846828, 8.5183741, 8.4448839, 8.5519909, 8.3541632, 8.1937758, 8.0835653, 
7.8585015, 7.6250956, 7.4303962, 7.377091, 7.2388003, 7.2524804, 7.5158534, 7.6981389, 7.5572661, 7.5736525, 7.7973507, 7.8831059, 8.1272374, 8.2344685, 8.4954333, 8.5094858, 8.4232093, 8.3777248, 8.6180328, 8.7674464, 8.7745223, 8.981859, 9.0662238, 9.2228622, 9.4216831, 9.3964581, 9.5923492, 9.8219565, 10.049801, 10.170315))"
Guinea-Bissau,GNB,36.89664,1625.3876,2105479,Guinea-Bissau,Africa,Sub-Saharan Africa,Sub-Saharan Africa,"list(c(-13.7082975, -15.199741, -15.6796167, -16.0405422, -16.3754027, -16.7159061, -16.4371618, -16.3403357, -15.9673181, -15.8080164, -15.6509092, -15.4467326, -15.5017738, -15.4062913, -15.2301503, -15.2066828, -14.9775606, -14.7722643, -14.663615, -14.5115685, -14.2671298, -14.0812255, -13.7081631, -13.6963846, -13.9491982, -13.7070435, -13.6265193, -13.7082975, 12.6748664, 12.6868583, 12.4261418, 12.4747049, 12.3767345, 12.3384501, 12.1855606, 12.0247263, 11.7768458, 11.743378, 11.799017, 11.6343592, 
11.3292259, 11.2037959, 11.1150863, 10.9960619, 10.9718052, 11.3646054, 11.5049568, 11.4964906, 11.6770382, 11.6275564, 11.7005252, 12.0080917, 12.1585232, 12.263793, 12.4591627, 12.6748664))"
Guyana,GUY,32.488,NA,821588,Guyana,Americas,Latin America & Caribbean,Latin America and the Caribbean,"list(c(-56.5002594, -56.662293, -56.8730532, -57.0683623, -57.1991805, -57.3356864, -57.6601119, -57.6666058, -57.8295351, -57.8572124, -58.039713, -58.0705253, -57.8346406, -57.9221961, -57.6749806, -57.3556159, -57.2647911, -57.1701147, -57.1488417, -57.1856553, -57.3526601, -57.4995114, -58.017992, -58.2779713, -58.4254944, -58.4913738, -58.4811627, -58.6853841, -59.1546904, -59.6821729, -59.8662409, -59.9766369, -59.8064972, -60.3624632, -60.5077919, -60.5898387, -60.7144317, -60.5881369, -60.2879403, 
-60.5451877, -60.7290318, -60.9135924, -60.9571686, -61.1504176, -61.2317479, -61.1324587, -61.2093104, -61.4149202, -60.7363766, -60.4511831, -60.2346457, -59.9718001, -60.0401874, -60.1598988, -59.9693369, -59.6816355, -59.7311234, -59.5264541, -59.6627808, -59.869555, -59.8055567, -59.9828621, -59.9905204, -59.8970981, -59.7196583, -59.7564271, -59.6872337, -59.5332614, -59.2491428, -58.9240904, -58.8558374, -58.7084486, -58.4981812, -58.4908811, -58.2970051, -58.0123939, -57.9391249, -57.7415317, 
-57.556568, -57.3402993, -57.1313306, -56.9879277, -56.7865725, -56.7233355, -56.5002594, 1.9342468, 2.0076377, 2.2896068, 2.6915436, 2.8301819, 3.3689943, 3.375226, 3.5337514, 3.6591813, 3.796181, 3.9820417, 4.1347077, 4.6400274, 4.8284206, 5.0109295, 5.0142564, 5.4749855, 5.6021037, 5.8424614, 6.1349326, 6.2892372, 6.3363355, 6.8017569, 6.8767865, 6.8692388, 7.0082247, 7.3335679, 7.601261, 8.055063, 8.3725854, 8.3808283, 8.51969, 8.3043587, 7.8252323, 7.8321344, 7.643642, 7.5407805, 7.3142767, 
7.0803246, 6.8618402, 6.7563718, 6.8175474, 6.716697, 6.7377758, 6.5693938, 6.2508534, 6.1119669, 5.9707961, 5.2013834, 5.1815708, 5.2633287, 5.0749355, 4.6964609, 4.5176761, 4.5083657, 4.3663012, 4.1811853, 3.938171, 3.7148948, 3.5631475, 3.3708564, 2.9320006, 2.6868512, 2.3611108, 2.2376671, 1.894721, 1.7528303, 1.71467, 1.381655, 1.3099276, 1.1771238, 1.2870612, 1.2664293, 1.4575535, 1.5632205, 1.5068615, 1.6309259, 1.7081651, 1.6869373, 1.9717368, 2.0056763, 1.9033859, 1.8533579, 1.9213612, 1.9342468
))"
Haiti,HTI,61.872612,1546.4222,11503553,Haiti,Americas,Latin America & Caribbean,Latin America and the Caribbean,"list(list(c(-73.2025732, -73.2183377, -72.8533814, -72.8734453, -73.2025732, 18.9679129, 18.8328498, 18.7170034, 18.8411175, 18.9679129)), list(c(-71.7584678, -72.3227639, -72.783964, -73.1700142, -73.4116315, -73.3716381, -73.0975067, -72.7739321, -72.820912, -72.5629928, -72.3196737, -72.4092893, -72.6292752, -72.7309381, -73.0941925, -73.4575365, -73.5725007, -74.0724849, -74.1975258, -74.4171534, -74.4762701, -74.371741, -74.0929519, -73.9516539, -73.4558795, -72.7925628, -72.5225964, -72.0534693, 
-71.7588261, -71.7860109, -71.6982315, -71.904513, -71.996144, -71.8068361, -71.7380009, -71.7822937, -71.6392939, -71.7766059, -71.6796007, -71.7584678, 19.7029144, 19.7458913, 19.9506956, 19.9278788, 19.8203994, 19.6229193, 19.6387097, 19.4492986, 19.0685151, 18.7932247, 18.667323, 18.5519484, 18.5494408, 18.4244826, 18.4420606, 18.526202, 18.5036832, 18.610393, 18.6737534, 18.5808231, 18.4374675, 18.2937395, 18.2433391, 18.128759, 18.2628786, 18.1419922, 18.2128258, 18.2336315, 18.0318561, 18.1875015, 
18.3419551, 18.4572304, 18.6311242, 18.6330359, 18.7217704, 18.948001, 19.229399, 19.3358109, 19.4340296, 19.7029144)))"
Honduras,HND,58.779274,5186.5303,10463826,Honduras,Americas,Latin America & Caribbean,Latin America and the Caribbean,"list(c(-87.8194098, -87.4690536, -87.3109611, -87.0649101, -86.9156851, -86.9158195, -86.7035815, -86.769416, -86.4163726, -86.0760931, -86.0421458, -85.7534143, -85.4055213, -85.3202051, -85.1588433, -85.1823556, -85.0218447, -85.0166048, -84.816638, -84.6948217, -84.4688793, -83.7009887, -83.5010667, -83.1512031, -83.2669286, -83.3870878, -83.6378861, -83.7137078, -83.9754785, -84.0825156, -84.3061291, -84.6543357, -85.0487159, -85.2130336, -85.4914645, -85.8665422, -86.3619136, -86.501241, -86.9129532, 
-87.3770196, -87.4728604, -87.723793, -87.9079506, -88.120099, -88.233003, -88.67817, -88.9739776, -89.1549106, -89.2237906, -89.1470732, -89.3030159, -89.3559523, -89.0373041, -88.972634, -88.7321364, -88.5004615, -88.4924449, -88.0726265, -88.013465, -87.8303822, -87.7096856, -87.8194098, 13.4079065, 13.2438446, 12.9875226, 13.0023448, 13.0990241, 13.2609261, 13.3137099, 13.7546512, 13.7576802, 14.0696412, 13.9960517, 13.9676735, 14.1221271, 14.2548067, 14.2875794, 14.4711808, 14.6083542, 14.7123826, 
14.8290483, 14.6659299, 14.616175, 14.8416857, 15.010887, 14.9960648, 15.0512073, 15.2502267, 15.3420647, 15.2306873, 15.396363, 15.6348834, 15.8162255, 15.8639197, 15.9870902, 15.8953268, 15.8618838, 16.0089883, 15.7813921, 15.8173676, 15.7554968, 15.8481044, 15.7813425, 15.9246732, 15.8638203, 15.6899763, 15.7239903, 15.3424867, 15.1365403, 15.0689095, 14.8347091, 14.6257585, 14.4943948, 14.4204576, 14.3333618, 14.2132947, 14.0505486, 13.9678473, 13.8622051, 13.9921289, 13.8715404, 13.9183904, 
13.7875232, 13.4079065))"
Hong Kong,HKG,100,48289.383,7465860,NA,NA,NA,NA,list()
Hungary,HUN,72.05494,29451.855,9684259,Hungary,Europe,Europe & Central Asia,Eastern Europe,"list(c(16.1138112, 16.2913853, 16.3917494, 16.5967322, 16.6061819, 16.6103469, 16.9027956, 17.1797934, 17.3132539, 17.575562, 17.8525597, 18.3318531, 18.554571, 18.7046468, 18.8904615, 19.1046253, 19.2847074, 19.567796, 20.2642538, 20.7489214, 21.1701282, 21.3299225, 21.5293071, 21.7260942, 21.858032, 22.0241859, 22.2646835, 22.6850393, 22.8960233, 22.48664, 22.155228, 21.7239893, 21.5088402, 21.1339416, 20.8358947, 20.5861713, 20.2873631, 19.9743579, 19.6313464, 19.4936313, 19.2388919, 18.8207306, 
18.7932324, 18.2971892, 17.7121575, 17.3322877, 17.1608044, 17.0704274, 16.7488234, 16.7057399, 16.4356391, 16.4974429, 16.302089, 16.1138112, 46.8690934, 46.8728176, 46.6337261, 46.4758214, 46.4749525, 46.4689938, 46.2741454, 46.1508755, 45.9662065, 45.9333842, 45.7831265, 45.754227, 45.7940756, 45.9180407, 45.9214421, 46.0398705, 45.9966206, 46.1782357, 46.1263705, 46.2505342, 46.2979056, 46.6315164, 46.7207474, 47.0984027, 47.1868889, 47.5199039, 47.7311138, 47.791619, 47.9540423, 48.2537632, 
48.4039465, 48.3497226, 48.5545766, 48.4955113, 48.5826816, 48.535484, 48.2614102, 48.1659474, 48.2496915, 48.1089677, 48.0536514, 48.036843, 47.8228524, 47.7315855, 47.7552464, 47.9940647, 48.0066772, 47.7280599, 47.681061, 47.5229329, 47.2163843, 46.9983468, 46.998322, 46.8690934))"
Iceland,ISL,72.68466,42145.594,380322,Iceland,Europe,Europe & Central Asia,Northern Europe,"list(c(-16.1858709, -16.5433032, -16.4158439, -16.9166791, -17.2199659, -17.4074824, -17.63338, -17.9917976, -18.2700493, -18.317477, -18.7734372, -19.4316931, -19.3591855, -19.7433547, -20.0813054, -20.4330948, -20.2625967, -20.7017624, -21.1925657, -21.4366461, -21.2725524, -21.6934456, -21.9668158, -22.5717322, -22.9600665, -23.0316783, -23.4701275, -23.8176174, -24.0966305, -24.1733927, -23.706684, -23.1975635, -22.5717322, -22.1866673, -22.4791608, -22.3775427, -22.6676178, -23.230839, -23.5850468, 
-22.4633515, -22.3467303, -22.0850492, -21.7701183, -22.0066748, -22.5425769, -22.52838, -21.3033648, -20.811621, -20.2417715, -19.6184035, -19.1433199, -18.7534182, -18.2633762, -17.8616512, -17.8775052, -16.9217399, -16.4274434, -15.9183229, -14.546725, -14.4017995, -13.9849817, -13.4908643, -13.720076, -13.7675486, -14.5516514, -14.7283747, -15.0717891, -14.9901006, -15.6932762, -15.698337, -16.1858709, 66.5341312, 66.5104207, 66.2799941, 66.1245474, 66.1937425, 65.9924885, 65.9896085, 66.1578911, 
66.1770582, 65.9441985, 66.1920542, 66.0529441, 65.8358004, 65.8845622, 66.1020783, 66.0170928, 65.7266327, 65.6837551, 65.428327, 65.6887455, 65.8966285, 66.0520503, 66.2720989, 66.4671211, 66.434547, 66.297895, 66.1987328, 66.0324612, 65.8070747, 65.5012461, 65.4178993, 65.5491638, 65.5295746, 65.4345836, 65.2391642, 65.1566863, 65.0049886, 64.9958271, 64.8078809, 64.8129209, 64.5820723, 64.4703969, 64.2045659, 64.05622, 63.9824567, 63.8120636, 63.8829221, 63.7845793, 63.5554189, 63.5070544, 63.4087116, 
63.3911832, 63.4529051, 63.6195739, 63.7191581, 63.7829158, 63.9233417, 64.1462455, 64.4037344, 64.6587653, 64.7295741, 65.0775105, 65.2879259, 65.5308409, 65.7579157, 66.0603925, 66.0403813, 66.2695913, 66.2262172, 66.3987454, 66.5341312))"
India,IND,36.903713,7765.593,1425423157,India,Asia,South Asia,Southern Asia,"list(list(c(93.8458235, 93.6603671, 93.8204302, 93.9145691, 93.9411716, 93.8458235, 7.2445603, 7.1283167, 6.7699774, 6.8099998, 7.025778, 7.2445603)), list(c(92.5491517, 92.3845653, 92.4424281, 92.6212114, 92.5491517, 10.8803893, 10.7908107, 10.5428806, 10.6807989, 10.8803893)), list(c(92.709573, 92.6303924, 92.6228684, 92.5212056, 92.6137322, 92.7211724, 92.8003978, 92.709573, 12.2274203, 12.1074525, 11.8841018, 11.8491691, 11.5899671, 11.4800049, 11.8966398, 12.2274203)), list(c(92.909495, 92.7303086, 
92.7062589, 92.8549912, 92.9895266, 92.909495, 12.91078, 12.8224676, 12.3273769, 12.3036912, 12.5349123, 12.91078)), list(c(93.0487329, 92.934127, 92.8420482, 92.7945757, 93.0412537, 93.0487329, 13.5458248, 13.5337585, 13.3633406, 13.0133435, 13.0599949, 13.5458248)), list(c(77.9241193, 77.8229939, 77.0059738, 76.7522196, 76.6830262, 76.5294123, 76.0631514, 75.7850788, 75.3650813, 75.1632335, 74.7305617, 74.5802171, 74.3097132, 73.9534901, 73.982735, 74.2334885, 74.2813641, 73.9614171, 74.0315511, 
74.1925098, 74.1662656, 74.0179811, 74.2016013, 74.3191629, 74.4482793, 74.6305559, 74.729442, 75.1087744, 75.3726052, 75.2621644, 75.0123962, 74.5706778, 74.5242801, 74.6473056, 74.5337746, 74.5480164, 74.3658741, 74.0723506, 73.8798181, 73.972703, 73.8066388, 73.3969867, 73.2822465, 72.9458185, 72.4038255, 72.2992964, 72.2066354, 71.9273536, 71.8983327, 71.6664786, 71.2055472, 70.9062464, 70.7594398, 70.6773929, 70.5057305, 70.3722252, 70.1325337, 70.0259444, 69.5868235, 69.5133755, 69.5102853, 
69.8861692, 70.1742737, 70.1751694, 70.0834489, 70.0997956, 70.2686365, 70.674034, 70.6648082, 70.8885113, 70.9376857, 71.0745947, 70.9862779, 70.9860092, 70.8053896, 70.6443861, 70.5731325, 70.1099171, 70.0250039, 69.7315252, 69.5943027, 69.0948111, 68.8567319, 68.7530089, 68.3569715, 68.3469396, 68.3463126, 68.2784179, 68.2667737, 68.208284, 68.2166141, 68.3928446, 68.6337005, 68.5794654, 68.779074, 69.1958022, 69.7108343, 69.9470326, 70.2674721, 70.3179453, 70.1774535, 69.9462264, 69.8083322, 
69.1745739, 69.1640941, 68.9803844, 68.9762193, 69.2616815, 69.7058184, 70.0520991, 70.4424935, 70.7482882, 71.0125221, 71.4425068, 72.0441539, 72.2362833, 72.3062829, 72.2421054, 72.293743, 72.5499603, 72.5079068, 72.6187059, 72.527075, 72.8362286, 72.6775091, 72.6212139, 72.7096203, 72.887911, 72.8903742, 72.7420897, 72.6657754, 72.7762162, 72.865787, 72.8953901, 72.9728689, 73.1154208, 73.2853814, 73.2795593, 73.3591878, 73.5112342, 73.59037, 73.7700043, 73.9045844, 73.9237526, 74.0287296, 74.1904049, 
74.3562453, 74.5129046, 74.6653989, 74.7087512, 74.8136834, 75.2004501, 75.2645381, 75.5308321, 75.6212538, 75.7187516, 75.8470618, 75.9120902, 76.0953969, 76.2362022, 76.3237129, 76.5462068, 76.9737283, 77.3366692, 77.5550428, 78.0608492, 78.1303561, 78.1695434, 78.4066821, 78.9658279, 78.9312535, 79.2499465, 79.2428704, 79.3933046, 79.5541737, 79.8770765, 79.8495783, 79.8595654, 79.7645308, 79.8845557, 80.146192, 80.2562297, 80.3462036, 80.2404205, 80.2571255, 80.1279196, 80.1895891, 80.0908372, 
80.0479328, 80.0853734, 80.2587377, 80.3749559, 80.6507892, 80.8112553, 80.9383115, 81.1387262, 81.2983413, 81.5424666, 81.725818, 82.2758276, 82.3653984, 82.3061921, 82.6916601, 83.2149327, 83.4691347, 83.6941366, 84.0783058, 84.5587188, 84.8420313, 85.1091762, 85.5400118, 86.2166297, 86.422553, 86.5332626, 86.7770743, 86.7378871, 87.0283204, 86.8237407, 86.8962035, 87.117936, 87.704177, 87.9383151, 88.0724474, 88.1562409, 88.2362276, 88.4508392, 88.4912357, 88.7282848, 88.7120277, 89.0266452, 89.0431262, 
89.070714, 88.9186228, 88.968245, 88.8549827, 88.9121737, 88.774369, 88.7245229, 88.5797764, 88.6010943, 88.7354505, 88.7403321, 88.2034895, 88.0086282, 88.1447758, 88.3330984, 88.4457337, 88.4424196, 88.948002, 88.792328, 88.5373199, 88.2664577, 88.1018266, 88.1764391, 88.3498482, 88.687351, 88.8757632, 88.9534211, 89.0920319, 89.1614941, 89.3570271, 89.5380945, 89.7476454, 89.8781501, 89.8272291, 89.8823599, 89.821407, 90.1187821, 90.4507315, 90.8633395, 91.2458964, 91.6418889, 92.059692, 92.4273802, 
92.212455, 92.0901908, 91.744761, 91.6370969, 91.4130803, 91.3626967, 91.1676563, 91.3236438, 91.4486399, 91.5572893, 91.8116256, 91.7642874, 91.9710617, 91.9371143, 92.2730049, 92.4018973, 92.3534395, 92.3742199, 92.5176227, 92.6107764, 92.6066113, 92.7273528, 92.9154963, 93.0428212, 93.1993014, 93.0908759, 93.1264803, 93.2943808, 93.3655448, 93.4361266, 93.5003489, 93.6167462, 93.7995602, 94.0192774, 94.1565894, 94.2599094, 94.5418783, 94.7135407, 94.7409494, 94.5758256, 94.6826836, 94.8054852, 
95.0496104, 95.0088557, 95.1180873, 95.1491236, 95.4305999, 95.5431904, 95.7230485, 95.8022739, 96.0223046, 96.6056345, 96.7967339, 96.8567911, 97.1635711, 96.9030544, 96.9030096, 97.2474542, 97.3791233, 97.3454894, 97.126444, 96.9732779, 96.8605978, 96.5378742, 96.631834, 96.2636084, 96.0536992, 95.7057614, 95.4578742, 94.9243456, 94.6936112, 94.3789042, 94.3419114, 93.706944, 93.4256468, 93.2510285, 93.1496344, 92.9216319, 92.6773275, 92.7295921, 92.4558189, 92.2445661, 91.9243953, 91.6430086, 
91.565709, 91.7293996, 92.019206, 92.123332, 92.0274465, 92.1199731, 91.8924185, 91.7206217, 91.3364525, 90.6936028, 90.4173216, 90.1938872, 89.7746958, 89.3789272, 89.1336375, 89.0956595, 88.8709711, 88.7573058, 88.9213547, 88.771458, 88.8881239, 88.843876, 88.6372361, 88.1356396, 88.2005336, 88.0437399, 88.0077324, 88.1878593, 88.0312448, 87.7927625, 87.6516885, 87.465829, 87.3132004, 87.0151535, 86.7363196, 86.3435068, 86.217212, 86.0284415, 85.8511361, 85.7343357, 85.6061151, 85.4591294, 85.3339542, 
85.05727, 84.962504, 84.6433185, 84.6889996, 84.6223589, 84.051972, 83.8331505, 83.3924173, 83.3436908, 83.1657136, 82.7364007, 82.7068423, 82.4731521, 82.0621564, 81.8999885, 81.3208684, 81.2106067, 81.0797886, 80.5397214, 80.3764786, 80.0584574, 80.1448484, 80.297298, 80.2459739, 80.4164271, 80.4078731, 80.5484545, 80.8787469, 80.916904, 81.03254, 81.0345553, 81.0285093, 80.5407514, 80.192948, 79.8764047, 79.7007116, 79.6031242, 79.4130549, 79.075149, 78.8833779, 78.778177, 78.8466091, 78.7048633, 
78.7407812, 78.7633978, 78.6822915, 78.4913265, 78.3934704, 78.5693875, 78.6314152, 78.6640638, 78.739572, 78.8131096, 78.9682911, 79.2760564, 79.4101439, 79.5572639, 79.3347252, 79.4127414, 79.151956, 78.936583, 78.9073829, 79.0282587, 78.9026357, 78.9952071, 79.4101887, 79.6100659, 79.5347817, 79.7943131, 79.7865652, 80.0741323, 80.2266266, 80.196486, 80.2878482, 80.1659872, 79.7004877, 79.4522422, 78.8558797, 78.8002562, 78.5587733, 78.2436184, 78.1297291, 77.9241193, 35.4971283, 35.5112553, 35.0085922, 
34.9322716, 34.7448219, 34.766422, 34.6877925, 34.5136753, 34.537932, 34.6565343, 34.6811883, 34.7616799, 34.7825104, 34.560575, 34.0123777, 34.0236247, 33.9012982, 33.7234817, 33.5785123, 33.4787295, 33.3377326, 33.2704989, 33.0667374, 33.0220226, 32.7935822, 32.7673641, 32.4810998, 32.4602445, 32.2790266, 32.1020294, 32.0356896, 31.8370674, 31.6869338, 31.4660163, 31.3249697, 31.0324736, 30.8929664, 30.5228836, 30.3597651, 30.1982604, 30.0679642, 29.9459357, 29.5720543, 29.0278046, 28.7829531, 
28.6697136, 28.394746, 28.121715, 27.9612282, 27.8778069, 27.8353266, 27.7094994, 27.7212181, 27.9218265, 28.0369778, 28.0118272, 27.8059801, 27.5628666, 27.1832499, 27.0099272, 26.74355, 26.5787432, 26.5513334, 26.2514883, 26.0833795, 25.9382363, 25.7136442, 25.6758067, 25.3968915, 25.1480923, 24.9386204, 24.662039, 24.595575, 24.3652726, 24.2208246, 24.224797, 24.4223516, 24.29501, 24.1710201, 24.1710449, 24.2923782, 24.2744278, 24.2138728, 23.9714296, 23.9741607, 23.9476694, 23.9362983, 23.9085657, 
23.8950842, 23.835423, 23.5728942, 23.6091427, 23.3083046, 23.2274405, 23.0745262, 22.8362292, 22.7378864, 22.9008063, 22.952895, 22.7591638, 22.5520505, 22.5266765, 22.3978949, 22.2866416, 22.4037294, 22.4082977, 22.2149638, 21.9120898, 21.5354276, 21.1500012, 20.8529121, 20.7179235, 20.737885, 20.8679081, 21.162862, 21.4541167, 21.6324794, 22.0316604, 22.2241501, 22.3020597, 21.9757979, 21.905858, 21.7108359, 21.6333235, 21.4978632, 21.1583434, 21.1308342, 20.6483312, 20.5049756, 20.2466675, 19.9337134, 
19.2233659, 19.0062222, 18.4566594, 18.1299507, 17.7791342, 17.098307, 16.9024655, 16.4445668, 15.9383285, 15.9074676, 15.4895665, 15.3108313, 15.0916765, 15.0066166, 14.7233317, 14.5216308, 13.9866419, 13.6408407, 13.3325045, 12.8866225, 12.0091593, 11.9907867, 11.7054163, 11.4849457, 11.3899794, 11.0708432, 10.7849514, 10.3908104, 9.9641451, 9.4575096, 8.9000019, 8.3966684, 8.1262194, 8.075397, 8.3820945, 8.4933229, 8.8757948, 9.1045331, 9.2712268, 9.5866636, 10.0303856, 10.1825054, 10.3203492, 
10.3512101, 10.2999408, 10.7441593, 11.1592053, 11.6424779, 12.0624894, 12.4425033, 12.7808314, 13.2832959, 13.6216488, 13.781639, 14.1924642, 14.5549994, 14.803724, 15.0791385, 15.2758241, 15.6574767, 15.7720817, 15.878717, 15.834176, 15.7103847, 15.9674763, 16.2970898, 16.3562544, 16.3112169, 16.5537594, 16.8500044, 17.0383231, 17.3354122, 17.5903935, 17.9137256, 18.0979229, 18.2778994, 18.7916605, 19.1908167, 19.4154087, 19.6962109, 19.89456, 20.0020642, 20.1937595, 20.3374378, 20.4691492, 20.6920529, 
21.1733145, 21.3132935, 21.5125116, 21.6587224, 21.8145663, 22.0145292, 21.9591633, 21.6416657, 21.6120461, 21.8499707, 21.9762199, 21.691644, 21.5986391, 22.0757048, 22.1968892, 22.7310836, 22.8457383, 22.9585805, 23.2339702, 23.2245356, 23.5121654, 23.6045744, 23.8147167, 23.914574, 24.2552607, 24.4599906, 24.6678239, 24.8481728, 24.8708654, 25.0335122, 25.1843657, 25.1764953, 25.5228428, 25.5211048, 25.782591, 25.8279761, 26.1467648, 26.282672, 26.3867749, 26.2865948, 26.4520471, 26.3932301, 26.1337054, 
26.0075803, 26.002143, 26.1574159, 25.924432, 25.7410789, 25.6172876, 25.3556277, 25.2232957, 25.1525365, 25.1583214, 25.1973755, 25.1231901, 25.186625, 25.0252942, 24.5036874, 24.3720506, 24.2474151, 24.1022968, 24.1156541, 23.9833221, 23.7498417, 23.2376199, 23.2599897, 22.9785669, 23.0698834, 23.3092977, 23.502706, 23.6812674, 23.642983, 23.2364778, 23.2073052, 22.9709696, 22.7162366, 22.1352667, 21.9746061, 22.1488475, 21.97982, 22.2001168, 22.256029, 22.7041951, 23.0440129, 23.0070443, 23.1217735, 
23.6855626, 23.9446404, 24.0070823, 23.9327231, 23.9255479, 23.8479114, 24.1654587, 24.7043703, 24.9361625, 25.1265667, 25.214457, 25.4645968, 25.4917832, 25.792671, 25.8669061, 26.1005851, 26.6160097, 26.7000269, 26.8354376, 26.8814683, 27.0150665, 27.1796747, 27.3658333, 27.3458222, 27.1924858, 27.1421847, 27.4536492, 27.6139621, 27.9000774, 27.892058, 28.2154646, 28.361874, 28.3311372, 28.4830336, 28.6787261, 28.7335955, 29.2463635, 29.3827425, 29.2132433, 29.1368234, 29.1565863, 29.317942, 29.1541283, 
29.0019341, 28.6644501, 28.6619922, 28.5454009, 28.367932, 28.2006921, 28.1509621, 27.9782352, 27.7933428, 27.8881352, 27.7165257, 27.7611163, 27.5836226, 27.4695141, 27.4779804, 27.2865334, 27.1687256, 26.9715931, 26.9205472, 26.8120498, 26.7804441, 26.7722509, 26.9048312, 26.7734923, 26.7020628, 26.8623012, 26.8074815, 26.8917222, 26.9613889, 27.1652497, 27.3272758, 27.55805, 27.8564054, 27.9929581, 28.1182391, 27.8815807, 27.8369404, 27.4783528, 27.1446427, 26.7714564, 26.3885376, 26.4688555, 
26.3936522, 26.4404029, 26.3677071, 26.5321663, 26.4237682, 26.6167794, 26.5886495, 26.6665342, 26.6086607, 26.7959118, 26.8567398, 26.7845158, 26.7415886, 26.849217, 26.9605199, 27.0461757, 27.2206405, 27.3365366, 27.4428988, 27.4257179, 27.4782783, 27.3356924, 27.4575223, 27.5023861, 27.7117091, 27.6764536, 27.9216527, 27.8536246, 28.1974893, 28.3607816, 28.3850383, 28.6906682, 28.6286733, 28.9165762, 29.104299, 29.2066142, 29.4468726, 29.6505845, 29.7946601, 29.8501998, 30.1320696, 30.2260427, 
30.1967707, 30.1971928, 30.2325724, 30.4490706, 30.6667109, 30.9657614, 30.970727, 30.9398909, 31.0729926, 31.4590148, 31.2861887, 31.3123323, 31.6068642, 31.7805842, 31.8852084, 31.9476999, 32.1148653, 32.2739121, 32.5391968, 32.615716, 32.6347341, 32.657526, 32.6957111, 32.4339767, 32.3357332, 32.5560052, 32.5190863, 32.7591709, 32.997592, 33.1767741, 33.1818638, 33.3869164, 33.6204961, 33.7536723, 34.0016273, 34.036833, 34.0101928, 34.2841673, 34.4007586, 34.4800585, 34.6273617, 34.7058174, 34.9724677, 
35.1134647, 35.35777, 35.54661, 35.6594523, 35.8827781, 35.9742436, 35.869818, 35.7733373, 35.7252955, 35.5455425, 35.4971283)))"
Indonesia,IDN,51.872635,12801.671,278830479,Indonesia,Asia,East Asia & Pacific,South-eastern Asia,"list(list(c(123.3840375, 123.0444745, 122.8102916, 122.8182187, 123.0861249, 123.4240756, 123.3840375, -10.433759, -10.7166466, -10.7741726, -10.9096329, -10.8458256, -10.6470792, -10.433759)), list(c(119.9445631, 119.809983, 119.6366635, 119.3008177, 119.0083242, 118.9312038, 119.1658345, 119.459985, 119.6808219, 119.7133361, 119.9408012, 120.1641908, 120.433351, 120.6199718, 120.8178785, 120.7995613, 120.6453652, 120.4566395, 120.2537616, 120.1983172, 120.0883243, 119.9445631, -9.2775047, -9.392929, 
-9.3421065, -9.3571025, -9.4446204, -9.5591758, -9.7404434, -9.7404682, -9.7913155, -9.8679092, -9.9795845, -10.2396058, -10.3054242, -10.2437768, -10.0908874, -9.9716893, -9.8766982, -9.628768, -9.6350246, -9.4679089, -9.4654758, -9.2775047)), list(c(125.0872712, 124.9826525, 124.9491082, 124.6628399, 124.4757713, 124.4626939, 124.2967192, 124.0435026, 123.9911932, 123.6631849, 123.6415088, 123.5240366, 123.5320084, 123.7995117, 124.0069577, 124.1394777, 124.3770195, 124.7482009, 124.9815329, 125.0872712, 
-9.4625957, -9.1914019, -8.9581947, -9.1258566, -9.1742708, -9.2990055, -9.5021215, -9.336272, -9.334981, -9.6370853, -9.8870762, -10.1720742, -10.3216864, -10.3558742, -10.2708391, -10.151641, -10.1649735, -9.867934, -9.6345777, -9.4625957)), list(c(123.2199885, 123.0303671, 123.0366371, 123.2949593, 123.2199885, -8.2287794, -8.314187, -8.4029463, -8.3946042, -8.2287794)), list(c(116.3716283, 116.0304083, 116.0512335, 116.1600173, 116.3987235, 116.5650117, 116.5470975, 116.7270901, 116.6533285, 
116.3716283, -8.2104069, -8.4433659, -8.7350674, -8.8745747, -8.9591629, -8.8729609, -8.7616828, -8.3683612, -8.2896075, -8.2104069)), list(c(124.2983315, 124.0370982, 124.143374, 124.3028996, 124.2983315, -8.1762439, -8.4291644, -8.5396232, -8.3291581, -8.1762439)), list(c(123.7875092, 123.5853926, 123.3337435, 123.4058032, 123.7587569, 123.7875092, -8.1737611, -8.3591998, -8.4108415, -8.5862994, -8.2966834, -8.1737611)), list(c(138.8595446, 138.7154252, 138.5991623, 138.9200049, 138.8595446, -8.1383567, 
-8.1683238, -8.3562452, -8.3887696, -8.1383567)), list(c(124.5241395, 124.3995465, 124.3642108, 125.1141872, 125.0874951, 124.6883228, 124.5241395, -8.1221193, -8.2216787, -8.4462708, -8.34547, -8.1487844, -8.1604534, -8.1221193)), list(c(127.8108508, 127.7928919, 128.0433319, 128.0808173, 127.8108508, -8.1062296, -8.1858771, -8.2646059, -8.1396229, -8.1062296)), list(c(117.9375052, 117.7220426, 117.7245954, 117.9741397, 118.2308048, 118.2041575, 117.9691237, 117.809195, 117.7378967, 117.5524851, 
117.3950196, 117.1624938, 116.7662325, 116.8120928, 116.7374355, 117.0204345, 117.1958141, 117.3416802, 117.6816014, 117.898721, 118.1887065, 118.3549947, 118.4425054, 118.7208019, 118.9033472, 119.0145494, 118.9949782, 118.6437263, 118.4600165, 118.2758142, 118.1425328, 117.9375052, -8.0837852, -8.159212, -8.25249, -8.4787455, -8.5546192, -8.672129, -8.7438068, -8.7295805, -8.5750028, -8.4079367, -8.4771069, -8.3629239, -8.6491882, -8.8275012, -9.0012957, -9.1150069, -9.0204379, -9.0571085, -8.920382, 
-8.9233365, -8.8558794, -8.6846174, -8.8812782, -8.8020776, -8.8512614, -8.5842139, -8.310438, -8.2967331, -8.2504789, -8.3696026, -8.1370905, -8.0837852)), list(c(122.8682887, 122.8978919, 122.599218, 122.4716692, 122.2341274, 122.1661879, 121.9149866, 121.6387502, 121.5150081, 121.3024566, 120.8616787, 120.4112718, 120.2607929, 120.0316707, 119.8086842, 119.8036682, 119.9557595, 120.165803, 120.2408186, 120.5900104, 120.8233424, 121.0058429, 121.1520224, 121.3562439, 121.3849961, 121.7858255, 122.1200142, 
122.4175236, 122.8333561, 122.9762663, 122.8682887, -8.0687893, -8.2758529, -8.3912772, -8.6078996, -8.6262721, -8.5558357, -8.4937663, -8.496696, -8.6221011, -8.4945608, -8.3545818, -8.265897, -8.2737674, -8.3762564, -8.5666606, -8.7608635, -8.8179177, -8.772905, -8.8329137, -8.7995948, -8.8221136, -8.9596098, -8.8975156, -8.899179, -8.8012831, -8.8946107, -8.7271225, -8.7421185, -8.5971491, -8.1366932, -8.0687893)), list(c(115.1974893, 115.0024937, 114.8333392, 114.5808391, 114.4287479, 114.5941404, 
114.7392003, 114.9341511, 115.1645721, 115.3674947, 115.5833604, 115.7104166, 115.4516465, 115.1974893, -8.0687893, -8.1738108, -8.1937723, -8.1187676, -8.1741832, -8.4045849, -8.3970869, -8.477951, -8.7066893, -8.5787766, -8.5171044, -8.4016552, -8.1612976, -8.0687893)), list(c(129.6791636, 129.5770976, 129.7141858, 129.861261, 129.6791636, -7.793772, -7.9108598, -8.0546374, -7.9133674, -7.793772)), list(c(126.630845, 126.4758427, 126.1916793, 125.9716486, 125.804599, 125.9441951, 126.1283079, 126.4641537, 
126.5500073, 126.7166538, 126.630845, -7.5596213, -7.5887442, -7.724577, -7.6529489, -7.8533835, -7.9146088, -7.8896072, -7.9737237, -7.8246329, -7.7487841, -7.5596213)), list(c(138.6733269, 138.2508214, 137.937861, 137.8258527, 137.6220343, 138.066619, 138.5017092, 138.6595778, 138.7241584, 138.8299863, 139.1008484, 138.9333062, 138.8483035, 138.6733269, -7.375424, -7.4754551, -7.7792229, -8.0270786, -8.356717, -8.4079367, -8.360466, -8.2491631, -8.1462768, -8.1337884, -7.5704213, -7.5379466, -7.4162409, 
-7.375424)), list(c(131.6583202, 131.5254419, 131.381636, 131.238681, 131.0820664, 131.1012793, 131.3029032, 131.3587058, 131.6262091, 131.6808025, 131.6583202, -7.114633, -7.1508319, -7.3987621, -7.4766965, -7.8816872, -7.9942315, -8.0233544, -7.8758526, -7.6441598, -7.4462825, -7.114633)), list(c(113.9133126, 113.7924816, 112.8541826, 112.6720851, 112.6895962, 113.0958446, 113.5458036, 113.6816825, 114.09335, 113.9133126, -6.863798, -6.8853982, -6.892921, -7.0750327, -7.1533395, -7.2287663, -7.234576, 
-7.1104123, -6.9814072, -6.863798)), list(c(115.2491717, 115.2807902, 115.5341412, 115.3941868, 115.2491717, -6.8254143, -7.0112502, -6.962116, -6.8337813, -6.8254143)), list(c(106.0383366, 105.8787214, 105.8187537, 105.6261765, 105.47413, 105.9174607, 106.5445908, 106.3982769, 106.3687633, 106.5199588, 107.1249648, 107.4475093, 107.6899327, 108.343307, 108.5183284, 108.6899908, 108.9924714, 109.1074356, 109.8791329, 110.3724889, 110.6783285, 111.191614, 111.4520859, 111.688732, 111.8141759, 112.3233412, 
112.6375108, 112.9224803, 112.9741627, 113.2166756, 113.8312658, 114.3686906, 114.338774, 114.457097, 114.2399774, 113.7625202, 113.484985, 113.2695672, 112.8437028, 112.8245346, 112.6741452, 112.5954125, 112.4324832, 112.0541361, 111.9716862, 111.8324483, 111.4932885, 111.3767121, 111.1433801, 111.0470915, 110.7224869, 110.6279001, 110.4699867, 110.2120676, 109.9941866, 109.5400178, 109.2974601, 108.932459, 108.6066452, 108.5412137, 108.3025075, 108.1233211, 107.8078975, 107.6649873, 107.4587505, 
107.3516686, 107.0178829, 106.9916835, 106.7441545, 106.684993, 106.4641562, 106.2595317, 106.187472, 106.0383366, -5.8746098, -6.0750196, -6.4458969, -6.5200327, -6.8654118, -6.816228, -7.0533581, -7.1871053, -7.3083642, -7.4079732, -7.4613033, -7.5104126, -7.6720662, -7.8212563, -7.6987809, -7.6779256, -7.7779567, -7.6871119, -7.8454386, -8.0721162, -8.184586, -8.280446, -8.2775164, -8.3367058, -8.273817, -8.3329568, -8.4329382, -8.3946042, -8.3229512, -8.280446, -8.5500509, -8.671707, -8.420003, 
-7.8108287, -7.6979368, -7.7387288, -7.6962485, -7.7767153, -7.5867332, -7.2791915, -7.2254394, -6.9050618, -6.8670753, -6.8879555, -6.7671435, -6.7996182, -6.6204114, -6.7037582, -6.6579758, -6.4283437, -6.4462693, -6.6766711, -6.9212743, -6.8925238, -6.9246013, -6.8304792, -6.873754, -6.8413041, -6.7704704, -6.4841565, -6.2403974, -6.3354382, -6.1874894, -6.2545741, -6.136667, -5.9762796, -5.966696, -6.0862666, -6.1045895, -6.012975, -6.0479325, -5.9450214, -6.0312731, -5.8746098)), list(c(134.5695955, 
134.3233653, 134.3512666, 134.2579338, 134.1087089, 134.1153819, 134.0570713, 134.1804103, 134.3133334, 134.623741, 134.7670991, 134.6833056, 134.5695955, -5.4191939, -5.7270832, -5.8474979, -6.0950308, -6.0441835, -6.3550024, -6.8291881, -6.9325213, -6.863798, -6.4674971, -6.0983577, -5.5104112, -5.4191939)), list(c(102.171699, 102.259568, 102.3979101, 102.171699, -5.278768, -5.4933297, -5.3908158, -5.278768)), list(c(121.9066565, 121.7962157, 121.9437388, 122.0504177, 122.0583447, 121.9066565, 
-5.0904494, -5.2783956, -5.4867007, -5.4625184, -5.1820887, -5.0904494)), list(c(122.6733379, 122.3728726, 122.3787395, 122.2833018, 122.5237994, 122.6470936, 122.593799, 122.7624608, 122.6733379, -4.610454, -4.7408991, -4.9516869, -5.3962779, -5.4392051, -5.3533507, -5.1600168, -4.8820947, -4.610454)), list(c(123.0837065, 122.8674826, 122.8604065, 122.7187503, 122.5595829, 122.646601, 122.8187113, 122.9791774, 123.1374938, 123.2212425, 122.9612185, 123.0291579, 123.2020744, 123.2054333, 123.0837065, 
-4.3725046, -4.5221168, -4.7825105, -5.2608424, -5.5217327, -5.704614, -5.6975381, -5.3904434, -5.3912379, -5.2992013, -4.9958804, -4.7629214, -4.7699973, -4.6150223, -4.3725046)), list(c(123.0183198, 122.9933296, 123.1333288, 123.2479346, 123.1950431, 123.0183198, -3.9787609, -4.2054633, -4.2612762, -4.1308559, -4.0112605, -3.9787609)), list(c(128.2758129, 128.0249699, 128.287054, 128.2758129, -3.4929558, -3.7346046, -3.6899891, -3.4929558)), list(c(116.2628893, 116.1137091, 116.0070751, 116.0720587, 
116.0353795, 116.1382963, 116.3062416, 116.2628893, -3.2133703, -3.3100248, -3.6166726, -3.8208066, -4.0200247, -4.0387448, -3.8766939, -3.2133703)), list(c(126.7166538, 126.0908226, 126.0079248, 126.1966505, 126.6982918, 127.221654, 127.2524664, 126.9833061, 126.7166538, -3.0554656, -3.1062881, -3.3616666, -3.6229044, -3.8445916, -3.6595999, -3.3671039, -3.1421146, -3.0554656)), list(c(100.2266241, 100.1862277, 100.3783123, 100.4671217, 100.2266241, -2.7804235, -2.9908637, -3.1654278, -3.0258709, 
-2.7804235)), list(c(129.5379104, 129.1250338, 129.0596023, 128.8367053, 128.5283578, 128.162058, 128.0599473, 127.8653995, 128.0512141, 128.1483089, 128.392882, 128.6645502, 128.8574857, 128.9307547, 129.0783226, 129.5166373, 129.5166821, 129.9149587, 130.0058283, 130.4016865, 130.703361, 130.8195791, 130.8779345, 130.7816907, 130.6608597, 130.5921141, 130.335852, 130.0158603, 129.7083189, 129.5379104, -2.7909008, -2.9637518, -2.8050279, -2.8621069, -2.8296073, -2.8517041, -3.0704368, -3.1900322, 
-3.3350264, -3.0637581, -3.4183732, -3.3725163, -3.2037619, -3.3462733, -3.3346291, -3.4629391, -3.291255, -3.3321463, -3.485433, -3.625412, -3.8254246, -3.8316564, -3.5841979, -3.4004724, -3.3995786, -3.1433559, -2.9687422, -3.0020859, -2.8371302, -2.7909008)), list(c(107.8149736, 107.6575081, 107.5595624, 107.6391461, 107.8421135, 107.9620488, 108.1799746, 108.2962375, 108.2004416, 108.0824768, 107.8149736, -2.5262616, -2.5571225, -2.9917327, -3.2362615, -3.1066605, -3.2408546, -3.13628, -2.8733291, 
-2.6892063, -2.6046429, -2.5262616)), list(c(100.010848, 99.9737209, 100.0724727, 100.224564, 100.010848, -2.5129539, -2.7733724, -2.8420709, -2.7467322, -2.5129539)), list(c(99.6087647, 99.5404221, 99.5958217, 99.8370806, 99.6087647, -2.0183598, -2.0691574, -2.2871205, -2.3658493, -2.0183598)), list(c(125.914592, 125.8546243, 125.9487185, 126.0786857, 125.914592, -1.9766988, -2.095028, -2.3882936, -2.4274967, -1.9766988)), list(c(125.4103979, 125.4332832, 125.9058141, 125.909173, 125.6674661, 125.4103979, 
-1.7841842, -1.9537828, -1.9362792, -1.7896215, -1.8262425, -1.7841842)), list(c(130.3316869, 130.0600187, 129.7474613, 129.8716512, 130.2550143, 130.4362161, 130.3316869, -1.6687847, -1.7271052, -1.8454095, -1.9879458, -2.0529697, -1.8224935, -1.6687847)), list(c(124.5337684, 124.3762581, 124.33622, 124.4374798, 124.8091538, 125.0100164, 125.1441487, 125.3075258, 125.2892086, 124.5337684, -1.6283651, -1.6783434, -1.8808139, -2.0229529, -1.9012224, -1.9487675, -1.8762704, -1.8937989, -1.7337838, 
-1.6283651)), list(c(135.4791423, 135.7579314, 135.9083208, 136.2646335, 136.6433389, 136.7041574, 136.4075437, 136.1883191, 135.6199476, 135.4791423, -1.596238, -1.7433425, -1.7529261, -1.8908692, -1.867109, -1.7254417, -1.7196072, -1.6512315, -1.6245913, -1.596238)), list(c(105.8857975, 105.4666509, 105.3953525, 105.1070688, 105.3025123, 105.5891389, 105.7783573, 105.8312488, 105.9349718, 105.8862005, 105.946213, 106.2782968, 106.492371, 106.5928694, 106.7029072, 106.6875458, 106.3924548, 106.2912397, 
106.1545099, 106.1391485, 106.0470697, 105.8857975, -1.5012717, -1.5612556, -1.7691883, -2.0267019, -2.1462725, -2.125442, -2.1629568, -2.4133697, -2.5296133, -2.6441935, -2.8091741, -2.9046121, -3.0520394, -2.9500221, -2.6425301, -2.5395941, -2.479635, -2.4150083, -2.094159, -1.8621186, -1.6057967, -1.5012717)), list(c(127.6695529, 127.4253828, 127.3862404, 127.585849, 127.8758345, 128.149115, 127.9233518, 127.6695529, -1.3400402, -1.4183718, -1.655055, -1.7404377, -1.6821172, -1.6862883, -1.4395747, 
-1.3400402)), list(c(123.1945952, 122.8312064, 122.7878989, 122.9083269, 123.144122, 123.2591758, 123.4570825, 123.5571331, 123.1945952, -1.1758541, -1.2800066, -1.4616963, -1.608776, -1.3020785, -1.4454092, -1.5158953, -1.2833583, -1.1758541)), list(c(98.910381, 98.6612398, 98.5995703, 98.8757619, 99.0557993, 99.2241476, 99.2920423, 99.1336811, 98.910381, -0.9266577, -0.9824954, -1.2233993, -1.6779462, -1.7846063, -1.7796159, -1.6341996, -1.4591638, -0.9266577)), list(c(130.925407, 130.6387357, 
130.7412942, 130.8520933, 131.0429239, 131.0825142, 130.925407, -0.8958216, -0.989174, -1.2233496, -1.3458002, -1.2466877, -1.0096073, -0.8958216)), list(c(130.8057852, 130.5495231, 130.5383268, 130.8749787, 130.8057852, -0.7571088, -0.8416971, -0.9279487, -0.8520999, -0.7571088)), list(c(135.3957966, 135.3945426, 135.6491477, 135.7762038, 135.8682826, 136.0433488, 136.1824523, 136.0449611, 135.8791207, 135.3957966, -0.6212761, -0.7275638, -0.8962437, -0.8733525, -1.1871011, -1.1620747, -1.0629374, 
-0.8496171, -0.7129402, -0.6212761)), list(c(141.0018993, 140.7891238, 140.7212739, 140.3841294, 140.3382691, 140.0615849, 139.8100253, 138.9999917, 138.8608434, 138.6675048, 138.080816, 137.9199468, 137.6632817, 137.1095997, 137.156714, 137.0533492, 136.733268, 136.4221437, 136.2102192, 135.9716474, 135.9220699, 135.7228644, 135.4683042, 135.1024522, 134.8562668, 134.7691144, 134.6820068, 134.6262042, 134.4570945, 134.3358156, 134.1729311, 134.1045886, 134.144582, 134.0820615, 134.2087595, 134.2762511, 
134.0178841, 134.0895855, 133.9916846, 133.4307922, 133.2432757, 132.6812636, 132.4156414, 132.1875941, 131.8032906, 131.5357873, 131.2591927, 131.2237674, 131.0479399, 130.9933465, 131.2075103, 131.3824869, 131.5770795, 131.8795601, 131.9195535, 132.0408771, 132.3708112, 132.587483, 132.9616651, 133.1641847, 133.6458069, 133.9295672, 133.9566176, 133.8808407, 133.7295556, 133.5166906, 133.2174793, 133.0399947, 132.7241233, 132.5766449, 132.1300001, 132.0141402, 132.0808257, 132.3258467, 132.6387623, 
132.7904505, 132.8800213, 132.7270791, 132.8246217, 132.9383767, 133.2324824, 133.4479002, 133.4149829, 133.5962743, 133.7899711, 134.1216518, 134.3354126, 134.5033131, 134.7204327, 135.1950236, 135.4341329, 135.7162362, 135.9041557, 136.1166177, 136.6695831, 136.8283474, 137.3041475, 137.6541902, 138.0749939, 138.0724859, 138.2349674, 138.3749666, 138.3987476, 138.6575177, 138.6554128, 138.790799, 138.5420161, 138.7625394, 138.7057963, 138.9237221, 138.9758523, 139.1195687, 138.8745925, 138.9550271, 
139.1020576, 139.2491329, 139.3766369, 139.6967182, 139.9320655, 140.2242007, 140.507961, 140.6120871, 140.9064616, 141.0195895, 141.0194104, 141.0221423, 140.9575169, 140.858586, 141.001541, 141.001541, 141.0010931, 141.0018993, -2.6045932, -2.5996028, -2.4868847, -2.3977282, -2.4627025, -2.3580782, -2.3712866, -1.9696974, -1.9646077, -1.7962754, -1.6154547, -1.4662894, -1.5162429, -1.7991554, -2.1021039, -2.0970887, -2.2488112, -2.2045433, -2.6276086, -2.7629199, -2.9574952, -3.0691954, -3.3679728, 
-3.3729384, -3.2491719, -2.9946376, -2.9683698, -2.4966917, -2.5941656, -2.5529515, -2.3483458, -2.0783685, -1.9908258, -1.6933642, -1.5541549, -1.3424981, -0.9716953, -0.824988, -0.7312135, -0.7337707, -0.597938, -0.362521, -0.338587, -0.4078813, -0.7187499, -0.7321073, -0.817912, -1.135062, -1.2592009, -1.4645515, -1.5279616, -1.4621183, -1.4766922, -1.631692, -1.8700387, -2.0837562, -2.2754514, -2.1962756, -2.2946185, -2.2045433, -2.2296193, -2.0958225, -2.2379118, -2.3787598, -2.4325616, -2.5954069, 
-2.4079076, -2.4762833, -2.8062444, -2.6996339, -2.6779345, -2.8846009, -2.969636, -2.9487558, -3.1983246, -3.275837, -3.648775, -3.6875063, -3.9891638, -4.1053826, -4.0754154, -3.8600097, -3.6970898, -3.524214, -3.5854393, -3.8813119, -4.0058728, -4.0304523, -4.203353, -4.4562983, -4.4371313, -4.4950297, -4.4896172, -4.6271134, -4.7950237, -4.9096039, -5.0129122, -5.2095482, -5.5329548, -5.7387274, -5.8129128, -6.1487829, -6.3424892, -6.6104058, -6.7250356, -6.8546366, -6.950869, -7.1262524, -7.2529486, 
-7.3891786, -7.5321121, -7.5516764, -8.1408643, -8.2596404, -8.1141744, -8.0695838, -8.1645997, -8.0695838, -8.1333911, -8.3588025, -8.621679, -8.8041383, -9.0952688, -9.1253601, -7.9587774, -6.8924493, -6.9069239, -6.6090651, -6.3241663, -5.3091076, -4.1642989, -2.6045932)), list(c(104.4779235, 104.2499658, 104.5070788, 104.5924845, 104.4779235, -0.3475002, -0.4962682, -0.6433728, -0.4587286, -0.3475002)), list(c(127.5216267, 127.3616084, 127.2962665, 127.4012435, 127.4682873, 127.6433086, 127.7441654, 
127.9004216, 127.5929251, 127.6891241, 127.5216267, -0.3046226, -0.3204379, -0.517496, -0.6233368, -0.8354405, -0.7563143, -0.8829112, -0.7916939, -0.605858, -0.4621052, -0.3046226)), list(c(127.235851, 127.1133181, 127.1162292, 127.2516603, 127.235851, -0.2512677, -0.2862749, -0.5250188, -0.5004393, -0.2512677)), list(c(130.8182804, 130.2870359, 130.303293, 130.5091715, 130.9387531, 131.3116812, 131.2962302, 131.0495522, 130.8182804, -0.0087749, -0.104188, -0.2496043, -0.2445891, -0.3516961, -0.3029095, 
-0.1741775, -0.0267005, -0.0087749)), list(c(104.5600151, 104.4299583, 104.6991634, 104.5600151, 0.0212419, -0.2362718, -0.2029281, 0.0212419)), list(c(102.4874809, 102.4991699, 102.586591, 102.9183165, 103.0462236, 102.870844, 102.4874809, 1.1429111, 0.9436931, 0.7653552, 0.7720835, 0.8241722, 0.9578946, 1.1429111)), list(c(102.7607615, 102.7258289, 102.8824882, 103.0700047, 103.1653976, 102.978329, 102.7607615, 1.1670934, 1.0462318, 0.9670312, 0.8320177, 0.8875078, 1.0986929, 1.1670934)), list(
    c(104.1059359, 103.9108507, 104.0654499, 104.1059359, 1.1960922, 1.0610291, 0.9782037, 1.1960922)), list(c(104.5758244, 104.4107454, 104.2212135, 104.5591642, 104.6558111, 104.5758244, 1.2354939, 1.2087544, 1.0933052, 0.8120314, 0.9062528, 1.2354939)), list(c(102.2749294, 102.2029592, 102.276273, 102.3833101, 102.4871226, 102.2749294, 1.4254264, 1.279166, 1.0000025, 0.9145453, 1.2382995, 1.4254264)), list(c(97.3483557, 97.1458361, 97.3937233, 97.5841061, 97.6683922, 97.8776744, 97.9104573, 97.6849628, 
97.4791739, 97.3483557, 1.5420673, 1.3745791, 1.0108274, 0.8373061, 0.586049, 0.6262948, 1.0332717, 1.1804259, 1.4762488, 1.5420673)), list(c(102.0108299, 102.1224799, 102.275019, 102.5070521, 102.4612367, 102.0108299, 1.6254141, 1.4612032, 1.4429051, 1.2558279, 1.5274934, 1.6254141)), list(c(124.9999844, 124.8049888, 124.4883112, 124.3070647, 123.9275084, 123.756652, 123.2924961, 122.9487681, 122.8387304, 122.6199537, 121.9312437, 121.5558077, 121.3158475, 120.9466366, 120.8158632, 120.7915895, 
120.7008543, 120.5796202, 120.2420726, 120.0712163, 120.0500328, 119.9157661, 119.8483193, 119.9095409, 119.7545387, 119.7429392, 119.5500037, 119.4404138, 119.333735, 119.2928459, 119.3687572, 119.2266979, 119.1212282, 119.1374406, 118.7590935, 118.8829251, 118.8379158, 118.8429317, 118.9245307, 119.197453, 119.2916815, 119.5070097, 119.450401, 119.6274377, 119.6345586, 119.59461, 119.4803624, 119.5187435, 119.4083027, 119.3578743, 119.6370665, 119.7875007, 119.938338, 120.1283176, 120.4466523, 
120.2828721, 120.29792, 120.4045988, 120.3453925, 120.3737417, 120.3345992, 120.4412333, 120.3845797, 120.3812656, 120.2529106, 120.1908381, 120.6750131, 121.0912039, 120.9958109, 121.0845756, 121.0603915, 120.8696057, 120.8838026, 121.36332, 121.6086992, 121.5296082, 121.4708497, 121.6866706, 122.0233225, 122.0933221, 122.5950082, 122.7449945, 122.9003999, 122.8874569, 122.6661722, 122.6662618, 122.4416182, 122.2012549, 122.3741714, 122.225036, 122.0175004, 121.832044, 121.7291272, 121.5582709, 
121.3512279, 121.4433515, 121.5674966, 121.7304259, 121.8637521, 122.215004, 122.4000125, 122.6315979, 122.8049622, 123.0558052, 123.2641469, 123.3795589, 123.4537683, 123.398324, 123.0616721, 122.8782759, 122.9083717, 122.688744, 122.4658471, 122.201658, 122.1050111, 121.9100154, 121.4674908, 121.2012416, 121.111626, 120.6758192, 120.5674833, 120.5804263, 120.4007921, 120.3075041, 120.085458, 120.0704101, 120.0099946, 120.0304168, 120.1346324, 120.3095642, 120.6491719, 121.0607946, 121.283378, 121.4407987, 
121.5220842, 121.7207971, 121.7958126, 122.1149534, 122.3953996, 122.6928643, 123.0579101, 123.2574739, 123.638329, 124.0824659, 124.2782676, 124.5012542, 124.7120591, 124.8874835, 125.0229146, 125.077508, 125.2399894, 125.1645708, 124.9999844, 1.7537489, 1.5762303, 1.1854163, 1.0225213, 0.8503903, 0.8320922, 0.9145204, 0.9074942, 0.8241225, 0.9662615, 1.0966322, 1.0595643, 1.2545865, 1.3562562, 1.3320491, 1.043749, 1.0020632, 0.781667, 0.8024975, 0.7391619, 0.5179216, 0.4879048, 0.3371009, 0.2332711, 
-0.367561, -0.6583688, -0.8471095, -1.1016935, -1.171683, -1.6692068, -1.8625655, -1.9846189, -2.2892308, -2.4754143, -2.7512509, -2.8900382, -3.0800203, -3.3824971, -3.5508542, -3.4987407, -3.429645, -3.5491659, -3.7066982, -3.9729264, -4.3042034, -4.5666826, -4.7533627, -4.9408372, -5.1137875, -5.4200381, -5.6766828, -5.7062775, -5.5496142, -5.5904063, -5.4771171, -5.1232965, -4.8850244, -4.6982947, -4.40416, -4.1467208, -3.9417179, -3.7424998, -3.523345, -3.2050033, -3.1616788, -2.982894, -2.6479425, 
-2.7150272, -2.8387688, -2.931724, -3.1774941, -3.4275595, -3.5307934, -3.9987969, -4.0616609, -4.2799963, -4.6845649, -4.8520779, -4.8937886, -4.5395955, -4.3979282, -4.5104725, -4.3758564, -4.1246489, -4.1324945, -4.0342262, -3.7479371, -3.6066919, -3.1370745, -2.8954754, -2.6463039, -2.3125193, -2.2045929, -2.1770838, -1.8533792, -1.8071003, -1.9537828, -1.8883367, -1.6816952, -1.6112836, -1.4879392, -1.2354407, -0.9362412, -0.8987761, -1.048711, -0.999999, -0.7625213, -0.639599, -0.5612425, -0.6329203, 
-0.7654758, -0.8075092, -0.7529129, -0.7779642, -0.951262, -0.9887768, -0.8921223, -1.2300283, -1.4171056, -1.4112462, -1.2546078, -1.0941955, -0.9154107, -0.9629807, -0.6933511, -0.4333546, -0.2887825, -0.0749905, 0.1891025, 0.4191318, 0.5370638, 0.4028945, 0.4895434, 0.457888, 0.5416321, 0.5020566, 0.408729, 0.4945338, 0.5125091, 0.4741998, 0.5050111, 0.3112055, 0.2845901, 0.3845468, 0.393733, 0.5450335, 0.8858444, 0.9603773, 1.1491429, 1.3687694, 1.5170905, 1.6641206, 1.7537489)), list(c(101.655816, 
101.3920747, 101.4541921, 101.6150164, 101.7304284, 101.7804089, 101.655816, 2.1320745, 2.0208213, 1.7295666, 1.6945595, 1.7716497, 1.9799796, 2.1320745)), list(c(127.9787513, 127.8312282, 127.5687409, 127.5329126, 127.4045576, 127.5104303, 127.6192141, 127.5237316, 127.6149595, 127.7295653, 127.6570578, 127.8787455, 128.0062496, 128.2029023, 128.0929093, 127.8879265, 127.9149769, 128.0308367, 128.2720509, 128.4733165, 128.6899883, 128.6765975, 128.3029081, 128.1887053, 128.330048, 128.6833601, 128.7520609, 
128.6658042, 128.4617171, 128.188347, 128.1191983, 128.171239, 127.9761985, 127.9229039, 127.8383043, 127.6612228, 127.6487725, 127.8950026, 128.0075035, 128.0212527, 127.8445742, 127.9787513, 2.1891288, 2.0899914, 1.7582675, 1.5058684, 1.2366608, 0.9566283, 0.8628787, 0.5582667, 0.3587259, 0.3008027, -0.2224923, -0.3941268, -0.6833455, -0.6950394, -0.5133497, -0.0067142, 0.4545859, 0.4753916, 0.3883454, 0.3912254, 0.3262015, 0.5586888, 0.6541267, 0.7875015, 0.9078914, 1.0695202, 1.4024607, 1.5953725, 
1.5545805, 1.3853792, 1.2878805, 1.1307704, 1.0832748, 0.8658083, 0.7987485, 0.8850002, 1.0233157, 1.1487208, 1.3062282, 1.7024795, 1.9258054, 2.1891288)), list(c(128.5657984, 128.4516404, 128.2107845, 128.2958768, 128.5687542, 128.6887343, 128.5657984, 2.6420619, 2.5945663, 2.30788, 2.0337069, 2.1116413, 2.4658343, 2.6420619)), list(c(95.8079617, 95.692908, 95.9458112, 96.0820484, 96.4399733, 96.4670685, 96.0996042, 95.8079617, 2.9274323, 2.7808243, 2.5712779, 2.5666599, 2.334545, 2.4599998, 2.6791545, 
2.9274323)), list(c(125.4458232, 125.4737693, 125.6604348, 125.4458232, 3.7387543, 3.4849896, 3.4974532, 3.7387543)), list(c(117.6854082, 117.859086, 117.9031996, 117.6854082, 4.166661, 4.0361911, 4.1666362, 4.166661)), list(c(108.2303582, 107.9895919, 108.1891556, 108.3095388, 108.4028716, 108.2303582, 4.2291277, 4.0082847, 3.6487288, 3.6782987, 3.9641409, 4.2291277)), list(c(117.5951656, 117.4776934, 117.2230436, 116.923071, 116.8211394, 116.480009, 116.3592227, 116.1617191, 116.0799857, 115.908592, 
115.859955, 115.6888748, 115.5770904, 115.6207114, 115.5211982, 115.5164062, 115.4988951, 115.3983967, 115.3604186, 115.1477327, 115.0950651, 115.2120894, 114.9174462, 114.7345874, 114.8876191, 114.8814835, 114.7024315, 114.7089701, 114.5855416, 114.3917103, 114.2066122, 114.0001515, 113.6272235, 113.5376526, 113.1830866, 113.0622108, 112.7164675, 112.4862257, 112.2056003, 112.1424977, 111.9358131, 111.8591404, 111.6654884, 111.5233395, 111.2316073, 110.9044052, 110.8155957, 110.5752772, 110.3011906, 
110.1891823, 109.9797209, 109.6619685, 109.6828833, 109.5535878, 109.646204, 109.5902223, 109.3389313, 109.2365071, 109.0511403, 109.0494833, 108.9070209, 108.9737064, 108.8829263, 108.9437449, 108.9103798, 109.1062264, 109.1770321, 109.17748, 109.0891631, 109.1070773, 109.2404035, 109.2420605, 109.4512531, 109.402034, 109.5024876, 109.7771117, 110.019983, 110.0770844, 110.024148, 109.8937329, 110.1037317, 110.0870715, 110.2595401, 110.3083114, 110.5904147, 110.6758205, 110.8049816, 110.9724342, 
111.3979403, 111.5204284, 111.6987639, 111.8287759, 111.8328962, 111.9024927, 112.1666818, 112.304173, 112.4849717, 112.6041457, 113.0000039, 113.0912317, 113.3287287, 113.5491625, 113.6353744, 113.584946, 113.8083356, 114.075391, 114.5457721, 114.6566608, 115.2516797, 115.9558406, 116.0337672, 116.1895308, 116.1783345, 116.3721209, 116.4045456, 116.5220625, 116.6003921, 116.4108155, 116.4587359, 116.4512567, 116.5620111, 116.5279294, 117.0049835, 117.180811, 117.407873, 117.54832, 117.6083325, 117.4337142, 
117.5228819, 117.4699904, 117.5203739, 117.7125033, 117.7520488, 118.0582914, 118.7991316, 118.977064, 118.7720364, 118.4154103, 118.1233198, 117.8654007, 117.9120671, 118.0953738, 117.7928931, 117.7141604, 117.6049736, 117.3178991, 117.5095807, 117.439178, 117.2204013, 117.2253725, 117.3783146, 117.664986, 117.8379025, 117.5545004, 117.5951656, 4.1704597, 4.1695659, 4.362726, 4.362428, 4.3383948, 4.303611, 4.3869082, 4.3799564, 4.2772439, 4.3910048, 4.2803722, 4.1749535, 3.7425033, 3.4145532, 3.1897626, 
3.0609809, 3.0351352, 2.9788754, 2.9819293, 2.9080915, 2.6979492, 2.5733137, 2.2550217, 2.1471202, 2.0195302, 1.9202688, 1.8112997, 1.6380266, 1.4453879, 1.5205913, 1.4107532, 1.4458348, 1.2213173, 1.322416, 1.3772605, 1.5552012, 1.5616316, 1.5796814, 1.438461, 1.1374242, 1.1221303, 1.0037763, 1.0457601, 0.9558587, 1.0865024, 1.0271641, 0.9234584, 0.8540896, 0.9959555, 1.1830825, 1.2991027, 1.6174941, 1.7859753, 1.8588449, 2.0789927, 1.9949756, 1.9470828, 1.6437122, 1.5066629, 1.3666342, 1.1591733, 
0.970805, 0.7725304, 0.4341775, 0.3249353, 0.230838, 0.0741499, -0.206255, -0.2037722, -0.4983289, -0.6908683, -0.8192031, -1.0033507, -1.2574878, -1.3112399, -1.145887, -1.2871073, -1.4208546, -1.7045864, -1.8433488, -1.9825333, -2.2358511, -2.7641613, -2.9937438, -2.8533179, -3.0412145, -2.9754457, -3.0696175, -2.9100245, -3.0000004, -2.9391723, -3.0575263, -3.4266905, -3.5695992, -3.340414, -3.3071199, -3.4195898, -3.4204091, -3.1612568, -3.0408669, -3.2583582, -3.1629699, -3.3275036, -3.4462796, 
-3.4604563, -3.3208497, -3.5587246, -4.1854521, -3.9012486, -3.6145375, -3.3683701, -3.2358394, -2.9962514, -2.8783443, -2.49334, -2.4958724, -2.1875114, -2.2079447, -2.0483518, -1.7700324, -1.5991925, -1.4883365, -1.2038102, -0.9429447, -0.8833581, -0.727092, -0.4037599, -0.2817066, -0.0275198, 0.0912314, 0.3099889, 0.6204106, 0.7533385, 0.9087107, 0.7937581, 0.936642, 1.2016288, 1.4774902, 1.6404101, 1.9016479, 2.0550091, 2.3108097, 2.6366494, 2.9062294, 3.0895577, 3.1866591, 3.3199842, 3.4170857, 
3.485809, 3.5983036, 3.6437384, 3.6204252, 3.7099541, 4.0191096, 4.1704597)), list(c(126.7524821, 126.6845875, 126.9157249, 126.872104, 126.7524821, 4.5462032, 4.3333051, 4.2671142, 4.432492, 4.5462032)), list(c(95.4407661, 95.2716564, 95.2120919, 95.311202, 95.3920396, 96.0146015, 96.1491369, 96.405399, 96.5366202, 96.7395429, 96.9916847, 97.1646012, 97.2432891, 97.4049644, 97.6037669, 97.6637345, 97.7479311, 97.9416727, 98.2745626, 98.460019, 98.6695699, 98.8395305, 98.7599917, 98.9837843, 99.1070338, 
99.159567, 99.6099739, 99.742046, 99.8012523, 100.0745777, 100.2737383, 100.4062584, 100.3987344, 100.5424508, 100.5579017, 100.8620842, 100.8212399, 100.8912395, 101.1412316, 101.3203733, 101.4045698, 101.6408128, 102.2287109, 102.2612251, 102.3374498, 102.6966736, 102.9032686, 103.1116551, 103.4283327, 103.7412483, 103.9091488, 104.0229038, 104.273299, 104.5391899, 104.780852, 105.0862884, 105.260011, 105.5521014, 105.6040973, 105.7779094, 105.8245758, 105.8595532, 105.9137883, 105.9041147, 105.8245758, 
105.9570958, 105.8233666, 105.8770643, 106.0770311, 106.0449648, 105.7829254, 105.7870456, 105.6095611, 105.6295802, 104.9283751, 104.8478957, 104.6761885, 104.5416531, 104.4587105, 104.4462602, 104.3674827, 104.2067031, 103.932482, 103.8087399, 103.5662718, 103.3683203, 103.4266309, 103.6132964, 103.8000068, 103.7287532, 103.4124787, 103.327476, 103.1399595, 102.9099864, 102.5182933, 102.2253967, 102.1579051, 101.7149327, 101.5266548, 101.3862526, 101.3053702, 101.072083, 100.8783413, 100.7991607, 
100.5799809, 100.3612938, 100.2216529, 99.9899332, 99.996248, 99.7120398, 98.9783653, 98.7066522, 98.6937093, 98.528272, 98.3104358, 98.2424963, 98.2804295, 97.9620501, 97.9021272, 97.6507915, 97.4958788, 97.2324958, 97.0441732, 96.8341297, 96.653331, 96.3991738, 96.0774355, 95.8878588, 95.6141304, 95.4407661, 5.6612186, 5.5595737, 5.313307, 5.1699763, 4.8799878, 4.2149759, 4.1520623, 3.8374944, 3.737066, 3.7516648, 3.5562702, 3.2641466, 3.2387229, 2.9545939, 2.8591311, 2.3991717, 2.2791294, 2.2820591, 
2.0499939, 1.9953976, 1.7558344, 1.6466419, 1.5345196, 0.8608428, 0.5758448, 0.2766701, 0.0712202, -0.0366565, -0.2899991, -0.5441858, -0.7933574, -1.0399965, -1.2417222, -1.3112151, -1.4416354, -1.9266708, -2.14086, -2.3374712, -2.6308858, -2.7392342, -2.9316992, -3.2654093, -3.676731, -3.9133646, -4.0179391, -4.2762473, -4.4962462, -4.5795931, -4.8729332, -4.9883576, -5.1287586, -5.3608238, -5.5579812, -5.8429048, -5.6104175, -5.7558586, -5.5221051, -5.6975381, -5.832924, -5.8341902, -5.5816917, 
-4.8241963, -4.6433508, -4.4337796, -4.1758438, -3.8317308, -3.7346046, -3.4300671, -3.2508106, -2.9862706, -2.8616848, -2.7217058, -2.5950097, -2.4358637, -2.3379429, -2.015877, -1.9833278, -1.8546206, -1.5999621, -1.3041889, -1.0179246, -1.0679277, -0.9829174, -1.0291716, -0.8774987, -0.7004518, -0.3604106, -0.0079059, -0.004579, 0.2808163, 0.527952, 0.5495521, 0.393733, 0.71709, 0.7478516, 1.0000025, 1.3649459, 1.6795635, 1.6545619, 1.7275308, 2.046667, 2.2216283, 2.2870495, 2.062085, 2.145407, 
2.4008104, 2.7079051, 2.7204183, 2.9291454, 3.1999668, 3.6654131, 3.778727, 3.8900051, 4.0170737, 4.0791431, 4.1937233, 4.4133002, 4.6749601, 4.895828, 5.0770707, 5.2579162, 5.1570906, 5.2545893, 5.2795909, 5.2237036, 5.2162304, 5.3012655, 5.5082795, 5.6353977, 5.6612186)))"
Iran,IRN,75.44233,18473.066,89524192,Iran,Asia,Middle East & North Africa,Southern Asia,"list(list(c(56.1524112, 55.8650233, 55.7770647, 55.9416511, 56.1678174, 56.1524112, 26.9988788, 26.8979291, 26.7866758, 26.6878861, 26.9051291, 26.9988788)), list(c(61.2741149, 61.2626499, 61.1409679, 61.2274485, 61.095242, 60.3459822, 60.0429641, 59.5508621, 59.3902169, 59.3536272, 59.2178378, 58.839222, 58.5563574, 58.3998772, 58.2034932, 57.7330673, 57.5102151, 57.2171394, 57.0660335, 56.7641351, 56.4529661, 56.3352252, 55.8145501, 55.4654479, 55.1274972, 54.8248822, 54.7987275, 54.2445977, 53.8994366, 
54.0342855, 53.8832691, 53.6300972, 53.2841747, 52.0617571, 51.6733333, 51.4348062, 50.9606631, 50.4830268, 50.2990483, 50.1679167, 49.323667, 49.0039888, 48.9069836, 48.8793062, 48.6679639, 48.2499369, 48.0207252, 48.2701799, 48.3078444, 48.1406157, 48.3679912, 48.0314289, 47.7892294, 46.9927658, 46.8665157, 46.5336258, 46.3408246, 46.1405891, 45.6168686, 45.309775, 45.1488611, 44.807865, 44.6140338, 44.4671824, 44.4218596, 44.0722199, 44.1140495, 44.2242216, 44.229148, 44.3176888, 44.3038053, 44.421994, 
44.2227437, 44.389211, 44.6282308, 44.5864012, 44.8154337, 44.784711, 44.8938978, 44.9037058, 45.0305828, 45.0815934, 45.2369092, 45.3813421, 45.7601819, 46.0905638, 45.9854077, 46.1941972, 46.1165841, 45.9423241, 45.8650245, 45.6578472, 45.7399389, 45.5119812, 45.5815777, 45.4671062, 45.6745074, 45.8584858, 46.1898083, 46.0940123, 46.3123411, 46.7206049, 47.1684141, 47.39467, 47.462699, 47.8658573, 47.6829537, 47.6828193, 48.0321903, 48.0264577, 48.1632324, 48.4054766, 48.4574277, 48.9208223, 48.9479622, 
48.8663184, 49.4533207, 49.5541775, 49.9408099, 50.0941551, 50.1411798, 50.324576, 50.6107995, 50.676231, 50.921655, 51.0687303, 51.1199648, 51.2887162, 51.2761763, 51.4979088, 51.7024886, 52.0499785, 52.1991587, 52.5054013, 52.576207, 52.9749763, 53.4599574, 53.5949854, 53.8282726, 54.024164, 54.2928764, 54.3887172, 54.619989, 54.8491111, 55.2549565, 55.4632982, 55.6408275, 55.9483241, 56.1216436, 56.3408234, 56.7849603, 56.9512485, 57.0846194, 57.0595396, 57.1908056, 57.3020078, 57.9441409, 58.079975, 
58.3854115, 58.7941231, 59.1199369, 59.4891478, 59.6091279, 59.857463, 60.5983479, 60.6133063, 61.0623695, 61.400768, 61.6178877, 61.6765118, 61.8400681, 61.8601767, 62.0518135, 62.0626515, 62.0630098, 62.0636816, 62.0905529, 62.1010326, 62.2137127, 62.3142112, 62.7603634, 63.1950953, 63.2769182, 63.1987229, 62.8207341, 62.828885, 62.7616174, 62.7933254, 62.5972101, 62.3885549, 61.9100229, 61.6412209, 61.3730459, 60.872972, 61.7715464, 61.8385006, 61.7066524, 60.8560879, 60.8190952, 60.8830488, 60.8150197, 
60.7095501, 60.5831657, 60.9026648, 60.5812847, 60.5175999, 60.6864856, 60.9183844, 60.742333, 60.9844877, 61.1409679, 61.097123, 61.2741149, 35.6051539, 35.8175556, 35.9488697, 36.1809597, 36.6434763, 36.6290514, 37.0217523, 37.177348, 37.3422044, 37.528512, 37.5169423, 37.6891974, 37.7052858, 37.6278976, 37.7749277, 37.9190281, 37.9204929, 38.2798253, 38.1811846, 38.2726749, 38.2643576, 38.0776031, 38.1252228, 38.0946101, 37.9483249, 37.7267618, 37.5223051, 37.3200332, 37.3492803, 36.8142169, 36.7850691, 
36.8630532, 36.8490255, 36.5880856, 36.5992332, 36.685758, 36.7824125, 37.023093, 37.1554499, 37.3939703, 37.5150554, 37.7267121, 38.0276496, 38.4422486, 38.3955724, 38.7261294, 38.838053, 38.9673312, 39.1063916, 39.2082848, 39.3811109, 39.6916071, 39.6471405, 39.1537878, 39.1563947, 38.8674988, 38.9168564, 38.844682, 38.9426276, 39.1933385, 39.206522, 39.6284949, 39.7822285, 39.6841339, 39.4116739, 39.4125429, 39.188944, 39.0943005, 38.8815016, 38.6272652, 38.3923448, 38.2679328, 37.8884403, 37.8628428, 
37.7024306, 37.4741392, 37.2805074, 37.1446498, 37.0292999, 36.8618118, 36.7404784, 36.4254885, 36.4339796, 36.084181, 35.8063831, 35.857851, 35.496011, 35.2109385, 35.074063, 35.0899031, 34.896321, 34.71843, 34.5853283, 34.551637, 34.1461249, 34.010317, 33.6989022, 33.6325376, 33.2639692, 32.9851285, 32.9688166, 32.7859601, 32.45729, 32.4623549, 32.3210352, 31.7836132, 31.3946116, 30.9977644, 30.9963492, 30.4825136, 30.426527, 30.2033253, 29.9958396, 30.025335, 30.1815761, 30.340747, 30.1620615, 
30.0004327, 30.2078936, 30.1787209, 29.948344, 29.7350238, 29.5029089, 29.1141556, 29.0678766, 28.7033056, 28.4453947, 28.2283006, 28.0924678, 27.890767, 27.8245513, 27.8361955, 27.7020511, 27.5974517, 27.3808293, 27.1337185, 26.9795628, 26.7779116, 26.7086918, 26.7562618, 26.7249788, 26.6074938, 26.5003619, 26.5187593, 26.7837213, 26.7504273, 26.9795876, 27.0212238, 27.14792, 27.1904003, 27.140422, 26.988476, 26.5666273, 26.4650072, 26.042935, 25.8025028, 25.7003862, 25.5704128, 25.6183056, 25.5753783, 
25.4070212, 25.4653913, 25.3895176, 25.3654347, 25.4237551, 25.2845458, 25.2003796, 25.0687179, 25.1778857, 25.6452189, 25.7448279, 26.1759622, 26.3292241, 26.3265179, 26.3264185, 26.326642, 26.3136322, 26.2838141, 26.2678498, 26.5199014, 26.646101, 26.6462996, 27.2181577, 27.2594463, 27.2184557, 27.7644929, 28.0256563, 28.2789989, 28.2484111, 28.4326828, 28.5643694, 28.8072347, 29.339269, 29.8584675, 30.8085519, 31.0351799, 31.376239, 31.486524, 32.0113335, 32.1977901, 32.481075, 32.6961084, 33.1298248, 
33.5399548, 33.5970338, 34.0617601, 34.3107082, 34.3047496, 34.5269333, 34.6197644, 35.0733678, 35.2579872, 35.6051539)))"
Iraq,IRQ,71.90284,13071.94,44070510,Iraq,Asia,Middle East & North Africa,Western Asia,"list(c(39.2009114, 40.4133867, 41.4408535, 42.0856289, 43.6610451, 44.7219218, 46.4260961, 46.5530179, 46.8664262, 47.139438, 47.371292, 47.7076752, 47.9552937, 48.4574277, 48.4054766, 48.1632324, 48.0264577, 48.0321903, 47.6828193, 47.6829537, 47.8658573, 47.462699, 47.39467, 47.1684141, 46.7206049, 46.3123411, 46.0940123, 46.1898083, 45.8584858, 45.6745074, 45.4671062, 45.5815777, 45.5119812, 45.7399389, 45.6578472, 45.8650245, 45.9423241, 46.1165841, 46.1941972, 45.9854077, 46.0905638, 45.7601819, 
45.3813421, 45.2369092, 45.0815934, 45.0305828, 44.9037058, 44.8938978, 44.784711, 44.7714545, 44.6489216, 44.2695444, 44.1923344, 44.2702162, 44.0210302, 43.9188299, 43.5140594, 43.1500437, 42.9596161, 42.7892077, 42.580239, 42.3524604, 42.3705537, 41.8171852, 41.399427, 41.2834776, 41.2558897, 41.3695103, 41.3822742, 41.2680714, 41.2087307, 41.2274958, 40.9777276, 40.6400904, 38.7936777, 39.086216, 39.0436699, 39.2599834, 39.2009114, 32.1542918, 31.9480475, 31.3731852, 31.1116742, 29.9837733, 29.1984956, 
29.061198, 29.1011707, 29.437165, 29.9868271, 30.1036914, 30.1036914, 30.0085017, 29.9958396, 30.2033253, 30.426527, 30.4825136, 30.9963492, 30.9977644, 31.3946116, 31.7836132, 32.3210352, 32.4623549, 32.45729, 32.7859601, 32.9688166, 32.9851285, 33.2639692, 33.6325376, 33.6989022, 34.010317, 34.1461249, 34.551637, 34.5853283, 34.71843, 34.896321, 35.0899031, 35.074063, 35.2109385, 35.496011, 35.857851, 35.8063831, 36.084181, 36.4339796, 36.4254885, 36.7404784, 36.8618118, 37.0292999, 37.1446498, 
37.1604651, 37.1894391, 36.9756968, 37.0804452, 37.2385733, 37.3284746, 37.2237759, 37.2393926, 37.3721963, 37.3122869, 37.3802405, 37.160912, 37.0998853, 37.067783, 36.5877876, 36.5236575, 36.3488699, 36.0594029, 35.8429047, 35.6255127, 35.4847144, 35.1427863, 34.7786125, 34.3980275, 34.3151772, 33.3747259, 32.5016076, 32.3041275, 32.3555954, 32.1542918))"
Ireland,IRL,68.22565,60257.082,5109966,Ireland,Europe,Europe & Central Asia,Northern Europe,"list(c(-7.2568703, -6.9583756, -7.3350208, -7.5342263, -8.288323, -8.5000684, -8.6801505, -8.1933779, -8.2900696, -8.6841812, -8.836765, -9.8133556, -9.9616848, -9.7975463, -9.9167203, -10.1266743, -10.129227, -9.580785, -9.044211, -9.4108244, -9.4575355, -9.7916794, -9.9117043, -10.1817155, -10.3649774, -10.0534054, -9.7833494, -9.755045, -9.4041961, -9.3442285, -8.3425133, -7.870923, -7.5875209, -7.589178, -7.1033459, -6.9725725, -6.5850444, -6.1941574, -6.2224618, -6.0158667, -6.1349959, -6.0816565, 
-6.2141765, -6.267919, -6.6267844, -6.6356967, -7.055963, -7.3361853, -7.4888139, -7.8591444, -8.1600128, -7.8934948, -7.5477067, -7.2568703, 55.0666537, 55.2545503, 55.3686836, 55.2440978, 55.1570764, 54.7953854, 54.6162282, 54.6362145, 54.4745857, 54.3574235, 54.2503909, 54.3387778, 54.1703958, 53.894162, 53.6004494, 53.5770617, 53.4057997, 53.2449902, 53.2657958, 53.0158298, 52.8175055, 52.625413, 52.2287397, 52.2912312, 52.1295527, 51.6695437, 51.5820755, 51.4562483, 51.5432945, 51.4682649, 51.716642, 
51.9308064, 51.9932979, 52.1008518, 52.168731, 52.2366597, 52.1737462, 52.5658016, 52.6558519, 52.9516748, 53.2945216, 53.5145453, 53.6324773, 54.1023181, 54.0384859, 54.1683351, 54.411697, 54.1472563, 54.1234217, 54.2175934, 54.4401, 54.6578147, 54.7900226, 55.0666537))"
Isle of Man,IMN,NA,NA,84093,NA,NA,NA,NA,list()
Israel,ISR,58.416714,36648.918,9103094,Israel,Asia,Middle East & North Africa,Western Asia,"list(c(34.9024978, 34.9781404, 35.1464439, 35.1618053, 35.4518356, 35.3990784, 35.4756614, 35.225938, 34.9224721, 34.9519857, 35.2275055, 35.2236092, 35.1148254, 35.0253442, 34.9869183, 35.0162527, 35.2241914, 35.4942474, 35.4958597, 35.5549764, 35.6309772, 35.6703436, 35.6252895, 35.5036075, 35.1036739, 35.0344804, 34.9512691, 34.8245712, 34.7028445, 34.4907408, 34.5678165, 34.2672616, 34.4968316, 34.5434532, 34.6114375, 34.8485762, 34.9024978, 29.490644, 29.5429313, 30.0641159, 30.4425905, 31.1603119, 
31.2450242, 31.4918123, 31.3729121, 31.3427215, 31.5941772, 31.7445342, 31.7964988, 31.8249017, 31.8698897, 31.9678849, 32.3385636, 32.5520824, 32.4016758, 32.4012785, 32.3893612, 32.6831979, 33.1530884, 33.2417732, 33.0894796, 33.0940479, 32.8175658, 32.81913, 32.244938, 31.9333991, 31.5945496, 31.5413934, 31.2200475, 30.6799192, 30.4129958, 30.3710617, 29.7587591, 29.490644))"
Italy,ITA,72.18462,36224.293,59619058,Italy,Europe,Europe & Central Asia,Southern Europe,"list(list(c(15.5441856, 15.078283, 14.9141445, 14.3774362, 13.9408681, 13.7491866, 13.406623, 13.2950178, 13.1074565, 12.9466321, 12.705821, 12.5591488, 12.4212545, 12.6741577, 12.9491401, 13.1641548, 13.3208142, 13.5532952, 13.8891409, 14.2766243, 14.495804, 14.6916506, 15.096242, 15.3020757, 15.105826, 15.0854039, 15.2054288, 15.4803664, 15.5441856, 38.3029151, 38.1229138, 38.1937226, 38.0178923, 38.0261848, 37.9712161, 38.1004198, 38.2203876, 38.1929281, 38.0320938, 38.1087123, 38.0654127, 37.7999789, 
37.5587274, 37.5695523, 37.4945476, 37.3629108, 37.2862426, 37.0979239, 37.0495842, 36.7862609, 36.7203928, 36.7774967, 37.0999598, 37.3112193, 37.4866772, 37.7408391, 38.0550098, 38.3029151)), list(c(9.230787, 8.8266883, 8.4525063, 8.2328786, 8.1325145, 8.2891291, 8.4820646, 8.3945539, 8.4687634, 8.3720717, 8.3495446, 8.5737404, 8.647905, 8.8416019, 9.0286705, 9.0873842, 9.2982339, 9.5566009, 9.6461717, 9.6878221, 9.7328762, 9.6270483, 9.7653904, 9.6899718, 9.5575413, 9.5253406, 9.230787, 41.2595804, 
40.946229, 40.8211964, 40.9124384, 40.7337281, 40.5937243, 40.2824585, 39.9074598, 39.5983291, 39.3791744, 39.0982977, 39.0299965, 38.8924755, 38.8762133, 39.0016184, 39.2078627, 39.2128283, 39.1311946, 39.4599143, 39.983259, 40.0891743, 40.2608335, 40.3907821, 40.8362172, 40.9187199, 41.1441312, 41.2595804)), list(c(10.4704023, 10.2960527, 10.1269878, 9.9957665, 9.5414186, 9.4103317, 9.2492386, 9.0174294, 8.792114, 8.2879647, 8.1661932, 7.8691316, 7.583132, 7.1172742, 7.0441844, 6.8198095, 7.0014591, 
6.9996677, 7.1854376, 7.1357258, 6.6270084, 6.8392016, 7.0238071, 6.9208006, 7.3591154, 7.5715326, 7.7169508, 7.4974575, 7.5298821, 7.9657337, 8.1820472, 8.2733199, 8.5041886, 8.7475077, 9.2333398, 9.8333299, 10.1500075, 10.2653747, 10.3061742, 10.5328779, 10.4979005, 10.7658068, 10.786632, 10.9667141, 11.2708518, 11.62497, 11.8341178, 12.1486457, 12.3515684, 12.6641258, 12.9632923, 13.0433238, 13.3557916, 13.5674474, 13.7049834, 13.889544, 14.0445911, 14.3008084, 14.5308262, 14.7574852, 14.9921159, 
14.9074267, 15.4241607, 15.664524, 15.7795777, 15.8712086, 16.0000114, 16.0995246, 16.2154292, 16.1812132, 15.8245422, 15.9311763, 15.8295134, 15.6354135, 15.6345625, 15.7641267, 16.0632932, 16.1587309, 16.3324535, 16.5812364, 16.5404369, 16.6050175, 16.9599866, 17.0937158, 17.135008, 16.7741272, 16.5270461, 16.5061761, 16.8949134, 17.0132812, 17.4949931, 17.8582923, 18.0103835, 17.9920663, 18.1733128, 18.3795944, 18.5203997, 18.4208417, 18.0395388, 18.0133393, 17.5525423, 17.0499605, 16.6291568, 
16.0008176, 15.923294, 16.1912451, 16.0099538, 15.6216196, 15.428281, 14.8358148, 14.2466628, 13.9978799, 13.8437285, 13.5291559, 13.2566367, 12.9074896, 12.7275419, 12.3945624, 12.2461884, 12.4678761, 12.3225027, 12.1511537, 12.2570264, 12.4599939, 12.9491401, 13.1320437, 13.4291053, 13.6260715, 13.7194938, 13.8679127, 13.5755088, 13.4370323, 13.7140748, 12.5690911, 12.3776335, 12.1240138, 11.8742456, 11.1869687, 11.0220689, 10.690433, 10.4704023, 46.855165, 46.5487903, 46.6076073, 46.350466, 46.3063967, 
46.4671814, 46.2339989, 46.0500996, 46.006353, 46.4078927, 46.178633, 45.9175689, 45.9733818, 45.8589754, 45.9225097, 45.8341973, 45.6377102, 45.5046085, 45.405223, 45.2534259, 45.1032179, 44.8609485, 44.8233344, 44.352426, 44.1163138, 44.1518672, 44.0830198, 43.8710651, 43.7840189, 43.8537105, 43.9683155, 44.1412161, 44.327052, 44.4271079, 44.347088, 44.0478885, 43.9861915, 43.833302, 43.5425191, 43.25335, 42.9383352, 42.9153944, 42.7745712, 42.7295585, 42.4203534, 42.3020738, 42.0295642, 41.9082805, 
41.6961768, 41.4562164, 41.3495314, 41.2254174, 41.2862206, 41.2020544, 41.2528769, 41.0949971, 40.8649926, 40.8345785, 40.6062127, 40.6754077, 40.4091298, 40.258748, 39.9937115, 40.0391711, 39.8933079, 39.555824, 39.4329265, 39.0249813, 38.9257944, 38.7483006, 38.6250059, 38.5458053, 38.3233236, 38.2316594, 38.020822, 37.9162226, 37.9229509, 38.1216476, 38.2996131, 38.4516335, 38.7216356, 38.8128776, 38.9395241, 38.905808, 39.4037539, 39.6228838, 39.6716704, 39.8299971, 40.4303824, 40.5028795, 40.3095208, 
40.2837247, 40.1074723, 39.9991487, 39.8504552, 39.8008245, 40.1074971, 40.2970572, 40.5616716, 40.6428833, 40.8003907, 41.0820618, 41.1954254, 41.4362548, 41.6437157, 41.7732919, 41.9504132, 41.9312214, 41.869574, 42.0420526, 42.4528777, 42.7050286, 43.1057986, 43.6229115, 43.69953, 43.9270021, 43.9728341, 44.2116773, 44.7300068, 44.8375111, 45.1712212, 45.2733378, 45.4599682, 45.4462881, 45.6254205, 45.7591429, 45.6770871, 45.7675347, 45.5933678, 45.6584911, 45.8536126, 46.354364, 46.5228701, 46.6512049, 
46.7221626, 47.0108848, 47.0099662, 46.9693728, 46.765785, 46.8675541, 46.855165), c(12.5082278, 12.4869547, 12.4047287, 12.5082278, 43.9919515, 43.8965136, 43.9446546, 43.9919515), c(12.4538135, 12.458292, 12.4515742, 12.4538135, 41.9068157, 41.9017756, 41.9003853, 41.9068157)))"
Jamaica,JAM,59.7188,7481.6685,2839098,Jamaica,Americas,Latin America & Caribbean,Latin America and the Caribbean,"list(c(-77.8150669, -77.9442728, -78.2158515, -78.3558506, -78.0675222, -77.9446311, -77.7283623, -77.4233289, -77.2033878, -77.1325373, -76.9258527, -76.8467169, -76.5342043, -76.2267077, -76.3599891, -76.7816884, -76.8908753, -77.1259539, -77.3158888, -77.8150669, 18.524613, 18.4470759, 18.4570566, 18.2395653, 18.2104175, 18.0366479, 17.8579128, 17.8662549, 17.7145572, 17.8920758, 17.8503899, 17.9987111, 17.8504148, 17.9362196, 18.1678875, 18.2720649, 18.4095611, 18.412019, 18.4720278, 18.524613
))"
Japan,JPN,71.3814,38268.79,124997534,Japan,Asia,East Asia & Pacific,Eastern Asia,"list(list(c(128.2577644, 127.9797366, 127.7150101, 127.8164042, 128.0088919, 128.1401579, 128.3177768, 128.2577644, 26.8758324, 26.5661059, 26.4038812, 26.3047191, 26.5141662, 26.5563734, 26.733892, 26.8758324)), list(c(129.6913452, 129.2154107, 129.3816541, 129.4866311, 129.7207692, 129.6913452, 28.5300077, 28.2591119, 28.1237508, 28.2895755, 28.4554003, 28.5300077)), list(c(130.5011997, 130.4133755, 130.5842318, 130.6721008, 130.5011997, 30.4583562, 30.2662389, 30.2387545, 30.376648, 30.4583562
)), list(c(130.1808497, 129.9745681, 130.0175173, 130.2262173, 130.1808497, 32.5511886, 32.3616782, 32.188728, 32.3674631, 32.5511886)), list(c(131.0032889, 130.5558827, 130.3983276, 130.2078553, 130.0200253, 129.8537371, 129.8045627, 129.5732909, 129.5532718, 129.7132901, 129.6262272, 129.825791, 130.0833071, 130.2191412, 130.3804135, 130.203735, 130.1541576, 130.3404201, 130.442083, 130.6108344, 130.5712441, 130.3449882, 130.2233063, 130.1671006, 130.3303882, 130.3070997, 130.1625325, 130.2274713, 
130.4650131, 130.5128887, 130.6637707, 130.8228933, 130.6987481, 130.802919, 130.674564, 130.9770894, 131.1095646, 131.3345665, 131.4636828, 131.4537405, 131.7057927, 132.0112292, 131.8104562, 131.5924857, 131.7420689, 131.6657994, 131.4236895, 131.1066536, 130.9945557, 131.0032889, 33.9645594, 33.8920871, 33.6087277, 33.6491722, 33.4478934, 33.5341451, 33.3600279, 33.3779287, 33.241227, 33.0887596, 32.9774815, 32.7420646, 32.793756, 32.6036994, 32.7858359, 32.9291419, 33.1137115, 33.2057978, 32.935026, 
32.7970581, 32.4333064, 32.1303827, 32.1295634, 31.790838, 31.6241444, 31.4758232, 31.3729121, 31.2495677, 31.2487236, 31.4749543, 31.7316486, 31.660815, 31.5299726, 31.3300097, 31.0333426, 31.1474759, 31.3324677, 31.3874363, 31.631692, 31.8650234, 32.5887034, 32.8299549, 33.1233447, 33.2470367, 33.5624736, 33.6695309, 33.591671, 33.6253623, 33.7741552, 33.9645594)), list(c(134.1383568, 133.8541934, 133.6487627, 133.544144, 133.1129054, 132.9720553, 132.7732976, 132.6595427, 132.4753851, 132.3766333, 
132.5225442, 132.4662041, 132.7616087, 132.9504239, 133.2474855, 133.2612346, 133.6083215, 133.9203862, 134.1821121, 134.3183046, 134.6207852, 134.6913222, 134.5807918, 134.6112907, 134.259143, 134.1383568, 34.400411, 34.3620521, 34.1858245, 33.9862589, 33.9324571, 34.115835, 34.0062452, 33.7041905, 33.6083305, 33.3212221, 33.2453732, 33.1166164, 32.7520453, 32.8224817, 33.2220848, 33.3666321, 33.5220788, 33.4933034, 33.2491719, 33.5812434, 33.7862215, 33.9533621, 34.0362124, 34.1791707, 34.286228, 
34.400411)), list(c(135.0062532, 134.6621221, 134.7316291, 134.9533616, 134.9012314, 135.0062532, 34.6074995, 34.2907964, 34.1878852, 34.2662169, 34.4266539, 34.6074995)), list(c(138.4883184, 138.2388189, 138.2466564, 138.5004105, 138.5691561, 138.4883184, 38.3328823, 38.0849769, 37.8028838, 37.9199715, 38.0845549, 38.3328823)), list(c(140.9203898, 140.7628796, 141.2779117, 141.1970741, 140.9691611, 140.8016189, 140.683699, 140.6437056, 140.3295808, 140.2545652, 139.9978553, 139.9266017, 140.0254431, 
139.9562496, 140.085366, 140.0437603, 139.8912212, 139.7491619, 139.5978768, 139.4687605, 139.4470844, 139.2241426, 138.8191482, 138.7470437, 138.5416578, 138.2532846, 137.9066456, 137.4250233, 137.3316905, 137.0883266, 137.0579174, 136.868296, 137.097015, 137.2637063, 137.1108537, 136.7220716, 136.6678813, 136.7703503, 136.7420907, 136.4125149, 136.1649412, 135.9587044, 136.072101, 135.9707964, 135.6516109, 135.4274599, 135.22709, 134.9275204, 134.7070419, 134.1658102, 133.7557999, 133.5925123, 
133.4058019, 133.0908262, 132.6966698, 132.6520636, 132.4029223, 131.8474938, 131.5987556, 131.3058143, 131.0124699, 130.8895339, 130.9087917, 131.0975174, 131.2675228, 131.3958329, 131.7474879, 132.007512, 132.2187648, 132.2341709, 132.4650397, 132.5383086, 133.2316763, 133.3683165, 133.4895954, 133.7712508, 134.1357592, 134.2433338, 134.5299604, 134.7474831, 134.972485, 135.4299679, 135.4049776, 135.2183121, 135.0953313, 135.0591895, 135.3866604, 135.4499422, 135.7207595, 135.8804195, 136.08379, 
136.2640961, 136.2971029, 136.6762113, 136.8408873, 136.8658328, 136.5424821, 136.537914, 136.6982906, 137.0257167, 137.3066555, 137.4899174, 138.0366576, 138.1916599, 138.3625162, 138.5799941, 138.782872, 138.7412216, 138.9066589, 139.1300485, 139.0746041, 139.1453651, 139.4449347, 139.9716558, 140.112909, 139.8603641, 139.8587518, 140.1291213, 140.3250127, 140.4754021, 140.6549467, 140.8696032, 140.6245822, 140.559509, 140.7920349, 140.9820593, 141.0371006, 141.0129165, 140.9170757, 140.9321236, 
141.0841253, 141.4753706, 141.4657865, 141.642868, 141.8474477, 141.8900386, 142.035009, 141.9904027, 141.77288, 141.4437521, 141.3912188, 141.3099781, 140.9203898, 41.5407798, 41.1475078, 41.1582831, 40.9283034, 40.9795727, 40.8387, 40.8708023, 41.1707963, 41.2300105, 40.8091052, 40.7399599, 40.6428833, 40.3508093, 39.8958404, 39.7224928, 39.4941766, 39.2149883, 38.7778705, 38.6533344, 38.4225105, 38.2316346, 37.9887693, 37.793772, 37.6058009, 37.3679011, 37.1862115, 37.0587209, 36.9245764, 36.7629476, 
36.7829091, 36.9699616, 37.1128951, 37.2766839, 37.3258181, 37.4886883, 37.3283008, 37.1508071, 36.9987121, 36.8224598, 36.4187353, 36.2529106, 35.9749636, 35.8225211, 35.6237499, 35.4795502, 35.5695757, 35.7783028, 35.6471129, 35.665833, 35.5329548, 35.5020938, 35.5329051, 35.4545735, 35.5820641, 35.4512466, 35.3133034, 35.1708417, 34.7120244, 34.6600102, 34.3853902, 34.4145628, 34.3466589, 34.0608415, 34.0370813, 33.9262005, 34.0270509, 34.0579118, 33.9086969, 34.0133211, 34.2578996, 34.3528658, 
34.2012177, 34.4104166, 34.370419, 34.5083125, 34.4550073, 34.5962525, 34.7162203, 34.7828829, 34.7695752, 34.643748, 34.6887111, 34.5120615, 34.3445485, 34.0899893, 33.8803684, 33.7195837, 33.5495631, 33.4787543, 33.5307933, 33.8649752, 33.967067, 34.1716727, 34.3141593, 34.2512705, 34.4820944, 34.6204099, 34.760811, 35.0245812, 34.7770732, 34.8070651, 34.6744848, 34.6545481, 34.601218, 34.9179211, 35.111255, 35.0224461, 34.7099637, 34.6295465, 34.8770794, 35.0916659, 35.2316449, 35.3187159, 35.6870856, 
35.5916476, 35.3458278, 34.9974693, 35.1195723, 35.1387394, 35.5557963, 35.6879049, 35.7183438, 36.0583105, 36.2791287, 36.8782974, 36.994988, 37.3682736, 37.7316032, 37.9508325, 38.1041688, 38.3812468, 38.4199781, 38.5811849, 38.9566553, 39.0270917, 39.2495734, 39.5320638, 39.821655, 40.3441555, 40.6508034, 41.1841536, 41.3520639, 41.5407798)), list(c(146.1649847, 145.7420313, 145.9061698, 146.1133023, 146.3908375, 146.1649847, 44.5179279, 44.1041731, 44.121627, 44.2636915, 44.3595516, 44.5179279
)), list(c(141.9678757, 141.6999246, 141.5737193, 141.7328867, 141.7904359, 141.6753822, 141.6620361, 141.5591641, 141.3262352, 141.4179109, 141.1657691, 140.9758342, 140.8175178, 140.4866432, 140.3237139, 140.5286967, 140.2474891, 139.8237296, 139.8529297, 139.7670761, 140.0466714, 140.1395563, 139.9837031, 140.0775285, 140.4091644, 140.4345578, 140.70748, 140.96419, 141.1845789, 140.9824176, 140.7133469, 140.5742434, 140.2958574, 140.2912445, 140.4716401, 140.6975377, 140.9413494, 141.3507776, 
141.6236998, 141.8266225, 142.1908174, 142.4675017, 142.9649332, 143.2412143, 143.3179317, 143.6432977, 143.914115, 144.1858281, 144.4791277, 144.783355, 145.1216639, 145.3016565, 145.1970377, 145.0620545, 145.2437937, 145.2003071, 144.7958501, 144.3849888, 144.1945612, 143.7228366, 142.9958351, 142.7407822, 142.5312313, 141.9678757, 45.4991464, 45.3978491, 45.2383555, 44.8950122, 44.6149797, 44.3291375, 44.0132786, 43.859545, 43.7257978, 43.324134, 43.146243, 43.2395458, 43.1945827, 43.3762475, 
43.2200063, 43.0132903, 42.7695808, 42.614159, 42.4666323, 42.3024711, 42.0920805, 41.9125012, 41.5558006, 41.4220285, 41.520421, 41.6641738, 41.812917, 41.7087397, 41.8166412, 41.9054253, 42.1388064, 42.1095593, 42.2446472, 42.3675447, 42.5878912, 42.5862526, 42.3199747, 42.5428784, 42.6307936, 42.6046003, 42.4487812, 42.280424, 42.1178518, 41.9466146, 42.294129, 42.6795802, 42.8712009, 42.9887604, 42.9378883, 43.0545789, 43.0803749, 43.2853779, 43.6233087, 43.8058425, 44.0674776, 44.2066869, 43.9329111, 
43.9278959, 44.1024599, 44.122496, 44.5578758, 44.7595518, 45.022478, 45.4991464)), list(c(148.7858266, 148.6558146, 148.3308069, 147.8709056, 147.2620032, 147.3349586, 147.652935, 147.9049425, 148.3166547, 148.6549637, 148.8232672, 148.7858266, 45.5562503, 45.5387716, 45.2870676, 45.226314, 44.8649954, 44.7137198, 44.9224717, 44.9595892, 45.2211995, 45.3354073, 45.3378652, 45.5562503)), list(c(123.4798782, 123.4587395, 123.459053, 123.4887457, 123.4798782, 25.7506873, 25.7437603, 25.7354182, 25.7398624, 
25.7506873)))"
Jersey,JEY,NA,NA,103444,NA,NA,NA,NA,list()
Jordan,JOR,82.82035,9151.479,11256215,Jordan,Asia,Middle East & North Africa,Western Asia,"list(c(39.2009114, 39.2599834, 39.0436699, 39.086216, 38.7936777, 37.5875172, 36.8381678, 36.3958224, 36.2013194, 36.0783834, 35.9352493, 35.6309772, 35.5549764, 35.5191928, 35.5588727, 35.4756614, 35.3990784, 35.4518356, 35.1618053, 35.1464439, 34.9781404, 34.9604053, 36.0700981, 36.5045165, 36.7535234, 37.4996035, 37.6655334, 37.9971693, 37.000918, 38.2436682, 38.9959286, 39.2009114, 32.1542918, 32.3555954, 32.3041275, 32.5016076, 33.3747259, 32.7334493, 32.3111289, 32.3792066, 32.5299361, 32.5124821, 
32.7203651, 32.6831979, 32.3893612, 32.0475821, 31.7615413, 31.4918123, 31.2450242, 31.1603119, 30.4425905, 30.0641159, 29.5429313, 29.3570954, 29.1850389, 29.4999296, 29.8684979, 29.9991416, 30.3326531, 30.500613, 31.5001048, 31.8163113, 31.9964617, 32.1542918))"
Kazakhstan,KAZ,65.922356,26491.857,20034569,Kazakhstan,Asia,Europe & Central Asia,Central Asia,"list(c(80.1744068, 80.2836384, 80.162673, 80.2613353, 80.5956583, 80.3812258, 80.657507, 80.7490931, 80.523733, 80.3962289, 80.3101514, 79.8820029, 80.1523724, 80.6979482, 80.8982733, 81.1334415, 81.4518209, 81.7728875, 81.9230082, 82.5815775, 82.542659, 82.2799031, 82.3353922, 82.7248013, 82.95567, 82.9580437, 82.9591633, 82.9597007, 82.9597007, 82.9603277, 82.9660603, 82.9670455, 82.9817351, 83.1508896, 83.6134333, 83.9857791, 84.7592231, 84.9442316, 85.214198, 85.5375934, 85.6771, 85.5491481, 
85.6657245, 85.8553459, 86.2230341, 86.5832879, 86.7731332, 86.7270938, 86.8871568, 87.2857917, 87.2693107, 87.0258572, 86.8512837, 86.614772, 86.3756627, 86.2022984, 85.5963519, 85.3212351, 84.9820305, 85.0380122, 84.6289423, 84.3252525, 84.1681005, 83.8245517, 83.4055842, 83.2235315, 82.7398492, 82.5657235, 82.0789062, 81.9059001, 81.4489547, 81.4126337, 81.0603517, 81.1791226, 80.6778843, 80.4460303, 80.4827991, 80.1936645, 80.0703255, 79.1919942, 77.9073248, 76.5367123, 76.4348255, 76.7570117, 
76.8785593, 76.2581471, 76.2037776, 75.5985028, 75.0484037, 74.7880661, 74.4880487, 74.2874101, 73.9016286, 73.8209253, 73.3973449, 73.238715, 73.5042029, 73.0675452, 72.9940076, 72.4192765, 71.7520635, 71.7206689, 71.2962377, 71.193903, 70.9563164, 70.9936227, 70.7909687, 70.4775157, 70.2275235, 69.9503915, 69.7105208, 69.3173945, 68.9323744, 68.6590043, 68.282359, 68.2343491, 67.8199049, 67.5626576, 67.1012336, 65.9992439, 65.8456747, 65.2156784, 64.7392513, 64.0890568, 63.3661308, 63.1526835, 
62.5696223, 62.0071624, 61.8572209, 61.4799486, 61.2948058, 61.1359519, 61.226732, 60.9006046, 61.2145055, 61.2243583, 62.1188572, 62.130591, 61.6327564, 61.2503339, 60.7121029, 60.9819349, 61.0675198, 60.5108373, 60.0332457, 60.5179134, 60.5395447, 60.9347759, 61.0012822, 61.5037745, 61.5681759, 61.4496289, 60.8094216, 60.3256944, 60.0384856, 59.9967456, 59.8129911, 59.5167804, 59.4102359, 58.8746473, 58.6572589, 58.5211561, 58.3168898, 58.1029947, 57.7723441, 57.7361575, 57.5079758, 57.1439153, 
56.6997784, 56.3617382, 56.181253, 56.0560778, 55.6608914, 55.3839832, 54.7367445, 54.6786131, 54.4147823, 54.453656, 54.1912135, 54.1386355, 53.6941851, 53.5751455, 53.3358123, 52.9580474, 52.5362585, 52.3331566, 51.8951554, 51.6581958, 51.4311338, 51.2721008, 50.892858, 50.8110351, 50.2379162, 50.0394273, 49.7760444, 49.4293158, 49.4174924, 49.1290296, 48.8142778, 48.6523785, 48.7322309, 48.9035799, 48.4504859, 48.2631038, 47.9374691, 47.6636959, 47.473358, 47.2572684, 47.3510042, 47.1816258, 46.9027919, 
46.7807517, 47.0461052, 46.7788259, 46.4936772, 47.1230913, 47.0501807, 47.1940762, 47.4147787, 47.6551867, 48.0271743, 48.1995533, 48.5199033, 48.7101965, 49.0204698, 48.5804084, 49.1647236, 49.3122019, 49.6364035, 50.0354862, 50.2172254, 50.7350342, 50.9130114, 51.2066693, 51.5106279, 51.742258, 52.3417107, 52.6552533, 52.7261038, 52.9851426, 52.9760959, 52.8237808, 52.9054693, 52.7166541, 51.9648863, 51.7351371, 51.4077558, 51.1720502, 50.866569, 51.1676613, 51.3041224, 51.0868684, 50.8994862, 
50.308722, 50.2647875, 50.7729227, 51.0164657, 51.2666818, 51.3111089, 51.2682941, 51.6520602, 51.893991, 52.130234, 52.430744, 52.7398081, 52.7278504, 52.4340134, 52.489816, 52.445568, 52.9847843, 53.5705774, 54.2148602, 54.7794698, 55.3154616, 55.4996191, 55.9985733, 55.9989316, 55.9989316, 55.9982151, 56.9990345, 58.5895882, 59.9992088, 61.1067071, 61.138863, 62.0042514, 62.4531355, 63.296803, 63.85465, 64.5302826, 64.9326794, 65.1842839, 65.5590929, 65.8445999, 66.0966521, 66.0869337, 65.9996022, 
65.9990199, 66.5346086, 66.709406, 67.3654227, 67.7359323, 67.9661741, 68.0907223, 68.0755848, 68.5020762, 68.6438668, 68.5623126, 68.8083636, 69.039725, 69.0412029, 69.3542529, 69.6188451, 69.9576467, 70.4744255, 70.640848, 70.7925362, 70.9435526, 71.0021319, 71.179706, 71.2753677, 71.8870467, 72.2486889, 72.8189862, 73.3075054, 73.4997244, 73.543838, 73.8268818, 74.3068022, 74.5782017, 75.2244551, 75.7156167, 75.8247139, 76.1953131, 76.3438663, 76.7088674, 76.8513297, 77.233618, 77.7794625, 77.9675612, 
78.641895, 79.1704972, 79.504865, 79.966916, 80.1744068, 42.2108318, 42.2354361, 42.6248846, 42.8241026, 42.8980894, 43.0417429, 43.1499424, 43.4722565, 43.820615, 44.1100572, 44.7044094, 44.9106785, 45.0526934, 45.1335078, 45.125116, 45.2175746, 45.2621901, 45.3861552, 45.2287223, 45.2199581, 45.4210879, 45.5349233, 45.9391194, 46.4926547, 47.0237953, 47.0264767, 47.0278422, 47.0287608, 47.0287857, 47.0293815, 47.0349181, 47.0371526, 47.0561955, 47.2346576, 47.048623, 46.9956157, 47.0047275, 46.8628616, 
47.0505596, 47.0485734, 47.2186188, 48.1267443, 48.2582322, 48.4312818, 48.4321508, 48.5399282, 48.7206247, 48.9506292, 49.1325672, 49.1158829, 49.2325734, 49.2569543, 49.5105204, 49.6288992, 49.5948852, 49.4659297, 49.6156164, 49.5908382, 49.9120848, 50.0491838, 50.2123519, 50.2285396, 50.5530883, 50.8827267, 51.012998, 51.0011552, 50.8506244, 50.7465215, 50.7504691, 50.798064, 50.7553602, 50.9753343, 50.9476265, 51.1556584, 51.3162941, 51.2070023, 50.9694749, 50.9000565, 50.7445105, 51.9173746, 
53.2906733, 54.0004745, 54.1213858, 54.1613337, 54.3012879, 54.3582676, 54.2596765, 54.0988174, 53.7937088, 53.8277974, 53.5757954, 53.5603029, 53.6505767, 53.5779803, 53.5215468, 53.5673292, 53.9391996, 53.9854786, 54.098147, 54.1506578, 54.2542144, 54.1064891, 54.1847463, 54.6003384, 54.8885889, 55.0737544, 55.2893092, 55.2728235, 55.147195, 55.2098851, 55.35118, 55.3508076, 55.441851, 55.2354081, 55.205143, 54.9690557, 54.9715633, 54.8442961, 54.8132366, 54.6248434, 54.6971171, 54.5417697, 54.3540717, 
54.3139252, 54.1874525, 54.1802028, 54.046679, 54.037741, 53.9623142, 54.08258, 54.073791, 53.9040931, 53.7955957, 53.6278593, 53.5633319, 53.282927, 53.1120374, 52.9901827, 52.9541576, 53.0362879, 52.7646472, 52.5077046, 52.3468454, 52.1564909, 51.9133525, 51.7734479, 51.618175, 51.6155681, 51.4677436, 51.4071141, 51.2375653, 50.8062323, 50.6559746, 50.6703499, 50.8504009, 50.6741237, 50.5355351, 50.5278136, 50.6396876, 50.6999943, 50.8085413, 51.0842537, 51.1535481, 51.0701019, 51.1381797, 50.9271684, 
50.8763956, 51.0871338, 51.0746454, 50.900851, 50.9378692, 50.6955997, 50.5608842, 50.6534918, 51.0268023, 50.7181434, 50.6199992, 50.8507237, 50.9715356, 51.1064001, 51.2293473, 51.4253377, 51.5099508, 51.4624552, 51.4669242, 51.743456, 51.6832983, 51.5043645, 51.4746457, 51.6841921, 51.6809893, 51.5851044, 51.2794249, 51.2512454, 51.1072194, 51.0891945, 50.8487126, 50.7845825, 50.5955438, 50.6014777, 50.2565454, 50.0183229, 49.8349698, 49.8580596, 50.2448515, 50.4088141, 50.4207315, 50.191869, 
50.0911427, 49.934554, 49.8637948, 49.337148, 49.1707771, 48.9478734, 48.4329205, 48.2689082, 47.9979379, 47.760634, 47.8371532, 47.7575305, 47.7666175, 47.6896514, 47.4113072, 47.0950262, 46.7593546, 46.5976513, 46.3825187, 46.4165575, 46.3463446, 46.5813891, 46.7501932, 46.8543705, 46.9581755, 47.0087993, 46.9831274, 46.8532036, 46.7640471, 46.8634823, 46.7527008, 46.6778699, 46.3484053, 46.064028, 45.911362, 45.4423901, 45.3924118, 45.4452453, 45.3577274, 45.0647597, 44.8961791, 44.7417503, 44.5874705, 
44.4762669, 44.6115535, 44.6445744, 44.3515818, 44.2352885, 43.8053211, 43.5613386, 43.3341148, 43.1511589, 43.1776005, 42.8413579, 42.8750244, 42.8386269, 42.7182122, 42.5962333, 42.1609776, 41.9406311, 41.7610518, 42.1211787, 42.2889151, 42.377153, 42.0525547, 41.3908697, 41.2515859, 41.3186457, 41.9999695, 43.3332955, 45.0004309, 45.2367169, 45.5900657, 45.0007537, 44.3594274, 44.2255064, 43.5056747, 43.5269025, 43.6535986, 43.6002934, 43.5720394, 43.7352572, 43.4957684, 43.2865448, 42.8586132, 
42.9380125, 42.3484521, 42.3621322, 41.9366586, 41.8769478, 41.1407547, 41.1255601, 41.1822419, 41.148054, 40.9728941, 40.7900127, 40.5797463, 40.6940037, 40.8058528, 41.1181366, 41.2549624, 41.3660915, 41.4674385, 41.6630566, 41.7330212, 42.1089138, 42.0185655, 42.2088455, 42.2636653, 42.5871464, 42.6095907, 42.7425682, 42.8311537, 42.768265, 42.561971, 42.5103789, 42.7542621, 43.0279387, 43.1288139, 43.2157111, 43.1311974, 42.8529773, 42.7962459, 42.9403711, 42.9307876, 42.8607484, 42.9041474, 
42.9786804, 42.9120674, 42.9147985, 42.8509415, 42.8423511, 42.7529959, 42.4598792, 42.4345797, 42.2108318))"
Kenya,KEN,28.406895,3403.9238,54252404,Kenya,Africa,Sub-Saharan Africa,Sub-Saharan Africa,"list(c(35.9489984, 35.7020964, 35.5218352, 35.5660832, 35.2448375, 34.6564916, 34.3769859, 33.9920553, 34.3080611, 34.4630186, 34.4015283, 34.460645, 34.5742208, 34.6000172, 34.7672011, 34.7765613, 34.898915, 34.986157, 35.0330473, 34.9907699, 34.7723066, 34.8067018, 34.5261213, 34.4437161, 34.2493027, 34.1386827, 34.1099305, 33.9124717, 33.9842627, 33.9289975, 33.9340582, 34.0818053, 34.9578526, 35.7488524, 36.9692099, 37.6728782, 37.7120654, 37.5853227, 37.7440422, 37.7859613, 38.4728799, 39.206017, 
39.4043267, 39.6133402, 39.7758665, 39.9745793, 40.1216994, 40.1882953, 40.1858768, 40.4828489, 40.6099946, 40.8267112, 40.9148489, 41.1159801, 41.2800291, 41.5591765, 41.5589078, 40.9943878, 40.9943878, 40.9943878, 40.9943878, 41.3308605, 41.9069352, 41.3264715, 41.1407913, 40.7811645, 40.1823388, 39.8658403, 39.7729554, 39.4986448, 38.9026854, 38.5194119, 38.1270022, 37.9912129, 37.1357668, 36.8434973, 36.050079, 35.9489984, 4.6310397, 4.5877898, 4.76002, 4.8979631, 4.9871197, 4.7600449, 4.6170617, 
4.2186256, 3.7096314, 3.6673497, 3.3676288, 3.1707445, 3.0941756, 2.9212254, 2.8191584, 2.6943988, 2.5852062, 1.9816927, 1.9144591, 1.6637482, 1.4156442, 1.2281697, 1.1063895, 0.8558772, 0.6286038, 0.5825483, 0.3784888, 0.096619, -0.1321192, -0.4581576, -0.999999, -1.0224929, -1.5172112, -1.9634159, -2.6505246, -3.0609277, -3.3113903, -3.4404451, -3.5440017, -3.6768552, -4.1584892, -4.678358, -4.646057, -4.2060095, -3.9411717, -3.3899206, -3.289095, -2.9967976, -2.7572592, -2.536292, -2.5606729, 
-2.3912978, -2.0954252, -1.9878216, -1.9865306, -1.6620316, -1.5983732, -0.8395867, 0.4921503, 1.4539783, 2.8226839, 3.1575858, 3.9826872, 3.9401076, 3.9631229, 4.2833019, 4.0358683, 3.8705402, 3.6715455, 3.4685785, 3.5168685, 3.6332859, 3.6103699, 3.734335, 4.2978758, 4.4520563, 4.4568977, 4.6310397))"
Kiribati,KIR,NA,NA,130435,Kiribati,Oceania,East Asia & Pacific,Micronesia,"list(c(-157.4472344, -157.388252, -157.4333509, -157.2091552, -157.1779845, -157.3355844, -157.3136395, -157.4472344, 2.0523774, 1.9068866, 1.7906926, 1.6974892, 1.7706318, 1.8439979, 1.9919217, 2.0523774))"
Kosovo,XKX,NA,NA,1717900,NA,Europe,Europe,Southern Europe,"list(c(20.5942774, 20.7765093, 20.7908406, 21.4756094, 21.586946, 21.7486213, 21.4112976, 21.1372557, 20.6152818, 20.6713979, 20.3529289, 20.1897309, 20.078887, 20.2572673, 20.5238748, 20.5942774, 41.8773203, 41.9184847, 42.0831425, 42.2792323, 42.2628211, 42.7009817, 42.7761354, 43.1134704, 43.2043152, 43.0390863, 42.8334379, 42.7463917, 42.5557889, 42.3187085, 42.2115269, 41.8773203))"
Kuwait,KWT,100,71533.516,4589467,Kuwait,Asia,Middle East & North Africa,Western Asia,"list(list(c(48.1566489, 48.0711983, 48.1812361, 48.3795459, 48.1566489, 29.9837484, 29.8316783, 29.5975276, 29.7483563, 29.9837484)), list(c(46.5530179, 47.4660132, 47.5877399, 47.6062363, 47.7048089, 48.4302877, 48.3795011, 48.1596047, 48.0896051, 47.8616474, 47.7537146, 47.9650121, 48.1879091, 47.9552937, 47.7076752, 47.371292, 47.139438, 46.8664262, 46.5530179, 29.1011707, 28.999923, 28.8363328, 28.6548666, 28.5244463, 28.5343277, 28.7032311, 29.0166321, 29.3099971, 29.319531, 29.4007674, 29.5720791, 
29.5466306, 30.0085017, 30.1036914, 30.1036914, 29.9868271, 29.437165, 29.1011707)))"
Kyrgyzstan,KGZ,41.682945,5304.841,6955746,Kyrgyzstan,Asia,Europe & Central Asia,Central Asia,"list(c(80.1744068, 79.966916, 79.504865, 79.1704972, 78.641895, 77.9675612, 77.7794625, 77.233618, 76.8513297, 76.7088674, 76.3438663, 76.1953131, 75.8247139, 75.7156167, 75.2244551, 74.5782017, 74.3068022, 73.8268818, 73.543838, 73.4997244, 73.3075054, 72.8189862, 72.2486889, 71.8870467, 71.2753677, 71.179706, 71.0021319, 70.9435526, 71.2703069, 70.836829, 70.6779304, 70.4992366, 70.2095646, 70.4873685, 70.7143857, 70.7693374, 70.9642435, 71.4520909, 71.6824222, 71.9079167, 71.8862854, 72.2099495, 
72.4441324, 72.6751803, 72.8639508, 72.9885886, 72.7565106, 72.6586545, 72.4746312, 72.3860009, 72.1725089, 71.734642, 71.2039797, 70.9878006, 70.6595236, 70.4212204, 69.9952664, 69.678141, 69.5280651, 69.2979577, 69.3555517, 69.7003098, 70.3049575, 70.5346171, 70.8290363, 71.0578002, 71.0985549, 71.5459611, 71.5951802, 71.7836372, 71.7942066, 72.0411085, 72.2762319, 72.3424695, 72.598642, 73.1617737, 73.3912989, 73.5998198, 73.8738617, 73.9478919, 73.8323904, 73.9830037, 74.3446011, 74.5904729, 
74.789768, 74.8377779, 75.0900989, 75.2386073, 75.585112, 75.7003, 75.9621155, 76.3397013, 76.6542292, 76.7504282, 77.0829599, 77.2765672, 77.6869358, 77.9211635, 78.1242653, 78.18589, 78.6446717, 78.9408376, 79.4094273, 79.7669492, 79.8545047, 80.2281493, 80.1744068, 42.2108318, 42.4345797, 42.4598792, 42.7529959, 42.8423511, 42.8509415, 42.9147985, 42.9120674, 42.9786804, 42.9041474, 42.8607484, 42.9307876, 42.9403711, 42.7962459, 42.8529773, 43.1311974, 43.2157111, 43.1288139, 43.0279387, 42.7542621, 
42.5103789, 42.561971, 42.768265, 42.8311537, 42.7425682, 42.6095907, 42.5871464, 42.2636653, 42.196953, 41.9244434, 41.9129978, 41.7205329, 41.5738007, 41.3972008, 41.4674882, 41.2634039, 41.163919, 41.1604183, 41.4202658, 41.303029, 41.1674197, 41.0485195, 41.0318849, 40.8511138, 40.8629319, 40.7649118, 40.6668669, 40.5106754, 40.5502757, 40.3974359, 40.4929732, 40.1622672, 40.3474328, 40.2233684, 40.0897949, 40.0586113, 40.217509, 40.1018364, 40.1215745, 39.874414, 39.5681634, 39.5979319, 39.5276196, 
39.6229335, 39.3880627, 39.4099608, 39.5171671, 39.5987512, 39.4467556, 39.4616026, 39.2771819, 39.3668598, 39.2254904, 39.3318526, 39.3650225, 39.350821, 39.4529129, 39.4590453, 39.4829048, 39.599496, 39.7821292, 40.0486305, 40.0935191, 40.2822102, 40.353739, 40.5220465, 40.434901, 40.4608957, 40.6622986, 40.2798019, 40.3746937, 40.3496176, 40.6218045, 40.941338, 41.0623982, 41.0012971, 41.0032833, 41.187704, 41.2272795, 41.3930297, 41.4689778, 41.6447337, 41.8407986, 41.8923907, 42.0218924, 42.063901, 
42.2108318))"
Laos,LAO,42.3198,7168.1904,7558961,Laos,Asia,East Asia & Pacific,South-eastern Asia,"list(c(107.5565618, 107.5891656, 107.4673493, 107.6243669, 107.6094534, 107.5139261, 107.3861981, 107.2147596, 107.3989172, 107.4658713, 107.2677407, 107.0839862, 106.6606745, 106.5521595, 106.5476362, 106.4392555, 106.3046306, 106.0919895, 105.8584336, 105.7512173, 105.633163, 105.4593061, 105.3674512, 105.1040234, 105.1836967, 104.9087591, 104.6770842, 104.4970916, 103.9076261, 104.1090709, 104.0577468, 104.4234644, 104.5604182, 104.8253239, 104.8441785, 104.9722648, 104.6106674, 104.3804256, 104.636419, 
104.0926346, 103.822086, 103.6834752, 103.5993682, 103.3815768, 103.1267926, 102.9686105, 102.8841005, 102.8910422, 102.9922124, 102.9730891, 102.6761618, 102.6126561, 102.1439321, 102.0218471, 101.6705503, 101.549988, 101.6170766, 101.7749003, 101.7259051, 101.7617782, 101.5399113, 101.2859333, 101.1855244, 101.1441427, 100.9961269, 100.7345802, 100.6386498, 100.5472876, 100.5170575, 100.3662202, 100.2240713, 100.0846544, 100.27235, 100.5699938, 100.5008451, 100.4039743, 100.4855285, 100.7789625, 
100.9126917, 101.1227801, 101.2661829, 101.3553507, 101.2457608, 101.1832851, 101.0524222, 101.1822999, 101.1839569, 101.0284172, 100.9676882, 101.1159727, 101.3054149, 101.7105885, 101.7862311, 101.9069277, 102.0882638, 102.2998749, 102.5967125, 102.6883435, 103.0792753, 103.0833507, 103.246504, 103.4034768, 103.793916, 103.9730576, 104.2711493, 104.4568295, 104.707807, 104.7960342, 104.801498, 104.7295279, 104.7624451, 104.7350813, 105.0149005, 105.0410999, 105.4078924, 105.342237, 105.4334649, 
105.6346857, 105.480803, 105.5731058, 105.518378, 105.5235283, 105.4302851, 105.2064924, 105.3626591, 105.5567591, 105.7726247, 105.9121761, 106.1047981, 106.187472, 105.9962831, 106.1877407, 106.264682, 106.4135487, 106.5609822, 106.7438858, 106.8392787, 107.1634803, 107.3286936, 107.5565618, 14.6861148, 14.8636831, 14.9869778, 15.1375831, 15.3371488, 15.4729567, 15.4927444, 15.8240959, 15.8939364, 16.0258216, 16.1228237, 16.3125079, 16.473367, 16.6942101, 16.9257043, 16.9950979, 17.2072761, 17.3607862, 
17.6236875, 17.6682037, 17.9917841, 18.2049057, 18.1611344, 18.4475476, 18.6575657, 18.7862481, 18.8372692, 19.0036897, 19.3294798, 19.5166316, 19.6516202, 19.6986936, 19.6099344, 19.7861371, 19.9254954, 20.0617005, 20.2747229, 20.4474497, 20.6717686, 20.964935, 20.8711853, 20.661341, 20.7460285, 20.786175, 20.9089484, 21.070031, 21.2997127, 21.4698078, 21.5861508, 21.7364829, 21.6570341, 21.9199602, 22.4007252, 22.4569353, 22.3742837, 22.2341805, 21.97982, 21.830034, 21.3550538, 21.1452095, 21.2512489, 
21.1761449, 21.3283888, 21.5639051, 21.3881989, 21.3155777, 21.0626075, 21.0251424, 20.8153725, 20.8280098, 20.7133552, 20.3522848, 20.4006245, 20.0987932, 19.8707005, 19.7525451, 19.5432718, 19.4925983, 19.6268669, 19.5721217, 19.117252, 19.0511108, 18.8886378, 18.560514, 18.4263695, 18.3399192, 18.0651005, 17.8287898, 17.5714251, 17.479165, 17.6498312, 17.9021558, 18.071233, 18.0308879, 18.2202741, 18.0528853, 17.959359, 17.8700039, 18.0364493, 18.1288086, 18.3705318, 18.4484414, 18.342824, 18.3368902, 
17.8697804, 17.6669872, 17.5208012, 17.4017769, 17.1647461, 17.0082815, 16.6895425, 16.5454669, 16.2438343, 16.1084236, 16.0161387, 15.9222401, 15.7553726, 15.6626161, 15.0984297, 15.0008565, 14.8219972, 14.5495869, 14.4246287, 14.3433426, 14.1045739, 14.1603867, 14.0891558, 13.9282718, 13.9097255, 14.0615473, 14.3283714, 14.3512378, 14.4769408, 14.4526096, 14.5379178, 14.4270122, 14.2932898, 14.4147721, 14.5914962, 14.6861148))"
Latvia,LVA,71.68461,27220.303,1881016,Latvia,Europe,Europe & Central Asia,Northern Europe,"list(c(28.1512324, 28.2388774, 27.8716819, 27.6589512, 27.8670242, 27.3514546, 27.0314629, 26.6759115, 26.2776797, 26.2057544, 25.4650485, 25.1058248, 24.8323203, 24.3517282, 24.4087848, 23.9599006, 23.6432678, 23.2369298, 23.1341026, 22.5925127, 22.5466524, 22.0232454, 21.7266316, 21.4108497, 21.4074908, 21.0641211, 20.9866424, 20.9841792, 21.0641659, 21.2409339, 21.6895493, 21.7264077, 22.1253561, 22.8403551, 23.0022543, 24.0189278, 24.1216207, 24.4541524, 24.8612965, 25.0920309, 25.6509528, 26.203739, 
26.2686331, 26.6303648, 26.8705937, 27.1533687, 27.5882798, 27.6528156, 28.1512324, 56.1707448, 56.2705277, 56.8692246, 56.834292, 57.2962872, 57.5180737, 57.604524, 57.5666617, 57.5955612, 57.7149828, 58.0074788, 58.0778159, 57.9719254, 57.8765371, 57.2659973, 56.9952752, 56.9611122, 57.1083409, 57.3599456, 57.6282842, 57.7529196, 57.6087199, 57.5795721, 57.2774677, 57.0483322, 56.8433044, 56.5195751, 56.2149631, 56.0690999, 56.1630234, 56.3131321, 56.3185446, 56.4323551, 56.3656925, 56.4064349, 
56.3297419, 56.2488778, 56.2581634, 56.4156708, 56.1860387, 56.1349184, 55.8588832, 55.7677156, 55.6806694, 55.71374, 55.8521052, 55.7837047, 55.929543, 56.1707448))"
Lebanon,LBN,89.35787,10341.159,5744441,Lebanon,Asia,Middle East & North Africa,Western Asia,"list(c(35.6252895, 36.0470336, 35.9356075, 36.0627085, 36.2504937, 36.5927438, 36.5509142, 36.4083623, 35.9756905, 35.904213, 35.6729859, 35.5778169, 35.2869805, 35.2036797, 35.1036739, 35.5036075, 35.6252895, 33.2417732, 33.5641122, 33.6445542, 33.8114465, 33.8530827, 34.186619, 34.4176911, 34.6095105, 34.6339659, 34.4686377, 34.3057179, 33.9123714, 33.4615487, 33.2024212, 33.0940479, 33.0894796, 33.2417732))"
Lesotho,LSO,35.33711,2312.9583,2286067,Lesotho,Africa,Sub-Saharan Africa,Sub-Saharan Africa,"list(c(28.6513958, 28.3441231, 28.1702214, 28.0073368, 27.766257, 27.6137627, 27.3000409, 27.0141309, 27.0964465, 27.365562, 27.7420729, 28.0856217, 28.1795367, 28.4008214, 28.8555724, 29.1694733, 29.1619942, 29.4464711, 29.354437, 28.9045229, 28.7038843, 28.6513958, -28.5705728, -28.694811, -28.7056607, -28.8722054, -28.9161258, -29.1644283, -29.5134324, -29.6619769, -29.7297568, -30.2598794, -30.60362, -30.6551624, -30.439136, -30.1436358, -30.0900078, -29.9160147, -29.6771715, -29.3775748, -29.124406, 
-28.7587425, -28.6706287, -28.5705728))"
Liberia,LBR,55.602497,811.2146,5373250,Liberia,Africa,Sub-Saharan Africa,Sub-Saharan Africa,"list(c(-8.4709131, -8.6736566, -8.7066186, -8.9748384, -9.1056566, -9.2862314, -9.4676123, -9.3601273, -9.4315152, -9.4408754, -9.5158461, -9.4787638, -9.7695555, -9.9898996, -10.0847551, -10.2792134, -10.2958735, -10.6060125, -10.6066395, -10.8268493, -11.1003986, -11.3135323, -11.4672806, -11.4988991, -11.4993022, -11.3543318, -10.8647378, -10.8182505, -10.2398918, -10.0062911, -9.5278486, -9.2932179, -8.7158892, -8.2546443, -7.9583889, -7.7835467, -7.5304196, -7.5926265, -7.3759995, -7.4319812, 
-7.6886464, -7.7960418, -7.8364382, -8.0053688, -8.1738963, -8.3748932, -8.5740538, -8.3202997, -8.2816947, -8.3651747, -8.4709131, 7.5572661, 7.6981389, 7.5158534, 7.2524804, 7.2388003, 7.377091, 7.4303962, 7.6250956, 7.8585015, 8.0835653, 8.1937758, 8.3541632, 8.5519909, 8.4448839, 8.5183741, 8.4846828, 8.227343, 8.039496, 7.7748568, 7.562902, 7.3906966, 7.193291, 6.9263924, 6.9247786, 6.9240089, 6.7660794, 6.4622619, 6.3129477, 6.0522312, 5.8095894, 5.4045739, 5.1490961, 4.807888, 4.5751276, 4.5131823, 
4.3917993, 4.3619811, 4.9092101, 5.6138969, 5.8391841, 5.8975294, 5.987679, 6.2071814, 6.3215878, 6.2770716, 6.3648378, 6.52237, 6.8161074, 7.1825157, 7.2406872, 7.5572661))"
Libya,LBY,82.30181,12755.204,7223757,Libya,Africa,Middle East & North Africa,Northern Africa,"list(c(11.9984803, 13.5260209, 13.6987582, 14.1896062, 14.9986098, 16.0000114, 16.8642802, 18.1123151, 19.0413883, 20.041312, 21.2627444, 22.0463099, 23.2015494, 23.9999836, 23.9999836, 24.9999969, 24.9999969, 24.9999969, 24.9999969, 24.9999969, 24.8651928, 24.9123966, 24.6967549, 24.9218911, 25.0160749, 24.86891, 24.8595499, 25.1492666, 25.0347951, 24.7594097, 24.4842034, 24.0895096, 23.9672454, 23.6653022, 23.2546649, 23.0840325, 23.1585106, 23.1079031, 22.8991135, 22.1764115, 21.9241353, 21.7157936, 
21.3502999, 21.1022335, 20.5757811, 20.1981953, 19.9485167, 19.9211528, 19.9924512, 20.1502749, 20.1659498, 20.0615551, 19.7857217, 19.6131636, 19.2172606, 18.9349334, 18.6868223, 18.1713422, 17.392748, 16.7001865, 16.2239833, 15.9748868, 15.6659571, 15.5268536, 15.3811219, 15.3597593, 15.2030999, 14.774638, 14.5049403, 14.1767976, 13.792718, 13.6073064, 13.2390808, 12.8275477, 12.5589248, 12.2069116, 11.8558388, 11.5625839, 11.4831794, 11.5992184, 11.5485661, 11.1706221, 10.6573365, 10.527011, 10.3121306, 
10.1391246, 10.292649, 10.2720029, 9.943905, 9.5564217, 9.3914771, 9.7831254, 9.9043147, 9.8348078, 9.9659395, 9.7817819, 9.8613655, 9.9304246, 9.8634704, 9.5044259, 9.3998519, 10.0283703, 10.0410894, 10.2232316, 10.3557964, 10.6124616, 10.9515767, 11.4215547, 11.6418989, 11.8145018, 11.9984803, 23.5149958, 23.1561599, 23.0608461, 22.6445092, 22.9993974, 23.4523553, 23.0544406, 22.4672637, 22.0205375, 21.5306607, 20.9195498, 20.5202199, 19.9211753, 19.499997, 20.0000035, 20.0000035, 22.0000049, 26.8540584, 
27.8783531, 29.2531167, 29.5245339, 29.608849, 30.1558794, 30.4706211, 30.7771945, 31.1551973, 31.4036241, 31.6573143, 31.9354847, 32.0176398, 31.993532, 32.0116811, 32.1070197, 32.1812796, 32.202855, 32.3408229, 32.4576624, 32.6338651, 32.6765937, 32.9250453, 32.8942588, 32.940513, 32.7738938, 32.7706165, 32.5456769, 32.2720748, 31.9752091, 31.7599026, 31.4772881, 31.2369304, 31.0759223, 30.8572889, 30.5390464, 30.4145103, 30.2711051, 30.2909425, 30.4042813, 30.789658, 31.0760464, 31.2185826, 31.2344228, 
31.2926936, 31.4454837, 31.6052008, 31.8928305, 32.1366889, 32.380746, 32.4370057, 32.5059028, 32.7111292, 32.8010802, 32.791025, 32.9108438, 32.7999381, 32.7958664, 32.8719883, 33.0679043, 33.1664706, 32.6562101, 32.5181925, 32.4084289, 32.2685989, 31.9784367, 31.7409094, 31.7032456, 31.4899999, 31.0919858, 30.8007312, 30.3834011, 30.2280289, 30.168194, 29.4270601, 28.7581998, 28.2862734, 27.8828718, 27.2704947, 26.933408, 26.8579315, 26.5162765, 26.3780851, 26.1954272, 25.354138, 24.9555281, 24.6456527, 
24.5333318, 24.5718149, 24.5290614, 24.2006148, 23.8930235, 23.6142821, 23.5149958))"
Liechtenstein,LIE,15.714465,NA,39287,Liechtenstein,Europe,Europe & Central Asia,Western Europe,"list(c(9.5308492, 9.5145474, 9.6070292, 9.5308492, 47.2705337, 47.0867089, 47.0607638, 47.2705337))"
Lithuania,LTU,71.35194,30863.32,2816872,Lithuania,Europe,Europe & Central Asia,Northern Europe,"list(c(26.6303648, 26.2686331, 26.203739, 25.6509528, 25.0920309, 24.8612965, 24.4541524, 24.1216207, 24.0189278, 23.0022543, 22.8403551, 22.1253561, 21.7264077, 21.6895493, 21.2409339, 21.0641659, 21.0859316, 21.2458155, 21.2815991, 21.6483915, 22.0817351, 22.291286, 22.6028581, 22.6421797, 22.6575858, 22.6677521, 22.7100743, 22.7295112, 22.7456787, 22.7591144, 22.8392802, 22.8469833, 22.8722871, 22.8489091, 22.8124538, 22.8154992, 22.8101249, 22.8011679, 22.7935543, 22.7931961, 22.7365425, 22.7370799, 
22.7378413, 22.7508738, 22.7560242, 22.7549493, 22.7379309, 22.7264658, 22.7223008, 22.6977584, 22.6864276, 22.6945338, 22.6991019, 22.7919421, 23.3375179, 23.4858471, 23.5149576, 23.6106641, 23.7571571, 23.7664277, 23.766562, 24.2016075, 24.3520864, 24.595719, 24.7983282, 25.0944493, 25.2148773, 25.5135959, 25.6217079, 25.7626476, 25.7338953, 25.9556727, 26.186004, 26.357756, 26.6179144, 26.5242234, 26.6303648, 55.6806694, 55.7677156, 55.8588832, 56.1349184, 56.1860387, 56.4156708, 56.2581634, 56.2488778, 
56.3297419, 56.4064349, 56.3656925, 56.4323551, 56.3185446, 56.3131321, 56.1630234, 56.0690999, 55.7316656, 55.4933438, 55.2486909, 55.1809856, 55.0243968, 55.0648661, 55.0150864, 54.9737978, 54.9678391, 54.969726, 54.9718364, 54.9598694, 54.9379713, 54.9174636, 54.8988676, 54.8612535, 54.8232422, 54.7747784, 54.7628114, 54.7554872, 54.7520858, 54.7503478, 54.7528058, 54.7531782, 54.6645927, 54.6644437, 54.6615141, 54.6562257, 54.6541899, 54.6472133, 54.6258614, 54.6227331, 54.6120075, 54.594628, 
54.5909039, 54.5503601, 54.5076067, 54.3632332, 54.2517316, 54.153215, 53.9562563, 53.9250974, 53.9251719, 53.9215222, 53.9176987, 53.9700109, 53.8967938, 53.9922069, 54.1170906, 54.150335, 54.2559275, 54.3079169, 54.4518683, 54.576901, 54.8023868, 54.9508321, 54.9915993, 55.1505467, 55.1466736, 55.5099288, 55.6806694))"
Luxembourg,LUX,87.70159,55484.777,653267,Luxembourg,Europe,Europe & Central Asia,Western Europe,"list(c(5.8186318, 5.9833525, 6.3671187, 6.5076553, 6.2332103, 6.137683, 5.8953044, 5.74075, 5.9067247, 5.8186318, 49.5463965, 49.4517282, 49.4694801, 49.7132143, 49.9033951, 50.1299486, 50.1119732, 49.8382222, 49.6657933, 49.5463965))"
Macao,MAC,NA,NA,704309,NA,NA,NA,NA,list()
Madagascar,MDG,37.44996,1367.0938,30437216,Madagascar,Africa,Sub-Saharan Africa,Sub-Saharan Africa,"list(c(49.2487858, 49.143137, 48.7617445, 48.8604515, 48.9475144, 48.8309827, 48.761431, 48.5269346, 48.3229819, 48.3095911, 48.1706667, 48.0762591, 47.8941169, 47.8585572, 47.9496955, 48.0454467, 47.9337967, 47.8045013, 47.6927169, 47.7539385, 47.4705813, 47.3155342, 47.1046397, 47.0445377, 46.8721587, 46.3238958, 46.3341964, 46.1205252, 46.0088752, 45.6819418, 45.6331257, 45.4115723, 45.2485086, 44.8379608, 44.475826, 44.4067221, 44.4717058, 44.3459931, 43.9279214, 44.0367051, 44.0104609, 44.0571273, 
44.2309394, 44.2734408, 44.4303688, 44.4714371, 44.3903307, 44.4819168, 44.2491671, 44.116871, 44.0492898, 43.9366097, 43.7808013, 43.5764903, 43.4709759, 43.4712446, 43.258917, 43.2279255, 43.3712388, 43.5922995, 43.6174689, 43.7661117, 43.635831, 43.6834826, 43.9348631, 44.0241652, 44.3327814, 44.3499342, 44.807865, 45.1659691, 45.6037912, 45.8613521, 46.3348234, 46.6389611, 47.106252, 47.4173314, 47.5921289, 47.6483345, 47.7309636, 47.8560045, 47.8934003, 48.2952597, 48.600114, 48.8223839, 48.8746037, 
49.0318005, 49.3375057, 49.5201853, 49.4107298, 49.5961862, 49.7608173, 49.8541053, 49.8579121, 49.7056417, 49.7309007, 49.6178175, 49.7308111, 49.891322, 50.0439954, 50.2299444, 50.4278064, 50.471293, 50.3349662, 50.184129, 50.2016401, 50.1431503, 50.1396123, 49.9186411, 49.9308227, 49.7822695, 49.5426228, 49.5379651, 49.4139096, 49.2487858, -11.9526974, -12.2697978, -12.4652668, -12.5452868, -12.8302103, -13.0717597, -13.4058423, -13.5272004, -13.5633248, -13.7894066, -13.7586698, -13.5678683, 
-13.5923982, -13.763536, -14.0249477, -14.1198394, -14.2452445, -14.2180581, -14.4522337, -14.618108, -15.0907792, -14.9209572, -15.1080594, -15.2331417, -15.2298396, -15.667305, -16.0015117, -15.7114736, -15.8046026, -15.7804948, -15.9065206, -15.9869626, -15.9373815, -16.2493177, -16.1798248, -16.3449046, -16.5253032, -16.797217, -17.5146652, -17.8069378, -18.0202581, -18.4354033, -18.7457753, -19.1661095, -19.3758297, -19.531922, -19.7856122, -19.9905158, -20.3605986, -20.4876175, -20.6988026, 
-20.793446, -21.2497309, -21.2778111, -21.3793319, -21.5852783, -21.9564783, -22.3255929, -22.8456851, -23.0660564, -23.2785325, -23.4830141, -23.6698928, -24.3748029, -24.6359167, -24.9934118, -25.1873664, -25.2633145, -25.3403303, -25.6050937, -25.5429746, -25.3740464, -25.1850822, -25.1984644, -24.9652571, -24.1335763, -23.7869061, -23.475243, -23.266069, -22.7510913, -22.483001, -21.4527476, -20.4082679, -19.9128049, -19.585401, -19.1340072, -18.4047906, -17.6924321, -17.3708379, -16.9063848, 
-16.8172779, -16.4403426, -16.2216596, -16.1225471, -15.9057013, -15.5504407, -15.4447985, -15.5612904, -15.8973343, -15.9765846, -15.5499193, -15.2096546, -15.032136, -14.5862292, -14.3006601, -14.2109574, -13.7960604, -13.1869358, -13.0466837, -12.8580671, -12.65654, -12.3927449, -12.3396383, -11.9526974))"
Malawi,MWI,24.869358,1190.0509,20568683,Malawi,Africa,Sub-Saharan Africa,Sub-Saharan Africa,"list(c(34.9591066, 34.9603606, 34.9599127, 34.9599127, 34.9323249, 34.9330415, 34.9336237, 34.9284734, 34.8841806, 34.8815382, 34.7928631, 34.7859662, 34.7861453, 34.7869067, 34.7710527, 34.7720379, 34.7693508, 34.7639318, 34.7631704, 34.7636631, 34.7608864, 34.7591845, 34.7086218, 34.7053973, 34.704412, 34.6587309, 34.6446235, 34.6364277, 34.6372339, 34.6373682, 34.6369204, 34.6350842, 34.6370995, 34.6381744, 34.6376369, 34.6375026, 34.6380848, 34.634278, 34.6291725, 34.6209768, 34.6167669, 34.6122436, 
34.6124227, 34.6130497, 34.6130497, 34.6136767, 34.6136767, 34.6141694, 34.6141246, 34.6141246, 34.6141246, 34.6154682, 34.6163639, 34.6173939, 34.6187375, 34.6185136, 34.6185136, 34.6186927, 34.6194541, 34.6197676, 34.6201706, 34.620305, 34.6248731, 34.6249179, 34.6255001, 34.6271571, 34.6272019, 34.6291277, 34.6353977, 34.6406823, 34.6461462, 34.6811236, 34.6350842, 34.6174835, 34.6167221, 34.6165878, 34.6166326, 34.6237535, 34.6245148, 34.5361084, 34.3270501, 34.0942108, 33.9705583, 33.9180698, 
33.758589, 33.4437924, 33.3257381, 33.1444467, 33.0422017, 32.9596622, 32.9988942, 33.2194623, 33.2309274, 33.380645, 33.3213043, 33.5433056, 33.5631903, 33.6951281, 33.4487636, 33.3358148, 33.2985533, 33.3808689, 33.2377347, 33.3110037, 33.3325902, 33.2573507, 33.3697173, 33.4747839, 33.3664928, 33.0457397, 32.9474357, 33.0212869, 32.9242817, 32.795031, 33.0041341, 33.2163273, 33.4495249, 33.679274, 33.9152931, 34.3919442, 34.5509772, 34.6218277, 34.5759674, 34.4253541, 34.4550021, 34.2992832, 34.2589763, 
34.4296087, 34.419532, 34.5692944, 34.9187997, 35.1676274, 35.0974039, 35.2956689, 35.3145235, 35.1434433, 35.2619007, 35.3135831, 35.5366144, 35.8081483, 35.8531128, 35.790055, 35.8721018, 35.8721018, 35.520626, 35.4867682, 35.0895665, 34.8668934, 34.6071829, 34.5303759, 34.3782399, 34.5907466, 34.6368756, 34.9591066, -11.5735276, -11.5324873, -11.5258087, -11.5257838, -11.4553971, -11.4544288, -11.4538329, -11.404227, -11.3698902, -11.3700144, -11.3223202, -11.2931724, -11.2924028, -11.2923531, 
-11.2462231, -11.2386258, -11.2324685, -11.2298368, -11.2269319, -11.226634, -11.2198808, -11.2181925, -11.1832102, -11.1799081, -11.1708956, -11.1351933, -11.1223077, -11.114909, -11.1148097, -11.1145366, -11.1036123, -11.1021972, -11.0997144, -11.0993171, -11.097182, -11.0864067, -11.0831791, -11.0759294, -11.0491154, -11.0481719, -11.0481223, -11.0318104, -11.0312394, -11.0278876, -11.0278628, -11.0262987, -11.0262738, -11.0239152, -11.0207372, -11.0204145, -11.0203896, -11.0168889, -11.0155731, 
-11.0126682, -11.0108558, -11.0099868, -11.009962, -11.0096889, -11.0095399, -11.0093909, -11.0091923, -11.0091675, -11.0002543, -11.0002543, -10.9989384, -10.9977467, -10.9976474, -10.9968281, -10.9911922, -10.9761466, -10.9689217, -10.751331, -10.6390598, -10.6198183, -10.6172114, -10.6170376, -10.6161935, -10.606461, -10.5989382, -10.0929481, -9.7578973, -9.5458433, -9.5270238, -9.7137783, -9.5846491, -9.6143679, -9.4860083, -9.4933822, -9.4177816, -9.4006753, -9.5737993, -9.6212949, -9.7489345, 
-9.9159261, -10.0630058, -10.2347147, -10.4072677, -10.5933519, -10.822264, -10.8224626, -10.9876915, -11.2353734, -11.4123706, -11.5934892, -11.8201668, -12.1403209, -12.3463666, -12.4165547, -12.5609779, -12.6234943, -12.7676195, -12.893248, -13.3925346, -13.6525559, -13.9626548, -14.0070717, -14.365262, -14.6159729, -14.477558, -14.3948815, -14.6488448, -15.0000585, -15.3243093, -15.4753366, -15.6112439, -15.7609554, -15.9058999, -16.0443892, -16.2501618, -16.313423, -16.7461215, -16.92148, -17.129512, 
-17.1278237, -16.8315787, -16.5623463, -16.4750022, -16.2074332, -16.1625943, -16.0391009, -15.4191266, -15.169955, -14.8953598, -14.6756092, -14.2592226, -14.1706619, -13.6993066, -13.4831063, -13.4831063, -12.8800645, -12.1716536, -11.8560181, -11.5735773, -11.5735276))"
Malaysia,MYS,76.4537,26628.707,34695445,Malaysia,Asia,East Asia & Pacific,South-eastern Asia,"list(list(c(117.9031996, 117.7524519, 117.6854082, 117.9031996, 4.1666362, 4.2629183, 4.166661, 4.1666362)), list(c(102.0905479, 102.0928767, 101.9449057, 101.9434278, 101.8122962, 101.6901216, 101.581293, 101.2761253, 101.1113598, 100.9841692, 101.0847125, 101.1269899, 100.8347203, 100.8125963, 100.423232, 100.178435, 100.1209305, 100.350411, 100.3411852, 100.4270388, 100.3745503, 100.5466606, 100.615451, 100.5587527, 100.6145553, 100.7670944, 100.7028721, 101.0345976, 101.291218, 101.3628746, 101.2712437, 
101.4858106, 101.6991682, 102.2016157, 102.4912429, 102.6770128, 102.7983812, 103.3645135, 103.5049605, 103.8022908, 104.2870929, 104.2670738, 104.1312844, 103.8421051, 103.8187271, 103.6304045, 103.4329008, 103.4253769, 103.463758, 103.3279238, 103.4187486, 103.3879363, 103.4895544, 103.4278849, 103.1012649, 102.844958, 102.4754337, 102.3537517, 102.0905479, 6.241692, 6.1463782, 5.9839797, 5.8716092, 5.7406923, 5.7602069, 5.9343738, 5.8115508, 5.6809567, 5.8089687, 5.9092729, 6.1938737, 6.289113, 
6.4421763, 6.5176031, 6.6964623, 6.4228354, 5.9758858, 5.5766552, 5.2233063, 5.0316111, 4.888752, 4.4499708, 4.3183091, 4.1733149, 4.0908122, 3.9141626, 3.6275011, 3.2833385, 3.0058136, 2.9025052, 2.6937036, 2.601245, 2.2220752, 2.1066757, 1.8841444, 1.8712339, 1.5416204, 1.2728845, 1.490649, 1.3799667, 1.6149616, 1.932484, 2.4458231, 2.5841387, 2.6833008, 2.9357993, 3.3499762, 3.5374756, 3.7391267, 3.9999922, 4.0999736, 4.3008303, 4.8216674, 5.4108057, 5.5862139, 5.9174909, 6.1599093, 6.241692)), 
    list(c(115.0385459, 115.0174968, 114.7770439, 114.8572546, 114.6452853, 114.3334893, 114.2604891, 114.0759284, 113.9396017, 113.6733524, 113.4295407, 113.2745384, 113.0616734, 113.0304579, 112.5745873, 112.0074697, 111.6395576, 111.4295588, 111.4104355, 111.2257852, 111.1595476, 111.2003919, 111.0169957, 110.9978275, 110.7999208, 110.6732677, 110.3566349, 109.9769442, 109.6802409, 109.646204, 109.5535878, 109.6828833, 109.6619685, 109.9797209, 110.1891823, 110.3011906, 110.5752772, 110.8155957, 
    110.9044052, 111.2316073, 111.5233395, 111.6654884, 111.8591404, 111.9358131, 112.1424977, 112.2056003, 112.4862257, 112.7164675, 113.0622108, 113.1830866, 113.5376526, 113.6272235, 114.0001515, 114.2066122, 114.3917103, 114.5855416, 114.7089701, 114.7024315, 114.8814835, 114.8876191, 114.7345874, 114.9174462, 115.2120894, 115.0950651, 115.1477327, 115.3604186, 115.3983967, 115.4988951, 115.5164062, 115.5211982, 115.6207114, 115.5770904, 115.6888748, 115.859955, 115.908592, 116.0799857, 116.1617191, 
    116.3592227, 116.480009, 116.8211394, 116.923071, 117.2230436, 117.4776934, 117.5951656, 117.7137125, 118.003295, 118.2741571, 118.5466763, 118.5699647, 118.2628712, 118.1483101, 118.3274517, 118.6533103, 119.1641774, 119.2720655, 119.2520912, 119.0341206, 118.6929006, 118.3591598, 118.1345162, 117.9770507, 117.7258046, 117.6053766, 117.7033223, 117.7378967, 117.5641741, 117.2861911, 117.1524618, 116.9541521, 116.7591116, 116.637564, 116.6417291, 116.480009, 116.3469068, 116.1041699, 116.0257954, 
    115.9029042, 115.783372, 115.5958107, 115.3620309, 115.3695996, 115.5774487, 115.5420682, 115.3230228, 115.1584812, 115.2898368, 115.2729975, 115.1448217, 115.0385459, 4.7951017, 4.8944376, 4.7283894, 4.2680577, 4.0052308, 4.3486238, 4.5068512, 4.5871939, 4.2849902, 3.9395614, 3.7557862, 3.4824324, 3.2820474, 3.1808494, 3.0133364, 2.8937162, 2.8391696, 2.7016733, 2.4266064, 2.4420493, 2.1674541, 2.0908108, 1.6549343, 1.4882407, 1.5836786, 1.5653309, 1.719561, 1.6858449, 1.8608311, 2.0789927, 
    1.8588449, 1.7859753, 1.6174941, 1.2991027, 1.1830825, 0.9959555, 0.8540896, 0.9234584, 1.0271641, 1.0865024, 0.9558587, 1.0457601, 1.0037763, 1.1221303, 1.1374242, 1.438461, 1.5796814, 1.5616316, 1.5552012, 1.3772605, 1.322416, 1.2213173, 1.4458348, 1.4107532, 1.5205913, 1.4453879, 1.6380266, 1.8112997, 1.9202688, 2.0195302, 2.1471202, 2.2550217, 2.5733137, 2.6979492, 2.9080915, 2.9819293, 2.9788754, 3.0351352, 3.0609809, 3.1897626, 3.4145532, 3.7425033, 4.1749535, 4.2803722, 4.3910048, 4.2772439, 
    4.3799564, 4.3869082, 4.303611, 4.3383948, 4.362428, 4.362726, 4.1695659, 4.1704597, 4.3616336, 4.2245842, 4.3237712, 4.3503617, 4.5237589, 4.6641352, 4.8887272, 5.0328773, 4.9329207, 5.1053992, 5.2124814, 5.3790509, 5.4103836, 5.5808263, 5.8245605, 5.8558435, 6.0641486, 5.8995901, 6.1641548, 6.2295264, 6.4241513, 6.5279562, 6.6191735, 7.007033, 6.6904292, 7.0287573, 6.8671285, 6.7303026, 6.4779531, 6.397089, 6.1162621, 5.8312144, 5.7624663, 5.5362108, 5.5762331, 5.3916386, 5.3049649, 5.1862384, 
    5.074141, 4.8932459, 4.8956045, 4.6061871, 4.4509142, 4.3766047, 4.7951017)), list(c(117.2316424, 117.0570241, 117.0866273, 117.2736511, 117.2316424, 7.3587184, 7.2874875, 7.1345733, 7.2224884, 7.3587184)))"
Maldives,MDV,NA,NA,524067,Maldives,Asia,South Asia,Southern Asia,"list(c(73.0870717, 73.0762336, 73.092849, 73.0995668, 73.0854146, 73.0870717, -0.5833144, -0.5933697, -0.6242057, -0.6133312, -0.5991545, -0.5833144))"
Mali,MLI,43.95727,1651.9413,23072588,Mali,Africa,Sub-Saharan Africa,Sub-Saharan Africa,"list(c(-4.8341142, -6.5718775, -6.4566895, -6.3587438, -6.217401, -6.0198078, -5.9076204, -5.7351966, -5.6090361, -5.3333371, -5.4999836, -6.7310896, -8.0000841, -9.3312407, -9.4010164, -9.922408, -10.5188601, -10.9930032, -11.2517284, -11.410851, -11.7039267, -11.8445528, -11.7984687, -12.0566117, -12.2399632, -12.1728746, -12.2007312, -12.1026063, -11.9747888, -12.0089601, -11.9488133, -12.0726001, -11.828251, -11.6304786, -11.3969675, -11.4214651, -11.3768141, -11.4939279, -11.2250811, -11.0365794, 
-10.9224661, -10.7735099, -10.5826345, -10.3099809, -9.6945847, -9.637125, -9.3501849, -9.1568015, -8.9333672, -8.9693298, -8.9031818, -8.7722293, -8.8491706, -8.7012892, -8.6149429, -8.3720269, -8.5506311, -8.6751793, -8.3426924, -8.2598842, -8.3292568, -8.2303707, -7.9852601, -7.9793485, -7.7573024, -7.6242898, -7.4551353, -7.3259294, -7.1415927, -7.049066, -6.9448952, -6.6777502, -6.674033, -6.3974832, -6.2274778, -6.176288, -6.2298514, -5.9845169, -5.8738074, -5.6495669, -5.5131953, -5.4708731, 
-5.451705, -5.4886529, -5.2596204, -5.2033251, -5.2919554, -5.2781167, -5.1089623, -4.6296241, -4.5799571, -4.3969191, -4.3647184, -4.4804887, -4.232915, -4.218091, -4.3469386, -4.1005293, -3.9596344, -3.5220362, -3.4374814, -3.2342452, -3.278314, -3.2468747, -3.0299342, -2.875335, -2.9064608, -2.8388797, -2.4741921, -2.1027867, -1.9972275, -1.980433, -1.6779076, -1.3181912, -1.0717819, -0.7248294, -0.2456703, 0.2443716, 0.5146515, 0.6876575, 0.9999909, 1.3115182, 2.6363601, 3.019947, 3.0315017, 
3.4931496, 3.536905, 3.7224509, 3.8562249, 3.9775038, 3.9860578, 4.0971256, 4.1998633, 4.1969523, 4.2666832, 4.2666832, 4.2666832, 3.357629, 3.1633947, 3.1789352, 3.2627735, 3.258071, 2.6977608, 2.5621506, 2.4016397, 2.2734639, 2.0022883, 1.7977981, 1.6682339, 1.5911135, 1.1782816, 1.1666822, 0.3501547, -0.425439, -1.8264608, -3.1738745, -4.0983348, -4.8341142, 25.000665, 25.0000691, 23.9717772, 23.2011727, 21.9615467, 20.2133734, 19.1867698, 17.6677568, 16.5001562, 16.3333384, 15.4999941, 15.4999693, 
15.4999445, 15.5016079, 15.4388433, 15.4000872, 15.4512076, 15.2317797, 15.4193287, 15.63682, 15.5398427, 15.0961207, 14.9081993, 14.721271, 14.7644713, 14.6101667, 14.4063803, 14.3750973, 14.1842958, 13.9857481, 13.8125744, 13.7156219, 13.3253541, 13.3957161, 13.013269, 12.6629491, 12.4126603, 12.213194, 11.9980365, 12.2147085, 12.2257568, 11.9477106, 12.024776, 12.2234727, 12.0323484, 12.1768709, 12.2496163, 12.4897505, 12.3248196, 12.1925869, 12.0439678, 11.9768087, 11.6536007, 11.6455565, 11.4763304, 
11.3887132, 11.2115422, 11.0035599, 11.0623024, 10.8913632, 10.7714202, 10.4194865, 10.3433894, 10.170315, 10.2942801, 10.4614206, 10.4505709, 10.24023, 10.2494411, 10.147821, 10.3502667, 10.3395907, 10.6003817, 10.5985693, 10.7048073, 10.5009961, 10.3073395, 10.1983455, 10.3556791, 10.4680993, 10.4307832, 10.5466296, 10.9008474, 11.0832323, 11.2408141, 11.5321929, 11.6316033, 11.8505346, 11.9651148, 12.0596342, 12.2018973, 12.3103202, 12.5342171, 12.6580332, 12.7345524, 12.9623224, 13.1196312, 13.3870263, 
13.4729304, 13.1658109, 13.2766917, 13.2888821, 13.5568483, 13.6841155, 13.6144736, 13.6539001, 13.8205689, 14.0540742, 14.2998443, 14.1467563, 14.1932835, 14.4756498, 14.5014707, 14.7297869, 14.7850783, 15.0840296, 15.0789399, 14.914009, 14.9974055, 14.944274, 15.0000124, 15.2781331, 15.3468068, 15.3381915, 15.4285646, 15.3578799, 15.4851719, 15.6590657, 15.6863266, 15.9350761, 16.0808399, 16.3232087, 16.3950602, 16.81028, 17.0017518, 17.9843854, 19.1455556, 18.9681364, 19.1145458, 19.3662497, 19.4390448, 
19.8166008, 20.066393, 20.033099, 20.1174886, 20.2988555, 20.2424468, 20.2978872, 20.4064094, 20.600364, 20.7263153, 21.1138768, 21.6692742, 22.1891678, 23.1092355, 23.9707841, 24.5485761, 25.000665))"
Malta,MLT,88.67414,34496.34,528148,Malta,Europe,Middle East & North Africa,Southern Europe,"list(c(14.3736742, 14.3361441, 14.454064, 14.5769552, 14.3736742, 35.9941059, 35.8807671, 35.8186728, 35.8624442, 35.9941059))"
Marshall Islands,MHL,NA,NA,40058,Marshall Islands,Oceania,East Asia & Pacific,Micronesia,"list(c(171.0562202, 171.0462331, 171.0412619, 171.0562202, 7.1349705, 7.1591776, 7.1558258, 7.1349705))"
Martinique,MTQ,97.75632,NA,349407,NA,NA,NA,NA,list()
Mauritania,MRT,48.698624,3680.3662,4875590,Mauritania,Africa,Sub-Saharan Africa,Sub-Saharan Africa,"list(c(-8.6676106, -8.6676106, -9.713932, -10.9048655, -12.0008539, -12.0008539, -12.0008539, -12.5819893, -13.1080835, -13.1502713, -13.0792865, -13.0287237, -13.0008224, -13.8791986, -14.8714192, -16.226536, -16.9474019, -17.0687256, -17.0503636, -16.9443565, -16.7775309, -16.6767637, -16.5353314, -16.3808665, -16.2030237, -16.2724411, -16.5118191, -16.2534968, -16.0584116, -16.0202544, -16.0844319, -16.4422225, -16.519343, -16.5090871, -16.3875396, -16.2784871, -16.0561276, -15.7320156, -15.2295233, 
-15.1210083, -14.4938783, -14.3264704, -13.9962228, -13.8686292, -13.7168067, -13.3759002, -13.2517998, -12.9630236, -12.8454619, -12.4629497, -12.4536791, -12.2399632, -12.0566117, -11.7984687, -11.8445528, -11.7039267, -11.410851, -11.2517284, -10.9930032, -10.5188601, -9.922408, -9.4010164, -9.3312407, -8.0000841, -6.7310896, -5.4999836, -5.3333371, -5.6090361, -5.7351966, -5.9076204, -6.0198078, -6.217401, -6.3587438, -6.4566895, -6.5718775, -4.8341142, -6.3007467, -7.5008164, -8.6676106, 27.3158799, 
26.0005788, 26.0005788, 26.0005788, 26.0005788, 24.8801013, 23.4522312, 23.2717084, 22.9352921, 22.7602811, 22.520842, 22.013263, 21.3340247, 21.3339502, 21.3338757, 21.3337764, 21.3342482, 20.8953179, 20.7699873, 21.1344094, 20.924714, 20.6798377, 20.5585788, 20.5230751, 20.1911277, 19.731516, 19.3505586, 19.0717427, 18.4677822, 17.9791716, 17.5115156, 16.6125019, 16.2809518, 16.0606301, 16.2197513, 16.5164929, 16.4798968, 16.4898279, 16.5541318, 16.6394152, 16.6149847, 16.6331834, 16.3475895, 16.1892876, 
16.1833538, 16.0579239, 15.6603567, 15.5017569, 15.2002732, 14.9875489, 14.8964557, 14.7644713, 14.721271, 14.9081993, 15.0961207, 15.5398427, 15.63682, 15.4193287, 15.2317797, 15.4512076, 15.4000872, 15.4388433, 15.5016079, 15.4999445, 15.4999693, 15.4999941, 16.3333384, 16.5001562, 17.6677568, 19.1867698, 20.2133734, 21.9615467, 23.2011727, 23.9717772, 25.0000691, 25.000665, 25.9002994, 26.6238056, 27.3158799))"
Mauritius,MUS,49.238804,20643.094,1276075,Mauritius,Africa,Sub-Saharan Africa,Sub-Saharan Africa,"list(c(57.612908, 57.364976, 57.4168823, 57.6516026, 57.8049031, 57.612908, -19.9824716, -20.281249, -20.5117998, -20.4896037, -20.2258086, -19.9824716))"
Mayotte,MYT,100,NA,305239,NA,NA,NA,NA,list()
Mexico,MEX,81.779785,16235.455,128613066,Mexico,Americas,Latin America & Caribbean,Latin America and the Caribbean,"list(list(c(-86.7343938, -86.9273741, -87.0199903, -86.9302404, -86.7343938, 20.5686589, 20.5541098, 20.4166632, 20.3115176, 20.5686589)), list(c(-112.2875576, -112.4777612, -112.490122, -112.5832309, -112.3107565, -112.1960163, -112.2875576, 29.2233978, 29.1706884, 28.9574923, 28.8725069, 28.7449914, 29.0042679, 29.2233978)), list(c(-113.5323232, -113.6099811, -113.2710899, -113.1999259, -113.3598098, -113.5323232, 29.5723274, 29.4339622, 29.0750767, 29.2791362, 29.3066205, 29.5723274)), list(c(-97.2284204, 
-97.5202421, -97.6675413, -98.2499755, -98.4618552, -98.6700626, -98.8046427, -99.1110197, -99.208831, -99.4495525, -99.5391681, -99.7105171, -100.0885507, -100.2939814, -100.3359901, -100.6515032, -100.6642223, -100.7973245, -101.4509675, -102.1439769, -102.3007258, -102.4045831, -102.6771471, -102.9062692, -103.1539773, -103.4159719, -104.1684563, -104.2089423, -104.5081088, -104.6799952, -104.7062395, -104.8594503, -104.8720798, -105.122475, -105.3923967, -105.6487483, -105.7693554, -105.9539161, 
-106.2185082, -106.3820645, -106.5279754, -108.2084581, -108.2084581, -109.9328754, -111.0749928, -111.8793387, -113.1553196, -114.8137232, -114.7195395, -115.8793919, -117.1246949, -117.0261222, -116.9238323, -116.8618493, -116.6227848, -116.6883955, -116.5272576, -116.311795, -116.3409055, -116.0762685, -116.0492182, -115.8362636, -115.8119451, -115.7006086, -115.5064191, -114.9812654, -114.5993802, -114.4924327, -114.0480719, -114.1173101, -114.3454918, -114.4956125, -114.9882519, -115.0269465, 
-114.5951704, -114.4888051, -114.1805471, -114.0087055, -113.7880031, -113.737709, -113.5513122, -113.4604426, -113.1451534, -113.0661967, -112.4975116, -112.3524965, -112.1952101, -112.0718711, -112.0805595, -112.1824911, -111.9348726, -111.7972918, -111.0187423, -110.5671711, -110.3296741, -110.1749853, -110.1044931, -109.8974949, -109.4603446, -109.4245163, -109.520357, -109.6878096, -109.7012901, -109.8330487, -109.8324665, -110.328017, -110.3045495, -110.5599158, -110.6830309, -110.7421924, 
-110.665475, -110.7039905, -110.9040917, -111.0283712, -111.1958686, -111.3312997, -111.3228352, -111.5688862, -111.5621236, -111.8214311, -112.0069323, -112.29123, -112.3310443, -112.5963082, -112.7747333, -112.7867358, -112.8510924, -113.1078471, -113.2558629, -113.5588361, -113.5403846, -113.6378824, -113.9978227, -114.2835536, -114.3430286, -114.5672691, -114.6704099, -114.6327902, -114.6979529, -114.7194499, -114.889948, -114.8823792, -114.786628, -114.8126483, -114.6191754, -114.2720437, -114.023843, 
-113.903012, -113.6403008, -113.5503717, -113.102025, -113.072601, -113.1287171, -113.0825881, -112.86099, -112.7552964, -112.7513553, -112.3898475, -112.4047163, -112.2379354, -112.1584861, -111.9055829, -111.69124, -111.4946768, -111.2527461, -111.0795609, -110.5678429, -110.625616, -110.4793021, -110.2843512, -109.9197085, -109.8539187, -109.6978864, -109.5247908, -109.2872042, -109.216488, -109.4533581, -109.4367427, -109.1521314, -108.7788003, -108.7659021, -108.2587969, -108.0546651, -107.9946078, 
-108.0200907, -107.7521844, -107.4932352, -107.5137469, -107.1747214, -106.8863034, -106.492371, -106.413056, -105.8165592, -105.6754404, -105.6556005, -105.4249556, -105.1916237, -105.2474711, -105.239141, -105.4540214, -105.4786533, -105.2345281, -105.3707205, -105.6165028, -105.695773, -105.552191, -105.4844755, -105.2013869, -105.1104277, -104.9565451, -104.7039106, -104.4545455, -104.1341059, -103.7961552, -103.6081013, -103.5265023, -102.7786308, -102.1306308, -102.0012906, -101.8040109, -101.6515613, 
-101.4532068, -101.2044239, -101.0535866, -100.0209695, -99.6938569, -99.4607937, -99.0361385, -98.7201774, -98.4681252, -98.0844486, -97.7896263, -97.1341919, -96.8500733, -96.4977465, -96.252412, -95.768864, -95.4404974, -95.1462125, -94.8061569, -94.3997294, -94.0922776, -93.855945, -93.4273039, -93.1997493, -92.6071936, -92.2311305, -92.1463965, -92.1819561, -92.0595576, -92.2106188, -91.7315941, -90.4421775, -90.3967651, -90.5854908, -90.6834813, -91.1760759, -91.2771118, -90.9878429, -90.9878429, 
-89.1519548, -89.1519548, -89.0009384, -88.8599539, -88.7169989, -88.4743964, -88.3178714, -88.0741044, -88.006165, -88.0821658, -87.7614127, -87.7121936, -87.5506078, -87.4556628, -87.7481562, -87.4582603, -87.4661873, -87.2833285, -87.093528, -86.8739003, -86.751457, -86.8543739, -86.9979111, -87.2414542, -88.1479556, -88.2565602, -88.6217404, -88.7561861, -89.1471179, -89.6681513, -90.0992557, -90.3470533, -90.4969948, -90.51052, -90.6664628, -90.7455538, -91.229281, -91.4489086, -91.2460755, 
-91.3229273, -91.6123754, -91.8779528, -91.8583816, -91.9812727, -92.4286341, -92.7068859, -92.7804683, -93.1521872, -93.449607, -93.5954283, -93.8844733, -94.281272, -94.6004128, -94.8053508, -95.0097514, -95.1928341, -95.8034831, -95.9363614, -95.9711597, -96.3096478, -96.4480795, -96.7828504, -97.1452091, -97.4872352, -97.6639136, -97.5810159, -97.7345402, -97.885691, -97.7613667, -97.7655765, -97.7362421, -97.776325, -97.7533949, -97.8675529, -97.7091917, -97.7533501, -97.5762686, -97.395873, 
-97.2058037, -97.1457465, -97.2248823, -97.2284204, 25.9588433, 25.8859986, 26.0288328, 26.0725545, 26.2261143, 26.236691, 26.3676823, 26.4264, 26.7248298, 27.068918, 27.60274, 27.6576838, 28.1478089, 28.2845603, 28.4303987, 28.9450536, 29.076467, 29.2468104, 29.7520308, 29.8035484, 29.8777338, 29.765115, 29.7414542, 29.2620547, 28.9713214, 29.0378847, 29.3961991, 29.4805639, 29.6323858, 29.9210086, 30.2348069, 30.3902288, 30.5113386, 30.7520936, 30.8564447, 31.1158701, 31.1648553, 31.3648927, 31.4792743, 
31.7327162, 31.7838863, 31.7836876, 31.3333615, 31.3340566, 31.3323435, 31.5889137, 31.9825085, 32.4940599, 32.7187265, 32.6360748, 32.5343058, 32.2675313, 32.2252993, 31.9909996, 31.854844, 31.5479479, 31.4335167, 31.1516221, 30.969709, 30.8167948, 30.4713659, 30.3387856, 29.9629428, 29.7646681, 29.6145098, 29.3797631, 28.973829, 28.930579, 28.4593479, 28.1138694, 27.8643006, 27.7721399, 27.8248989, 27.7381258, 27.4720714, 27.2249605, 27.1380137, 26.9732814, 26.917121, 26.7994125, 26.7181263, 26.8288582, 
26.7452383, 26.6013613, 26.2278274, 26.1835844, 25.9859553, 25.6509044, 25.2422144, 24.8189009, 24.7358023, 24.5446533, 24.0879215, 23.6739432, 23.5591396, 23.3219102, 23.0235548, 22.8728005, 23.1972003, 23.4466946, 23.5837439, 23.649612, 23.79694, 23.9180251, 24.0616786, 24.3361744, 24.1814974, 24.2113156, 24.3587181, 24.6160579, 24.7654467, 24.9206203, 25.1389309, 25.4530271, 25.6146807, 25.8309555, 26.0957189, 26.5619596, 26.6962034, 26.897085, 26.9512592, 27.3665037, 27.5165379, 27.6513776, 27.8595833, 
28.1968438, 28.4186055, 28.5094503, 28.8397839, 28.9506151, 29.0595842, 29.283779, 29.5795522, 29.771322, 29.7464197, 30.0108107, 30.1970687, 30.4996696, 30.622716, 30.9320701, 31.1222509, 31.4046172, 31.6213636, 31.8211527, 31.7623357, 31.5404003, 31.4922096, 31.6133443, 31.4758977, 31.295375, 31.1966597, 31.0682505, 30.8074843, 30.664675, 30.3943998, 30.1721416, 29.9145286, 29.4967516, 29.3347752, 29.3081598, 28.959702, 28.7854607, 28.4496402, 28.3860066, 28.0524703, 27.932999, 27.8762179, 27.5978489, 
27.2846713, 27.143873, 27.0621152, 26.7895559, 26.677235, 26.7581239, 26.532787, 26.3398007, 25.9546971, 25.7996725, 25.6092931, 25.5434498, 25.4271814, 25.1984182, 25.0717469, 24.9636965, 24.6755205, 24.4960653, 24.4477505, 24.3291978, 24.0996154, 23.8229843, 23.3337778, 23.1938982, 22.6450057, 22.3368185, 22.0180547, 21.5997812, 21.4597774, 21.344502, 21.062384, 20.8765978, 20.7523099, 20.6220634, 20.5031384, 20.470614, 20.3882106, 20.2129762, 19.973264, 19.6266434, 19.5820031, 19.3211377, 19.1810594, 
19.1085871, 18.94887, 18.7376353, 18.5138377, 18.3262887, 18.0795006, 17.9187905, 17.973064, 17.8755156, 17.6663416, 17.5288951, 17.4218625, 17.2701648, 16.9180077, 16.7020309, 16.6846266, 16.5936824, 16.4682029, 16.2802814, 16.1736461, 15.9574211, 15.8793874, 15.7189751, 15.6385331, 15.6653719, 15.8938123, 15.9752474, 16.1804738, 16.2145127, 16.1655275, 16.0197636, 15.9532748, 15.6606547, 15.4673208, 14.8843646, 14.5359316, 14.662305, 14.8468995, 15.0709702, 15.2606544, 16.0738881, 16.0740371, 16.3746022, 
16.4697919, 16.6897659, 17.0159781, 17.1800152, 17.2512957, 17.8157055, 17.8156807, 17.939472, 17.9848075, 17.8941613, 18.0604329, 18.4936279, 18.4878431, 18.8519424, 18.6617616, 18.4777382, 18.4176549, 18.7047882, 19.1034726, 19.5935232, 19.5893273, 19.8648411, 20.1338749, 20.4468042, 20.5949763, 20.8437506, 21.1412122, 21.2592931, 21.5699134, 21.4224861, 21.6262476, 21.5662637, 21.5237834, 21.4272033, 21.3555504, 21.2928851, 21.1571516, 21.0023753, 20.5171164, 19.8698067, 19.7621783, 19.3194494, 
18.9768261, 18.8735922, 18.7388767, 18.5613084, 18.4377158, 18.4961604, 18.6152095, 18.7186669, 18.6647906, 18.5972094, 18.5005301, 18.4421103, 18.4462317, 18.3371881, 18.2906112, 18.1765276, 18.1912505, 18.5404283, 18.5587264, 18.7188903, 18.7487333, 18.9046766, 19.0513342, 19.3388399, 19.8572935, 20.2466923, 20.6249683, 21.3418206, 21.6345898, 21.7925689, 22.0163664, 22.644385, 22.8915952, 23.3785423, 23.7694805, 23.8972194, 24.3788286, 24.5238724, 24.6588859, 24.9796607, 25.3218123, 25.4038929, 
25.6256794, 25.9575523, 25.9591909, 25.9588433)))"
Micronesia (country),FSM,NA,NA,112081,Micronesia (Federated States of),Oceania,East Asia & Pacific,Micronesia,"list(c(158.1795653, 158.155426, 158.2899614, 158.2799742, 158.1795653, 6.9832728, 6.8050342, 6.7854203, 6.9262434, 6.9832728))"
Moldova,MDA,54.525288,6674.871,3039946,Moldova,Europe,Europe & Central Asia,Eastern Europe,"list(c(28.2129019, 28.5152481, 28.5215629, 28.7857072, 28.7765262, 28.9787771, 29.0670939, 28.9306775, 29.1635616, 29.4480833, 29.6789969, 29.9377669, 29.9742671, 29.8840692, 29.5958752, 29.5518959, 29.3983715, 29.2175281, 29.1750267, 29.0327883, 28.8411067, 28.230189, 27.8693978, 27.5817859, 27.2866053, 26.8822827, 26.6302752, 26.8301525, 27.1545332, 27.3151336, 27.8059369, 28.096415, 28.2515964, 28.2605983, 28.1114629, 28.108731, 28.2129019, 45.4674414, 45.4998913, 45.7378407, 45.8323103, 45.9707004, 
46.0033737, 46.1956152, 46.4577965, 46.5155707, 46.4987375, 46.3613406, 46.4936726, 46.7539174, 46.8860508, 46.9636376, 47.2514908, 47.3003767, 47.6121639, 47.993742, 47.9426216, 48.1255774, 48.2096691, 48.406901, 48.4913402, 48.371571, 48.4152431, 48.2598212, 48.2275203, 47.987535, 47.643, 47.1377299, 46.9780377, 46.6211632, 46.4371398, 46.2323851, 45.8310938, 45.4674414))"
Monaco,MCO,NA,NA,38907,Monaco,Europe,Europe & Central Asia,Western Europe,"list(c(7.4183217, 7.4391021, 7.4116934, 7.4183217, 43.724606, 43.7490862, 43.7342889, 43.724606))"
Mongolia,MNG,68.310555,13442.906,3385971,Mongolia,Asia,East Asia & Pacific,Eastern Asia,"list(c(116.7140575, 116.625472, 116.2374512, 115.7439608, 115.2809245, 114.9904912, 114.337923, 114.1806815, 113.6441076, 113.2175266, 113.0543286, 112.6941195, 112.4776717, 111.9403812, 111.6866271, 111.2957848, 110.8112963, 110.1972884, 109.5556479, 109.3384835, 108.5218216, 108.2385987, 108.035273, 107.9201745, 107.7940588, 107.0995715, 106.9797258, 106.5917498, 106.2613679, 105.844371, 105.2985712, 104.3926521, 104.135539, 103.8467628, 103.6843261, 103.2394727, 102.9900627, 102.6484397, 102.5361627, 
102.305473, 102.2098562, 102.1275854, 101.4884529, 101.1365292, 100.6544143, 99.9094091, 99.8020585, 99.235747, 98.8527422, 98.8044636, 98.487562, 98.3550868, 98.2288815, 98.0342442, 97.9824722, 97.8574762, 98.0962272, 98.3283051, 98.1825734, 97.9411801, 97.7757428, 97.5796723, 97.2043258, 96.9950884, 96.5148097, 96.3689884, 96.2590403, 95.8594201, 95.5323523, 95.0819903, 94.9981072, 94.6141619, 94.3878613, 94.3412397, 94.2403829, 93.7031372, 93.3972529, 93.1024306, 93.0022904, 92.5615124, 92.0717393, 
91.7230849, 91.3871943, 90.9780797, 90.0175223, 89.6312034, 89.7227448, 89.4582869, 89.1897536, 88.8461152, 88.595093, 88.2218515, 88.1493439, 87.8144386, 87.880721, 87.7521869, 88.0675658, 87.96859, 88.2314355, 88.6029753, 88.6373705, 88.9334916, 89.0597864, 89.5815812, 89.8364997, 90.297028, 90.4702132, 90.487366, 90.7635576, 90.9017653, 91.0640229, 90.8917334, 91.0214767, 90.714831, 90.6702248, 90.9341452, 91.6158686, 92.0951172, 92.4838098, 92.7736161, 93.5384165, 94.211362, 94.3607661, 94.9986446, 
95.4037734, 95.3231597, 95.522813, 95.8576287, 95.9091767, 96.3630768, 96.3874848, 96.9777565, 97.1714981, 98.1958747, 99.5032055, 100.3181207, 100.8482455, 101.5674543, 101.8002937, 102.0766196, 102.4460096, 102.7089448, 103.41324, 103.8548689, 104.5252169, 104.5177377, 104.9170892, 105.0067047, 105.7161504, 106.7830283, 107.5683851, 107.9300721, 108.2449135, 108.8399771, 109.0180439, 109.535181, 109.8981667, 110.4333523, 111.0623185, 111.4934228, 111.787439, 111.9464272, 111.8670675, 111.6794614, 
111.4240502, 111.6186876, 111.7667929, 111.9958255, 112.4228096, 112.5926806, 112.8460764, 113.6281192, 113.9001905, 114.0552824, 114.3431182, 114.5411144, 114.7371849, 114.9742341, 115.3559849, 115.6897705, 115.9316565, 116.1741247, 116.4009627, 116.657807, 116.8388744, 117.3695815, 117.4150387, 117.8307816, 118.2999087, 118.7858751, 119.011504, 119.1026423, 119.6650126, 119.9034949, 119.9208269, 119.7089023, 119.143397, 119.1229749, 118.7583769, 118.5588131, 118.1685531, 117.804403, 117.3748214, 
117.0852389, 116.8688806, 116.4433745, 116.2587243, 115.9349258, 115.5735972, 115.5221835, 115.8131991, 115.7876714, 116.0701777, 116.0340359, 116.7140575, 49.8456209, 49.9356216, 50.0363727, 49.885966, 49.9658121, 50.1734716, 50.2855939, 50.2474088, 49.9901682, 49.8367822, 49.608317, 49.5012845, 49.5229095, 49.375358, 49.3837001, 49.3167396, 49.1761151, 49.1552349, 49.221972, 49.3287314, 49.3213079, 49.5415799, 49.6180247, 49.8650362, 49.9336353, 50.0499286, 50.2091492, 50.3387005, 50.2983553, 50.4406185, 
50.4723484, 50.3121099, 50.1390107, 50.1977532, 50.1431321, 50.321321, 50.3042892, 50.4015644, 50.5889645, 50.6804548, 50.8172062, 51.3590227, 51.4980583, 51.5226129, 51.7275662, 51.7459139, 51.9159842, 52.0128374, 52.126052, 51.9600038, 51.7577071, 51.7342201, 51.4585821, 51.4472606, 51.359122, 50.9598666, 50.5969838, 50.4759733, 50.1479983, 49.9787474, 49.9963503, 49.8589782, 49.7539319, 49.8926198, 49.9431444, 49.9006392, 49.9773074, 50.0439451, 49.8972626, 49.9630066, 50.0447893, 50.0361492, 
50.2137919, 50.5012728, 50.5877231, 50.5863079, 50.6343993, 50.5895107, 50.792577, 50.7992309, 50.6964935, 50.6991253, 50.4633856, 50.4286763, 49.9919806, 49.920278, 49.7277386, 49.6646512, 49.5174225, 49.442815, 49.5029976, 49.4795105, 49.2815338, 49.1701564, 49.0154297, 48.9144303, 48.6802051, 48.5757795, 48.4973734, 48.3381777, 48.1785103, 48.108198, 47.9888757, 48.0301891, 47.8308469, 47.6926059, 47.4886457, 47.324261, 47.0050006, 46.9571327, 46.5784595, 46.312554, 46.0226401, 45.7274627, 45.4869063, 
45.1933924, 45.067739, 45.077397, 44.999835, 45.0447485, 44.9548968, 44.6677139, 44.5147996, 44.2508804, 44.2951235, 44.0259159, 44.0050606, 43.413663, 43.2356478, 42.8987101, 42.7246426, 42.7543366, 42.7945576, 42.6529151, 42.5663407, 42.6874009, 42.6725291, 42.5260204, 42.5041223, 42.2251326, 42.1446657, 42.1514934, 41.8817148, 41.7999569, 41.8746637, 41.6608221, 41.6541931, 41.5818449, 41.938198, 42.2899827, 42.4111919, 42.4027505, 42.4632806, 42.3969904, 42.4574461, 42.4704558, 42.6326557, 42.7798099, 
43.3550943, 43.4873022, 43.6696373, 43.6902692, 43.9382987, 44.0425754, 44.3195044, 44.7773782, 44.978359, 45.0899599, 45.0748646, 44.9298952, 44.8387524, 44.7435379, 44.9102813, 44.9265683, 45.1207215, 45.3845663, 45.4373253, 45.3760752, 45.389358, 45.4586275, 45.6299888, 45.690072, 46.1243843, 46.3211444, 46.3843063, 46.3606702, 46.5804705, 46.5291515, 46.7361903, 46.6880493, 46.7452028, 46.6468848, 46.6182336, 46.666027, 46.9023378, 47.19394, 47.5424971, 47.6648236, 47.7743886, 47.9926992, 48.0481893, 
48.0143987, 47.6404427, 47.8232745, 47.8933384, 47.8388166, 47.8778956, 47.6809368, 47.91978, 48.1531611, 48.2568667, 48.5239143, 48.8159634, 48.8663389, 49.8456209))"
Montenegro,MNE,NA,20941.805,614603,Montenegro,Europe,Europe & Central Asia,Southern Europe,"list(c(20.078887, 20.1897309, 20.3529289, 19.9599818, 19.8451968, 19.546299, 19.4484876, 19.2241575, 18.732996, 18.5362089, 18.448116, 18.564782, 18.4379498, 18.5244752, 19.0558092, 19.1708181, 19.3684113, 19.4109575, 19.2895442, 19.610163, 19.8313133, 20.078887, 42.5557889, 42.7463917, 42.8334379, 43.1099448, 43.0998399, 43.2466714, 43.3881152, 43.527548, 43.2810082, 43.033376, 42.8154129, 42.6434557, 42.5556399, 42.4205768, 42.1360753, 41.9345731, 41.8903548, 42.1180504, 42.1874688, 42.5754525, 
42.4663344, 42.5557889))"
Montserrat,MSR,17.838,NA,4428,NA,NA,NA,NA,list()
Morocco,MAR,65.417366,8400.127,37329012,Morocco,Africa,Middle East & North Africa,Northern Africa,"list(c(-2.2116601, -2.8098587, -2.9295253, -2.9526346, -3.3346989, -3.7100901, -4.2969133, -4.2979434, -4.6790224, -4.926417, -5.2437663, -5.3432347, -5.3821532, -5.7862967, -5.9293413, -6.0085667, -6.3049117, -6.5327351, -6.7670523, -7.0224187, -7.5379883, -8.3113427, -8.5127426, -8.7857097, -9.2800062, -9.2610172, -9.3462438, -9.6737595, -9.8421974, -9.8419735, -9.7862156, -9.6030881, -9.6670864, -9.8302845, -9.9821518, -10.2173647, -10.5064097, -11.0451781, -11.3207427, -11.4636978, -12.0823186, 
-12.9154615, -13.1723058, -11.9795808, -10.3582596, -8.6676106, -8.6676106, -8.4481621, -8.1947663, -7.6191394, -7.3397233, -7.1476387, -6.7613646, -6.4624668, -6.04753, -5.796463, -5.5616531, -5.3314562, -5.2766388, -4.9391808, -4.602305, -4.3241428, -3.6455096, -3.6553176, -3.5374872, -3.788375, -3.6666483, -3.6666483, -2.8234735, -2.9075805, -2.5943961, -2.4477239, -1.9746109, -1.5972043, -1.249983, -1.2035854, -0.9969903, -1.3817417, -1.5444023, -1.4788813, -1.6702493, -1.5882024, -1.7306648, 
-1.6480805, -1.7834668, -1.8360449, -1.7395771, -2.2157355, -2.2116601, 35.0851362, 35.1021184, 35.2716921, 35.3201063, 35.185639, 35.2877308, 35.1711396, 35.170792, 35.2041109, 35.3178718, 35.5544556, 35.8708856, 35.9124473, 35.7767139, 35.7885815, 35.5292058, 34.8653856, 34.4582349, 34.1113909, 33.883596, 33.6202478, 33.3581162, 33.2634975, 32.948582, 32.5479362, 32.1752465, 32.0313943, 31.6885973, 31.3917315, 31.1044742, 30.6106001, 30.4088496, 30.0880251, 29.8104009, 29.6759337, 29.3099226, 29.0316777, 
28.7603102, 28.5175442, 28.3366738, 28.0877506, 27.9552199, 27.6672674, 27.6672674, 27.6672674, 27.6672674, 28.7141553, 28.8003822, 29.0032748, 29.3684913, 29.3955288, 29.5241615, 29.4628369, 29.5642087, 29.565897, 29.6171415, 29.4915626, 29.7697827, 29.9044733, 30.1398406, 30.2892542, 30.5305802, 30.6978945, 30.8458184, 31.0210777, 31.2367317, 31.3780514, 31.6333306, 31.7976905, 32.1181426, 32.1118115, 32.1596298, 32.158165, 32.0941093, 32.0764319, 32.3950468, 32.5165539, 32.7398301, 32.9571972, 
33.0803927, 33.2840053, 33.5307437, 33.733959, 34.1081881, 34.3908026, 34.62905, 34.7430095, 35.0467028, 35.0851362))"
Mozambique,MOZ,43.974693,1087.836,32656190,Mozambique,Africa,Sub-Saharan Africa,Sub-Saharan Africa,"list(c(32.8911405, 32.9492719, 32.8327403, 32.6013789, 32.8627465, 33.2048623, 33.7307325, 34.8238546, 35.1515047, 35.4970241, 35.5549764, 35.3510237, 35.4876639, 35.4862756, 35.5881624, 35.5177149, 35.5028462, 35.5438248, 35.4875296, 35.3298849, 35.2738136, 35.1191248, 35.0905069, 35.1290224, 35.0089975, 34.74866, 34.6815714, 34.7818012, 34.7437336, 34.8826579, 35.355547, 35.6747326, 35.9532978, 36.3121184, 36.4696735, 36.8279567, 37.1200024, 37.266585, 37.8593646, 38.4612805, 39.0747509, 39.1808028, 
39.8153224, 39.7729554, 39.9631142, 40.1027999, 40.1296264, 40.5499374, 40.6694249, 40.6277297, 40.8306971, 40.8086627, 40.6681261, 40.5994253, 40.6365972, 40.5242754, 40.5847805, 40.5288435, 40.6127265, 40.4846403, 40.5156766, 40.4994195, 40.3817234, 40.5593423, 40.4937317, 40.5836608, 40.4213585, 40.2050002, 40.2048211, 39.9991217, 39.5217541, 39.236471, 38.8829798, 38.6635314, 38.4890026, 38.2156773, 37.9441434, 37.8302989, 37.7528201, 37.414959, 36.8362868, 36.6330954, 36.3861039, 36.2174869, 
36.1864058, 35.9501628, 35.8115072, 35.5255972, 34.9591066, 34.6368756, 34.5907466, 34.3782399, 34.5303759, 34.6071829, 34.8668934, 35.0895665, 35.4867682, 35.520626, 35.8721018, 35.8721018, 35.790055, 35.8531128, 35.8081483, 35.5366144, 35.3135831, 35.2619007, 35.1434433, 35.3145235, 35.2956689, 35.0974039, 35.1676274, 34.9187997, 34.5692944, 34.419532, 34.4296087, 34.2589763, 34.2992832, 34.4550021, 34.4253541, 34.5759674, 34.6218277, 34.5509772, 34.3919442, 33.9152931, 33.679274, 33.4495249, 33.2163273, 
32.5824795, 31.682875, 31.5023451, 30.7997516, 30.2198702, 30.2565495, 30.3765743, 30.4218524, 30.4218076, 31.1450471, 31.3157691, 31.438078, 31.7317359, 32.0374411, 32.273908, 32.712178, 32.7721457, 32.9798156, 32.833009, 32.9897132, 33.0418434, 32.9377621, 33.068222, 32.982234, 32.9222216, 32.7017878, 32.7171492, 32.8846018, 32.7802966, 32.8512815, 32.8536551, 33.0622207, 33.0269298, 32.8702257, 32.8717036, 32.6680196, 32.4837277, 32.5236762, 32.3797359, 32.414579, 31.3761846, 31.3095439, 31.5628502, 
31.560387, 31.6899959, 31.7676986, 31.8805578, 31.9080561, 31.9853109, 32.0302306, 32.0057778, 31.9305383, 31.9756372, 32.0871977, 32.0778375, 32.1348941, 32.1346254, 32.3318603, 32.8911405, -26.8586232, -26.1504606, -26.290241, -26.0258748, -25.5547678, -25.3429372, -25.1186183, -24.7443644, -24.5799052, -24.1149554, -23.8668267, -23.8649398, -23.3289826, -23.1761924, -22.9777192, -22.8296712, -22.5960915, -22.3257418, -22.1044022, -22.190927, -21.6526112, -21.3661483, -21.0778979, -20.943381, -20.739247, 
-20.5457642, -20.3243252, -20.1454659, -19.8898392, -19.8522003, -19.5017811, -19.1203768, -18.9536334, -18.8636824, -18.5798513, -18.2196747, -17.8449491, -17.7220268, -17.4020713, -17.1512363, -17.0120766, -16.8499016, -16.4592365, -16.3217403, -16.2416459, -16.0785026, -15.9515085, -15.5093507, -15.2795945, -15.0904316, -14.8275552, -14.4124596, -14.3797862, -14.2501852, -14.0178966, -13.5075865, -13.3501039, -12.8965501, -12.7187833, -12.5302908, -12.2046745, -11.9683638, -11.3285768, -11.0625224, 
-10.7734774, -10.5994595, -10.4813787, -10.6346157, -10.6349384, -10.8069204, -10.9816335, -11.1730556, -11.1717646, -11.2728385, -11.4168147, -11.2712495, -11.2586866, -11.3111974, -11.546813, -11.6853519, -11.584005, -11.7361496, -11.6787229, -11.7085163, -11.5740242, -11.4314383, -11.4194216, -11.5775994, -11.5735276, -11.5735773, -11.8560181, -12.1716536, -12.8800645, -13.4831063, -13.4831063, -13.6993066, -14.1706619, -14.2592226, -14.6756092, -14.8953598, -15.169955, -15.4191266, -16.0391009, 
-16.1625943, -16.2074332, -16.4750022, -16.5623463, -16.8315787, -17.1278237, -17.129512, -16.92148, -16.7461215, -16.313423, -16.2501618, -16.0443892, -15.9058999, -15.7609554, -15.6112439, -15.4753366, -15.3243093, -15.0000585, -14.6488448, -14.3948815, -14.477558, -14.6159729, -14.365262, -14.0070717, -14.2250595, -14.5107279, -14.6102376, -14.7885011, -14.9971537, -15.2182202, -15.3454874, -15.621175, -16.0062786, -15.9862674, -16.0192884, -16.1565115, -16.2077808, -16.4422047, -16.433515, -16.5985452, 
-16.7085819, -16.7070177, -16.9228456, -17.1849524, -17.5874851, -18.0150442, -18.3487792, -18.4945182, -18.7820239, -18.8422064, -19.0247154, -19.1028732, -19.3602379, -19.4843768, -19.6848611, -19.7764011, -20.0344113, -20.1057663, -20.2777732, -20.5558939, -20.6715417, -20.9091435, -21.1154375, -21.3174611, -22.3814802, -22.4219991, -23.186496, -23.4811768, -23.6255007, -23.8847027, -23.9527556, -24.1815684, -24.3052852, -25.0661323, -25.644694, -25.8402127, -25.9526825, -26.0084954, -26.4055411, 
-26.5268, -26.8400769, -26.8640605, -26.8586232))"
Myanmar,MMR,41.13055,5177.4326,53756739,Myanmar (Burma),Asia,East Asia & Pacific,South-eastern Asia,"list(list(c(98.2933277, 98.1887538, 98.2862069, 98.2933277, 11.8045784, 11.5300081, 11.524968, 11.8045784)), list(c(98.321229, 98.3382923, 98.4812473, 98.321229, 12.6733023, 12.3111892, 12.5758036, 12.6733023)), list(c(93.6220308, 93.5220698, 93.6628751, 93.7429514, 93.6220308, 18.9050242, 18.7932992, 18.6700044, 18.8799481, 18.9050242)), list(c(93.6827598, 93.7356962, 93.8889966, 93.9698791, 93.9698791, 93.9144347, 93.8535714, 93.8235652, 93.6827598, 19.5664609, 19.335215, 19.2910464, 19.3593724, 
19.4302309, 19.4481317, 19.4872851, 19.4781237, 19.5664609)), list(c(97.3454894, 97.3791233, 97.2474542, 96.9030096, 96.9030544, 97.1635711, 96.8567911, 96.7967339, 96.6056345, 96.0223046, 95.8022739, 95.7230485, 95.5431904, 95.4305999, 95.1491236, 95.1180873, 95.0088557, 95.0496104, 94.8054852, 94.6826836, 94.5758256, 94.7409494, 94.7135407, 94.5418783, 94.2599094, 94.1565894, 94.0192774, 93.7995602, 93.6167462, 93.5003489, 93.4361266, 93.3655448, 93.2943808, 93.1264803, 93.0908759, 93.1993014, 
93.0428212, 92.9154963, 92.7273528, 92.6066113, 92.6246599, 92.4750766, 92.3812512, 92.1974071, 92.171969, 92.2650778, 92.3804003, 92.5154283, 92.8941336, 93.0812023, 93.3650074, 93.6337198, 93.7208274, 93.773719, 93.8891758, 93.92169, 93.9912417, 93.9770447, 93.9704165, 93.9108519, 93.7850049, 93.5500159, 93.4720445, 93.6816402, 93.9158231, 94.1641582, 94.251221, 94.387503, 94.4804327, 94.4828959, 94.5846035, 94.5654354, 94.3729029, 94.3470618, 94.2270817, 94.2012853, 94.5495366, 94.7375009, 94.9358555, 
95.0362644, 95.455814, 95.6912061, 95.7354093, 96.287479, 96.3866339, 96.6729022, 96.871212, 96.905428, 97.1670196, 97.3537747, 97.5750146, 97.6429093, 97.5587575, 97.6904266, 97.7378991, 97.7204328, 97.8028828, 97.835397, 97.969574, 98.1020493, 98.0553381, 98.1762139, 98.3474733, 98.4953995, 98.5529039, 98.669973, 98.5437229, 98.7166842, 98.6275164, 98.7370167, 98.7403756, 98.701905, 98.4626166, 98.5451561, 98.4874277, 98.5444843, 98.7477652, 98.8082703, 98.7796077, 99.0115065, 99.2233862, 99.3937499, 
99.5654572, 99.5878947, 99.4010052, 99.4130524, 99.2325225, 99.1273215, 99.2103089, 99.1048841, 98.9681542, 98.5971519, 98.4942351, 98.2457656, 98.1913066, 98.3059572, 98.5802678, 98.548291, 98.6251428, 98.8051353, 98.9316989, 98.6525067, 98.4642736, 98.533064, 98.3150487, 98.0569504, 97.9226837, 97.6717959, 97.7353464, 97.6771253, 97.4439725, 97.7670992, 97.7357942, 97.8359344, 97.8033306, 97.8633431, 98.0259141, 98.0836873, 98.3231996, 98.6085274, 98.8297673, 98.9851727, 99.076938, 99.4000647, 
99.6816305, 99.9646295, 100.0846544, 100.2240713, 100.3662202, 100.5170575, 100.5472876, 100.6386498, 100.7345802, 100.9961269, 101.1441427, 101.1527863, 100.8901199, 100.722309, 100.5720539, 100.4309351, 100.2468223, 100.1260361, 100.1186017, 99.9438938, 99.9922173, 99.6421298, 99.2753373, 99.1784217, 99.3803143, 99.3398283, 99.4008708, 99.5605756, 99.5221945, 99.2491826, 98.911232, 98.9387302, 98.7891917, 98.6784822, 98.8636251, 98.5429168, 98.2224772, 97.8969769, 97.6713032, 97.5274525, 97.7283598, 
97.6609578, 97.5308114, 97.589346, 97.7071316, 97.7207015, 97.8397412, 97.9449421, 98.1363549, 98.204787, 98.4092771, 98.5315861, 98.7033381, 98.5731469, 98.7338818, 98.7822052, 98.6916939, 98.7410474, 98.6985013, 98.5643242, 98.2228803, 98.159285, 97.9089346, 97.7971054, 97.6636449, 97.5018801, 97.3454894, 28.2154646, 27.892058, 27.9000774, 27.6139621, 27.4536492, 27.1421847, 27.1924858, 27.3458222, 27.3658333, 27.1796747, 27.0150665, 26.8814683, 26.8354376, 26.7000269, 26.6160097, 26.1005851, 25.8669061, 
25.792671, 25.4917832, 25.4645968, 25.214457, 25.1265667, 24.9361625, 24.7043703, 24.1654587, 23.8479114, 23.9255479, 23.9327231, 24.0070823, 23.9446404, 23.6855626, 23.1217735, 23.0070443, 23.0440129, 22.7041951, 22.256029, 22.2001168, 21.97982, 22.1488475, 21.9746061, 21.4773058, 21.3544828, 21.4796148, 21.3288605, 21.1809615, 21.0628557, 20.7032999, 20.6057764, 20.1154527, 20.1116292, 20.0195182, 19.8249677, 19.6178792, 19.5891287, 19.4936907, 19.4529235, 19.4383248, 19.4191081, 19.3499379, 19.2762491, 
19.2287287, 19.4353703, 19.3591738, 19.0037394, 18.8753798, 18.8029075, 18.5191757, 18.3662118, 18.0758261, 17.7857881, 17.6224958, 17.3141597, 16.881635, 16.5782892, 16.3324694, 16.0366217, 15.9483093, 15.7929122, 15.7395822, 15.8024709, 15.7345669, 15.9925027, 16.1250085, 16.3862464, 16.4929065, 16.5941542, 16.9158228, 17.2549702, 17.0450017, 16.504948, 16.5362558, 16.2733297, 16.0808151, 15.8924716, 15.4916272, 15.3291294, 15.0991497, 14.7208241, 14.3625096, 14.1116001, 14.0207801, 13.7799755, 
13.6270613, 13.2516653, 13.2282775, 12.6929162, 12.2091222, 11.9753687, 11.7970556, 11.6649967, 11.1883531, 10.9278849, 10.7046335, 10.3617619, 10.1992393, 9.9748459, 10.3614144, 10.4679255, 10.678614, 10.8567036, 11.1069428, 11.4612103, 11.6266626, 11.8724576, 12.4599076, 12.6150812, 12.7399897, 13.1031704, 13.41101, 13.8950523, 14.0822785, 14.3276514, 14.5348392, 14.8315559, 15.1523556, 15.3135127, 15.375607, 15.6852342, 16.0424065, 16.1046746, 16.3298625, 16.4507489, 16.7519099, 16.9002062, 17.0729578, 
17.4386461, 17.5403407, 17.8827405, 17.9581425, 18.1574102, 18.4950183, 18.5776451, 19.0406831, 19.0932435, 19.4048321, 19.5770127, 19.637369, 19.8101207, 19.6988426, 19.7091461, 19.7958447, 19.7390388, 20.1011271, 20.0860814, 20.3162846, 20.4631905, 20.3522848, 20.7133552, 20.8280098, 20.8153725, 21.0251424, 21.0626075, 21.3155777, 21.3881989, 21.5639051, 21.6699197, 21.6840219, 21.5122633, 21.4509387, 21.5414608, 21.4663567, 21.5112702, 21.7060441, 21.8238519, 21.9894283, 22.1058209, 22.1016499, 
22.1915512, 22.5062185, 22.7071496, 22.8293023, 22.9091732, 23.0771331, 23.0799635, 23.1890567, 23.3139653, 23.7837813, 23.9130347, 24.066942, 24.1311218, 24.1169204, 24.015052, 23.8640495, 23.9365962, 24.1186086, 24.3387814, 24.4386387, 24.7697667, 24.8384403, 25.0842105, 25.2727029, 25.2185039, 25.3861907, 25.6202173, 25.6110559, 25.8464232, 25.8533501, 26.1219618, 26.354747, 26.6059048, 27.2000335, 27.3321172, 27.548814, 27.6404037, 27.7140677, 28.1060983, 28.3683044, 28.3296476, 28.5383747, 28.4949509, 
28.2154646)))"
Namibia,NAM,45.31439,7979.328,2889626,Namibia,Africa,Sub-Saharan Africa,Sub-Saharan Africa,"list(c(11.7507274, 11.7375157, 11.8094859, 11.9386022, 12.0352939, 12.3283248, 12.569539, 12.7038504, 13.0344563, 13.1965794, 13.2506802, 13.4153561, 13.5775241, 13.8077211, 14.0494727, 14.3893939, 14.5109863, 14.540276, 14.4236548, 14.4997899, 14.4433603, 14.5038654, 14.5152857, 14.4747549, 14.6095142, 14.5973773, 14.7440048, 14.8774205, 14.8022258, 14.8827499, 14.8288283, 14.9098451, 14.9789938, 14.9505998, 15.1253525, 15.1672716, 15.0910469, 15.228135, 15.2948205, 15.5309739, 15.7125339, 16.4544937, 
16.8019837, 16.7525854, 16.9001981, 17.0832808, 17.3433945, 17.4126327, 17.4300542, 17.5986265, 17.9245747, 18.1871067, 18.7394451, 18.9332763, 19.1179714, 19.2455202, 19.2950976, 19.4913473, 19.5503744, 19.9992138, 19.9992586, 19.9993481, 19.9993033, 19.9991242, 19.9991242, 19.999169, 20.9987344, 20.9987344, 20.9987792, 20.9987792, 21.4529928, 23.0983638, 23.2969423, 23.4202813, 23.5204662, 23.6095444, 23.7861781, 23.9319993, 24.1946209, 24.4258928, 24.5054764, 24.8223332, 25.2617676, 25.0447375, 
24.7279256, 24.5541582, 24.2497966, 23.4342096, 22.214076, 21.4234344, 21.2077479, 20.8012308, 20.5406693, 20.3242662, 19.7592088, 19.5703935, 18.9038523, 18.5646029, 18.4215135, 17.3974057, 15.5777746, 14.2161192, 13.9548859, 13.8688532, 13.514735, 13.3515369, 12.9834009, 12.6114133, 12.2354399, 12.0777504, 11.7507274, -17.2518384, -17.5822961, -17.9971931, -18.2264527, -18.50219, -18.7432429, -19.0833586, -19.3797525, -19.9863447, -20.2132706, -20.4596614, -20.8752287, -21.1374597, -21.4223832, 
-21.8531948, -22.2763842, -22.5614319, -22.8944469, -23.0928953, -23.3159728, -23.4499435, -23.6014177, -23.90238, -24.1295294, -24.4426076, -24.5569643, -24.7225656, -25.0819973, -25.2998362, -25.542056, -25.7501872, -25.8509631, -26.1112575, -26.3119653, -26.4465566, -26.6304311, -26.7347078, -26.9260803, -27.3210405, -27.6533355, -27.9978953, -28.6337098, -28.3722733, -28.2938424, -28.0739676, -28.0345659, -28.237682, -28.3766182, -28.7229408, -28.695233, -28.7703371, -28.9175409, -28.8348396, 
-28.8605364, -28.9703, -28.9027684, -28.7349078, -28.6805847, -28.5439078, -28.4284834, -27.2475255, -26.3090108, -24.7623397, -23.8217891, -22.7225393, -21.9999269, -22.000349, -21.0517542, -19.8519768, -18.3173224, -18.3173472, -18.0008179, -18.0007931, -18.2135671, -18.2684365, -18.50075, -18.3850277, -18.2041326, -18.0235105, -17.9530741, -18.0604791, -17.8514292, -17.790477, -17.5884534, -17.5003396, -17.5359178, -17.4743946, -17.6378607, -17.8763066, -18.0267133, -17.9293636, -18.0370168, -17.9826192, 
-17.8621796, -17.9104696, -17.8729797, -17.8196248, -17.5825692, -17.3897319, -17.3897319, -17.3906257, -17.391594, -17.4328577, -17.3429812, -17.137432, -16.9743384, -16.9823081, -17.2094574, -17.2362714, -17.14277, -17.2518384))"
Nauru,NRU,NA,NA,11783,Nauru,Oceania,East Asia & Pacific,Micronesia,"list(c(166.945144, 166.905285, 166.9298722, 166.945144, -0.4955482, -0.5308285, -0.5462714, -0.4955482))"
Nepal,NPL,24.01217,3013.5178,29715383,Nepal,Asia,South Asia,Southern Asia,"list(c(81.0345553, 81.03254, 80.916904, 80.8787469, 80.5484545, 80.4078731, 80.4164271, 80.2459739, 80.297298, 80.1448484, 80.0584574, 80.3764786, 80.5397214, 81.0797886, 81.2106067, 81.3208684, 81.8999885, 82.0621564, 82.4731521, 82.7068423, 82.7364007, 83.1657136, 83.3436908, 83.3924173, 83.8331505, 84.051972, 84.6223589, 84.6889996, 84.6433185, 84.962504, 85.05727, 85.3339542, 85.4591294, 85.6061151, 85.7343357, 85.8511361, 86.0284415, 86.217212, 86.3435068, 86.7363196, 87.0151535, 87.3132004, 
87.465829, 87.6516885, 87.7927625, 88.0312448, 88.1878593, 88.0077324, 88.0437399, 88.2005336, 88.1356396, 87.8657627, 87.7233003, 87.5862122, 87.1157863, 87.0389794, 86.6346567, 86.4105953, 86.2266169, 86.0646729, 85.897892, 85.6535428, 85.3773065, 85.107967, 85.1886703, 85.0584344, 84.8569448, 84.6262104, 84.2203203, 84.24961, 84.085561, 83.8125492, 83.6332732, 83.4381432, 83.413153, 83.2180229, 82.8263298, 82.5629468, 82.3340038, 82.0558865, 81.7509874, 81.5331512, 81.2718284, 81.0910297, 81.0345553, 
30.1971928, 30.1967707, 30.2260427, 30.1320696, 29.8501998, 29.7946601, 29.6505845, 29.4468726, 29.2066142, 29.104299, 28.9165762, 28.6286733, 28.6906682, 28.3850383, 28.3607816, 28.1974893, 27.8536246, 27.9216527, 27.6764536, 27.7117091, 27.5023861, 27.4575223, 27.3356924, 27.4782783, 27.4257179, 27.4428988, 27.3365366, 27.2206405, 27.0461757, 26.9605199, 26.849217, 26.7415886, 26.7845158, 26.8567398, 26.7959118, 26.6086607, 26.6665342, 26.5886495, 26.6167794, 26.4237682, 26.5321663, 26.3677071, 
26.4404029, 26.3936522, 26.4688555, 26.3885376, 26.7714564, 27.1446427, 27.4783528, 27.8369404, 27.8815807, 27.910952, 27.8056077, 27.8530039, 27.8404907, 27.9505523, 28.0708677, 27.9067064, 27.9810656, 27.8998788, 28.1092018, 28.3165882, 28.2788003, 28.3459594, 28.5448796, 28.6825992, 28.5707749, 28.7366493, 28.9158065, 29.0361964, 29.2946784, 29.3015805, 29.1586222, 29.3094261, 29.4219455, 29.6056462, 29.6900358, 29.9553455, 30.0470344, 30.3335718, 30.3888881, 30.371881, 30.045371, 30.0543834, 
30.1971928))"
Netherlands,NLD,85.999176,49669.867,17904367,Netherlands,Europe,Europe & Central Asia,Western Europe,"list(list(c(4.2384683, 3.8481188, 3.5065405, 3.3639885, 3.8858729, 4.2384683, 51.3502337, 51.3362308, 51.4087279, 51.3712132, 51.1992808, 51.3502337)), list(c(7.2104726, 6.8975122, 6.8791502, 5.882451, 5.4408221, 5.3641047, 5.399933, 5.5941226, 5.5649225, 5.1191286, 5.0241387, 5.2408553, 5.0424112, 4.7174035, 4.5474429, 4.3074827, 4.0907661, 4.0715979, 4.4158186, 3.9915216, 3.56821, 3.5731812, 3.8131861, 3.9748167, 4.2419168, 4.5379036, 5.0711186, 5.2410792, 5.8551319, 5.7261052, 5.7774292, 6.021017, 
6.0887326, 5.8802565, 6.0922706, 6.072565, 6.2225962, 5.9451058, 6.274592, 6.4082764, 6.6817809, 6.9807235, 7.0110432, 6.6985754, 6.7417486, 7.055739, 7.0871784, 7.2119953, 7.2104726, 53.2388577, 53.35746, 53.441651, 53.3866575, 53.217481, 53.0658329, 52.8545238, 52.76497, 52.598748, 52.3816291, 52.5941549, 52.6566216, 52.9374485, 52.9500114, 52.4091631, 52.1299748, 51.9841116, 51.8395643, 51.6974501, 51.5936949, 51.5953583, 51.4387199, 51.3854147, 51.4595504, 51.3752104, 51.4821933, 51.3935085, 
51.3054444, 51.1444859, 50.911949, 50.7829439, 50.7542926, 50.9202911, 51.0165484, 51.1342817, 51.2427046, 51.4775009, 51.8237987, 51.8751425, 51.8280194, 51.9173994, 52.2214651, 52.4285784, 52.485881, 52.6443318, 52.6427925, 52.8501292, 53.0107898, 53.2388577)))"
Netherlands Antilles,ANT,94.8788,NA,NA,NA,NA,NA,NA,list()
New Caledonia,NCL,61.48302,NA,287095,NA,NA,NA,NA,list()
New Zealand,NZL,88.6741,38250.12,5131680,New Zealand,Oceania,East Asia & Pacific,Australia and New Zealand,"list(list(c(167.8699626, 167.7003603, 167.7712108, 167.5628691, 167.6483196, 167.9533082, 168.1358535, 168.1263142, 167.8699626, -46.6820871, -46.7916769, -46.9125633, -47.0975302, -47.2662846, -47.1304519, -47.1246173, -46.8616912, -46.6820871)), list(c(-176.6283308, -176.5453882, -176.6854322, -176.6133724, -176.3950436, -176.445875, -176.6283308, -43.6929471, -43.8907997, -44.0099978, -44.1263159, -44.0537692, -43.7479406, -43.6929471)), list(c(172.6941569, 172.2187598, 172.0987349, 172.109573, 
171.8391587, 171.6795435, 171.4620208, 171.4595128, 171.3062124, 171.154569, 170.813349, 170.2675045, 170.0111976, 169.8391769, 169.5887369, 169.2058217, 168.8257727, 168.3758585, 168.2508177, 167.8629313, 167.7532966, 167.2778995, 166.844959, 166.6837316, 166.7333538, 166.4358443, 166.4521014, 166.7262777, 166.6557855, 167.3141309, 167.5191137, 167.7366812, 168.1900439, 168.3775156, 168.7946021, 168.8504047, 169.5837657, 169.7895546, 170.1886822, 170.3433262, 170.6532859, 170.8670915, 170.9070848, 
171.1220996, 171.15748, 171.3383235, 171.9933548, 172.3924824, 172.7125189, 172.9316539, 173.1054212, 173.0274498, 172.7245662, 172.7238048, 172.8883464, 173.2466744, 173.5104604, 173.6879002, 173.9429531, 174.0220441, 174.2787989, 174.0441681, 174.1270659, 174.2779479, 174.1091517, 173.9665998, 173.8120901, 173.594657, 173.1629257, 173.0108345, 173.0695929, 172.8453972, 172.6971127, 172.6941569, -40.4987545, -40.7791594, -40.921646, -41.2708735, -41.644606, -41.7375364, -41.7525075, -41.8850382, 
-42.2675101, -42.5308583, -42.875443, -43.1096185, -43.3399955, -43.3979435, -43.6025244, -43.7229391, -43.9662761, -44.0088061, -44.1587162, -44.4500453, -44.5837677, -44.8775547, -45.2787964, -45.5175403, -45.7320771, -45.8429083, -45.9999936, -46.0591334, -46.2037552, -46.250481, -46.157079, -46.3662778, -46.3829124, -46.595463, -46.5691952, -46.6608842, -46.5725221, -46.370002, -46.1374898, -45.9420704, -45.758767, -45.3717019, -45.1758605, -44.9850342, -44.6262728, -44.2937296, -43.9745934, 
-43.856289, -43.8295744, -43.9045791, -43.8358558, -43.6520806, -43.5425653, -43.2883537, -43.1012516, -42.9537994, -42.5091588, -42.4108408, -42.1666845, -41.9924928, -41.7416578, -41.492089, -41.2066937, -41.063363, -40.9954094, -41.1362573, -40.9691912, -41.0516691, -41.3183691, -41.1462877, -40.8766581, -40.8341778, -40.728337, -40.4987545)), list(c(173.0175523, 172.6632997, 172.827483, 173.1745699, 173.0562469, 173.9503875, 174.0487362, 174.2583319, 174.4112741, 174.2745442, 174.4187532, 174.5033081, 
174.7037676, 174.8587698, 174.6775233, 174.7087387, 174.8396017, 174.7862623, 174.6945866, 174.5849967, 174.40169, 174.1799575, 173.7929668, 173.7945343, 173.9283083, 174.3525156, 174.5592003, 174.8982706, 175.1546222, 175.2299513, 175.1832849, 174.9462357, 174.6553993, 175.21665, 175.2329071, 175.4349789, 175.8116241, 176.0695881, 176.3150121, 176.6253749, 176.6762064, 176.8712468, 177.0194865, 176.8737548, 177.0429093, 177.2966634, 177.724991, 177.8683491, 177.9387069, 178.2937656, 178.317905, 
178.4112825, 178.552894, 178.3158001, 178.058284, 177.7296039, 177.5495666, 177.4183005, 177.1716225, 176.6233148, 176.1837013, 175.9562362, 175.8549764, 175.7216055, 175.4053757, 175.5487786, 175.345005, 175.2904116, 175.1891966, 174.7882776, 174.7037676, 174.739148, 174.4971277, 174.466181, 174.5625144, 174.5388229, 174.3654586, 174.282113, 174.0025177, 173.8991082, 173.2124584, 172.9895614, 173.0175523, -34.3962861, -34.4871061, -34.6104504, -35.0525338, -35.1891611, -36.1883549, -36.3983978, 
-36.3837495, -36.489193, -36.6083415, -36.809223, -37.0521132, -36.9291908, -37.0491835, -37.1462849, -37.382546, -37.7966981, -38.0375027, -38.1408607, -38.8204466, -38.984583, -38.9971211, -39.1958426, -39.4166608, -39.5221292, -39.6604695, -39.8196156, -39.8879168, -40.0966687, -40.2896054, -40.5988105, -40.9950369, -41.3391747, -41.4321051, -41.5974829, -41.5696261, -41.3629101, -41.1274931, -40.71709, -40.4917035, -40.272499, -40.1333642, -39.7291928, -39.455839, -39.2033157, -39.0937756, -39.057105, 
-39.1012736, -38.7166913, -38.5249713, -38.1391973, -37.8666628, -37.6925208, -37.5570853, -37.5420893, -37.6808269, -37.9083486, -37.9804237, -37.9887658, -37.8387564, -37.6441563, -37.6083298, -36.9246225, -36.7254541, -36.8574882, -37.1541553, -37.2095709, -36.9999997, -36.932915, -36.8329087, -36.595009, -36.254645, -36.0216612, -35.895834, -35.7187623, -35.5858592, -35.4383574, -35.2267007, -35.2104136, -35.0154411, -34.8779201, -34.5316967, -34.3962861)))"
Nicaragua,NIC,64.02124,5092.8413,6730618,Nicaragua,Americas,Latin America & Caribbean,Latin America and the Caribbean,"list(c(-83.6977194, -83.8166247, -83.8688892, -83.6563377, -83.7053777, -83.513741, -83.5719172, -83.4849887, -83.4145861, -83.1994818, -83.3169987, -83.1512031, -83.5010667, -83.7009887, -84.4688793, -84.6948217, -84.816638, -85.0166048, -85.0218447, -85.1823556, -85.1588433, -85.3202051, -85.4055213, -85.7534143, -86.0421458, -86.0760931, -86.4163726, -86.769416, -86.7035815, -86.9158195, -86.9156851, -87.0649101, -87.3109611, -87.3880816, -87.5821815, -87.6918162, -87.5016574, -87.1213845, -86.7821798, 
-86.5210809, -85.9504253, -85.780599, -85.6927749, -85.6098323, -85.4238833, -84.9113143, -84.6808486, -84.2256946, -84.2227835, -83.861634, -83.670042, -83.6977194, 10.9384863, 11.080526, 11.3929588, 11.627755, 11.8553264, 12.912071, 13.2610005, 13.8111344, 14.0010669, 14.321221, 14.8704859, 14.9960648, 15.010887, 14.8416857, 14.616175, 14.6659299, 14.8290483, 14.7123826, 14.6083542, 14.4711808, 14.2875794, 14.2548067, 14.1221271, 13.9676735, 13.9960517, 14.0696412, 13.7576802, 13.7546512, 13.3137099, 
13.2609261, 13.0990241, 13.0023448, 12.9875226, 12.9380905, 13.0635949, 12.9058889, 12.7784479, 12.4252728, 12.2014256, 11.7783851, 11.3238631, 11.1053538, 11.0794336, 11.2196857, 11.128965, 10.9450409, 11.0846226, 10.8741079, 10.8011639, 10.7176681, 10.7976384, 10.9384863))"
Niger,NER,22.011486,1007.72095,25311922,Niger,Africa,Sub-Saharan Africa,Sub-Saharan Africa,"list(c(4.2666832, 4.2666832, 4.2666832, 4.1969523, 4.1998633, 4.0971256, 3.9860578, 3.9775038, 3.8562249, 3.7224509, 3.536905, 3.4931496, 3.0315017, 3.019947, 2.6363601, 1.3115182, 0.9999909, 0.6876575, 0.5146515, 0.2443716, 0.1621903, 0.3814597, 0.6447083, 1.0034394, 0.9923774, 1.8690517, 1.9793134, 2.1633814, 2.2650443, 2.068929, 2.4041029, 2.4516203, 2.4019532, 2.6622908, 2.8388797, 3.2193317, 3.3213976, 3.4754594, 3.5959769, 3.6666931, 3.6534366, 3.9418098, 4.1034404, 4.1415975, 4.2346616, 4.4657543, 
4.8397124, 5.2810726, 5.5298107, 6.1555524, 6.4279372, 6.6966945, 6.9420737, 7.1215736, 7.2216242, 7.4393708, 7.8158369, 8.0692328, 8.4162301, 8.6458896, 8.9779286, 9.6587116, 10.0112623, 10.2040187, 10.4652519, 10.6561273, 11.459264, 11.8830235, 12.0384289, 12.4688614, 12.5849004, 13.0218716, 13.2047752, 13.3626885, 13.6333715, 13.4699943, 13.6954441, 13.8132297, 13.790837, 13.9702025, 14.3899761, 14.6460143, 14.998565, 15.5325414, 15.5680562, 15.5919716, 15.7556623, 15.9990262, 15.6245306, 15.4252356, 
15.4862333, 15.2818775, 15.1978153, 15.1990245, 14.9986098, 14.1896062, 13.6987582, 13.5260209, 11.9984803, 11.0671678, 9.7425051, 8.5755766, 7.4593899, 6.7169822, 5.8130336, 4.2666832, 19.1455556, 17.9843854, 17.0017518, 16.81028, 16.3950602, 16.3232087, 16.0808399, 15.9350761, 15.6863266, 15.6590657, 15.4851719, 15.3578799, 15.4285646, 15.3381915, 15.3468068, 15.2781331, 15.0000124, 14.944274, 14.9974055, 14.914009, 14.5342185, 14.0522866, 13.6812603, 13.5684925, 13.1033442, 12.6053487, 12.7356945, 
12.6903838, 12.4210273, 12.3483315, 11.9002647, 12.0188173, 12.2577598, 12.3059754, 12.4066768, 12.062837, 11.8816687, 11.864612, 11.701419, 12.2588771, 12.522697, 12.746718, 12.9876716, 13.4780698, 13.4779456, 13.6814093, 13.7680334, 13.7556691, 13.8856425, 13.6447386, 13.6003714, 13.3392825, 13.0035365, 13.0204691, 13.1290658, 13.1148394, 13.3422619, 13.3137844, 13.0571893, 12.9435278, 12.8335904, 12.807695, 13.182371, 13.270733, 13.287467, 13.3606841, 13.3806208, 13.2559109, 13.1409831, 13.0674432, 
13.2825262, 13.5366385, 13.5271791, 13.7080495, 13.7081488, 14.4163859, 14.5585497, 14.7347773, 14.8747811, 15.1627088, 15.7403518, 15.9987841, 16.2790401, 16.7488064, 17.9377589, 18.7948385, 19.9450845, 20.3614959, 20.5378973, 20.7974965, 20.9913518, 21.4509635, 21.4983349, 21.999707, 22.9993974, 22.6445092, 23.0608461, 23.1561599, 23.5149958, 22.9855435, 22.2157583, 21.5214992, 20.843403, 20.2170728, 19.4432407, 19.1455556))"
Nigeria,NGA,57.292385,5070.4927,223150851,Nigeria,Africa,Sub-Saharan Africa,Sub-Saharan Africa,"list(list(c(5.290164, 5.1021549, 5.1183672, 5.2900297, 5.3338298, 5.290164, 5.8937307, 5.8081742, 5.6542917, 5.6189866, 5.8450435, 5.8937307)), list(c(14.0833305, 13.6333715, 13.3626885, 13.2047752, 13.0218716, 12.5849004, 12.4688614, 12.0384289, 11.8830235, 11.459264, 10.6561273, 10.4652519, 10.2040187, 10.0112623, 9.6587116, 8.9779286, 8.6458896, 8.4162301, 8.0692328, 7.8158369, 7.4393708, 7.2216242, 7.1215736, 6.9420737, 6.6966945, 6.4279372, 6.1555524, 5.5298107, 5.2810726, 4.8397124, 4.4657543, 
4.2346616, 4.1415975, 4.1034404, 3.9418098, 3.6534366, 3.6666931, 3.5959769, 3.5005392, 3.6957588, 3.8361611, 3.779194, 3.6727839, 3.5638658, 3.6558998, 3.5984401, 3.361794, 3.35951, 3.1328958, 3.1601254, 3.0919172, 2.7898844, 2.7317977, 2.768477, 2.6961038, 2.733007, 2.679354, 2.7324695, 2.7422775, 2.7067179, 3.2569514, 3.4833416, 3.775029, 3.7060147, 3.9467362, 4.3349361, 4.5369183, 4.8219326, 5.0439339, 5.28788, 5.3345016, 5.3100487, 5.4185638, 5.3224543, 5.3517887, 5.5329457, 5.6652418, 5.8651638, 
6.0877921, 6.3537726, 6.444687, 6.9944726, 7.1754056, 7.4090063, 8.015759, 8.2804407, 8.3133132, 8.5093389, 8.5920128, 8.8201049, 8.8334061, 8.921499, 8.8537835, 9.2660779, 9.34808, 9.5954298, 9.7061393, 9.7742579, 9.8614999, 10.1505449, 10.2155285, 10.5295638, 10.5956223, 10.7666577, 10.9161962, 11.0962783, 11.0972188, 11.3157716, 11.5177537, 11.631016, 11.8806499, 11.8467921, 12.010438, 11.9963306, 12.1884152, 12.2497712, 12.2438147, 12.594798, 12.7839715, 12.900951, 12.9080719, 13.0350833, 13.2081789, 
13.3089908, 13.503673, 13.5788229, 13.9341503, 13.9758007, 14.1925621, 14.6160081, 14.6175756, 14.482458, 14.2312567, 14.0833305, 13.083333, 13.7081488, 13.7080495, 13.5271791, 13.5366385, 13.2825262, 13.0674432, 13.1409831, 13.2559109, 13.3806208, 13.3606841, 13.287467, 13.270733, 13.182371, 12.807695, 12.8335904, 12.9435278, 13.0571893, 13.3137844, 13.3422619, 13.1148394, 13.1290658, 13.0204691, 13.0035365, 13.3392825, 13.6003714, 13.6447386, 13.8856425, 13.7556691, 13.7680334, 13.6814093, 13.4779456, 
13.4780698, 12.9876716, 12.746718, 12.522697, 12.2588771, 11.701419, 11.2972973, 11.1288905, 10.6876265, 10.4146699, 10.4566785, 10.2913752, 10.1698184, 9.9557782, 9.8315152, 9.7054397, 9.4409494, 9.2841372, 9.1119069, 9.0711894, 8.7700285, 8.5249783, 8.3559508, 8.1475465, 7.8869045, 7.7825037, 7.2820751, 6.3750668, 6.4044381, 6.5387811, 6.5962574, 6.4271803, 6.43371, 6.3742723, 6.2960648, 6.0604741, 5.7837189, 5.9159516, 5.8465828, 5.649773, 5.4291037, 5.3647253, 5.168859, 4.7550048, 4.560504, 4.3878269, 
4.2705901, 4.3763068, 4.3158263, 4.3704474, 4.5251493, 4.4343541, 4.5425287, 4.5401701, 4.7563455, 4.6943009, 4.8039652, 5.1881998, 5.4291534, 5.5641668, 5.8281357, 6.1840667, 6.3532432, 6.5286018, 6.5121409, 6.784452, 6.7765071, 7.0383656, 6.8893493, 6.9253248, 7.0766501, 6.955565, 6.7093231, 6.6796291, 6.5204582, 6.5063809, 6.6132396, 6.9894301, 7.108082, 7.2573963, 7.5142893, 7.6670049, 7.9368828, 8.1731936, 8.3865635, 8.5964575, 8.7453745, 9.1142407, 9.3542757, 9.5067927, 9.5559269, 10.1051421, 
10.2174877, 10.6831078, 11.2062787, 11.3108533, 11.2429493, 11.5164521, 12.1861813, 12.3526019, 12.3622351, 13.083333)))"
Niue,NIU,NA,NA,1812,NA,NA,NA,NA,list()
North Korea,PRK,66.9537,1568.847,26328793,North Korea,Asia,East Asia & Pacific,Eastern Asia,"list(c(124.360628, 124.4124895, 124.5587586, 124.6866658, 124.807452, 125.2266882, 125.3974549, 125.1370278, 125.2466625, 124.8553724, 124.8858712, 125.1103805, 125.4683502, 125.6941582, 125.913338, 126.3887351, 126.5982412, 126.6903648, 126.9646754, 127.1104967, 127.3828367, 128.0843105, 128.2820381, 128.3604125, 128.3450511, 128.0032937, 127.7541525, 127.4524332, 127.5462587, 127.4920683, 127.5595599, 127.7824569, 128.0091158, 128.1554297, 128.4449674, 128.8108194, 129.0982969, 129.2087377, 129.6050437, 
129.7646141, 129.7120361, 129.7641663, 129.6487543, 129.7629123, 130.0745739, 130.1987638, 130.4004325, 130.6990616, 130.6394074, 130.234413, 130.2598959, 129.8792648, 129.7602252, 129.7427589, 129.5558694, 129.4372328, 129.2249052, 129.2052892, 128.9295903, 128.0904909, 128.1509064, 128.3113277, 128.1088529, 127.8479331, 127.345217, 127.1482508, 126.9324747, 126.5903142, 126.5032961, 126.0472464, 125.7076386, 125.4426434, 125.2015636, 125.0347827, 124.7529034, 124.335996, 124.360628, 39.9908811, 
39.829575, 39.8041266, 39.6228838, 39.719588, 39.5778959, 39.3829234, 38.8141687, 38.7145597, 38.3391389, 38.1245772, 38.0466677, 37.7253714, 37.895392, 37.8379157, 37.8861065, 37.7739594, 37.8428813, 38.1898246, 38.2956903, 38.3360354, 38.3165456, 38.4371838, 38.6182775, 38.6895581, 38.8612173, 39.1312194, 39.1562209, 39.3791495, 39.6666303, 39.7958093, 39.8561904, 40.0595795, 40.0233062, 40.1045178, 40.3545832, 40.4912104, 40.6933085, 40.8437152, 40.945807, 41.1300042, 41.3870462, 41.5524985, 41.7558131, 
42.0791701, 42.1149469, 42.3258092, 42.2928379, 42.4168278, 42.7367834, 42.9049915, 42.9918391, 42.7083556, 42.4656392, 42.3777489, 42.4418046, 42.3522259, 42.2060648, 42.0152634, 42.0219421, 41.7261191, 41.587605, 41.3607288, 41.4184782, 41.4604619, 41.5860905, 41.8086466, 41.6172493, 41.4358328, 40.9445656, 40.8674505, 40.6662214, 40.6074541, 40.4877594, 40.3824399, 40.0632044, 39.9908811))"
North Macedonia,MKD,66.49091,14050.995,1840196,North Macedonia,Europe,Europe & Central Asia,Southern Europe,"list(c(20.9806859, 21.4172093, 21.5932607, 22.0674486, 22.3356236, 22.7473358, 22.7649365, 22.927194, 22.9496763, 23.034052, 22.8671368, 22.5278425, 22.3598077, 21.8516277, 21.586946, 21.4756094, 20.7908406, 20.7765093, 20.5942774, 20.5151864, 20.6697409, 20.7316791, 20.9806859, 40.8539442, 40.9177516, 40.8660105, 41.1567686, 41.1283408, 41.1628514, 41.3231643, 41.3384831, 41.5986037, 41.7094349, 42.0222152, 42.1399236, 42.3117318, 42.3256106, 42.2628211, 42.2792323, 42.0831425, 41.9184847, 41.8773203, 
41.2324685, 41.0872756, 40.9116936, 40.8539442))"
Northern Mariana Islands,MNP,NA,NA,46050,NA,NA,NA,NA,list()
Norway,NOR,83.7012,88366.22,5456753,Norway,Europe,Europe & Central Asia,Northern Europe,"list(list(c(5.6657792, 5.5824336, 5.3424286, 5.7124904, 5.6957854, 5.7207309, 5.7157597, 5.729061, 5.7374359, 5.7291506, 5.6916204, 5.6657792, 60.6974938, 60.6199566, 60.5299808, 60.484968, 60.5333573, 60.6016337, 60.6208504, 60.6450078, 60.6766632, 60.6874882, 60.69876, 60.6974938)), list(c(8.8616209, 8.2541069, 8.5383151, 9.191555, 8.8616209, 63.6612597, 63.5058627, 63.4278787, 63.5554189, 63.6612597)), list(c(13.9832351, 13.66499, 13.7299736, 14.1741553, 13.9832351, 68.3479244, 68.3120482, 68.0879031, 
68.2616727, 68.3479244)), list(c(15.1940981, 14.6117087, 14.7982399, 15.1940981, 68.4658315, 68.4362367, 68.2795983, 68.4658315)), list(c(15.739226, 15.4392086, 15.5166426, 15.2057871, 15.2599774, 15.1107077, 15.5790734, 16.0091029, 16.2182955, 16.5257025, 16.5524394, 15.9107989, 15.739226, 68.965838, 68.7083243, 68.627063, 68.5757688, 68.4787667, 68.4024461, 68.3099627, 68.4108131, 68.5562542, 68.5741302, 68.8099692, 68.8441819, 68.965838)), list(c(15.1582698, 15.1150071, 14.3966044, 15.0483216, 
15.3750311, 15.3958115, 15.1582698, 69.0212288, 68.8554041, 68.6829007, 68.5787482, 68.6637088, 68.839986, 69.0212288)), list(c(17.4932016, 16.9849321, 17.0533194, 17.3850449, 17.8366609, 18.0790843, 17.8890598, 17.4932016, 69.6012304, 69.3937447, 69.0062576, 69.1504077, 69.158725, 69.4283298, 69.5732992, 69.6012304)), list(c(18.7866489, 18.2991598, 18.0092191, 18.1666846, 18.7632709, 19.0491362, 18.7866489, 69.8820822, 69.7624868, 69.5983008, 69.5212602, 69.5637405, 69.7766387, 69.8820822)), list(
    c(19.2187385, 18.7024524, 19.0899357, 19.6740717, 19.2187385, 70.0774768, 69.9191998, 69.7861974, 69.9949741, 70.0774768)), list(c(23.4673955, 22.8612699, 23.1774548, 23.6311758, 23.4673955, 70.6279334, 70.4375292, 70.2712824, 70.4333333, 70.6279334)), list(c(23.3211712, 23.04489, 22.6811878, 22.1200266, 22.1236542, 22.8323833, 23.5061797, 23.3211712, 70.8616124, 70.7245879, 70.7416695, 70.6479198, 70.4916289, 70.5153891, 70.7849939, 70.8616124)), list(c(30.8227713, 30.4306303, 29.6832067, 29.6657404, 
30.525038, 31.063672, 30.1799664, 29.3600352, 29.237368, 28.756328, 28.308877, 28.0251614, 28.5538531, 28.2398179, 27.6261235, 27.1321852, 27.2622868, 26.9486994, 26.5912671, 26.6936018, 26.0486024, 25.9937402, 25.3961686, 25.2611406, 25.7636776, 25.3461881, 24.9711999, 24.5461864, 24.6124688, 24.0498745, 23.4360905, 23.3323675, 22.9450186, 21.9473789, 21.1761742, 21.9049671, 21.2350222, 21.0591052, 20.5398184, 20.3922953, 19.0891295, 18.8541853, 18.1932423, 17.9748687, 17.4806169, 17.4807065, 17.1140484, 
16.5933285, 16.5365854, 16.2808159, 16.3623702, 15.9283548, 14.7591422, 15.0598762, 14.6557775, 14.7249262, 14.3433545, 13.7349448, 13.7016245, 13.1658119, 12.9741303, 13.1533167, 12.721675, 12.5840942, 12.2523687, 12.1466304, 12.2282294, 11.7940349, 11.2774353, 11.4641008, 11.4074025, 11.0791255, 10.6065947, 10.0224586, 9.9966175, 9.573261, 9.6099851, 10.1100141, 10.7715393, 10.8040983, 9.9790616, 9.6949878, 9.1474862, 8.5149371, 8.646651, 7.9882608, 8.0049657, 7.5215968, 7.2766207, 6.9566289, 6.9849333, 
6.4566447, 5.8932891, 5.4882499, 4.9690974, 5.2499019, 4.9516759, 5.0658787, 4.9458538, 5.2966131, 5.5774624, 5.5682366, 5.6549859, 5.7358236, 5.7416905, 5.7341217, 5.7341665, 5.7191186, 5.7358236, 5.3666575, 5.1691986, 5.3992165, 5.3758385, 5.7707114, 5.8833467, 5.5174052, 5.2224933, 5.3341433, 5.5515764, 5.9533463, 6.1599414, 5.8907363, 5.6249349, 5.4891008, 5.6983382, 6.3483536, 6.5882242, 7.4074836, 8.2607799, 8.3941061, 8.9116462, 9.0399116, 9.612493, 10.0349986, 10.419123, 10.5874265, 11.0865599, 
11.2636861, 11.6275228, 11.7772852, 11.8170546, 11.691118, 11.9402145, 12.4488423, 12.6064422, 12.2250944, 12.6817712, 12.8718853, 12.5684641, 12.1374046, 12.3002443, 12.058851, 12.074705, 12.2184662, 11.9749232, 12.2131367, 12.1505715, 12.6829356, 13.2108212, 13.9664853, 14.1579429, 14.1141428, 13.6543311, 14.3268287, 14.5046716, 14.6248756, 14.5178385, 15.0400811, 15.4830087, 15.3778974, 15.6254263, 16.0406318, 16.3879874, 16.4039758, 16.0885522, 16.4079617, 16.7433148, 17.2823072, 17.8985096, 
18.1527115, 18.1260642, 18.9858096, 19.9213767, 20.227485, 20.3059938, 20.550343, 21.281196, 21.6276111, 22.533172, 23.1680051, 23.6724679, 23.9835025, 24.2728611, 24.9184875, 25.1418771, 25.7751427, 25.6933645, 25.9760052, 25.8924804, 26.4630465, 27.0352696, 27.6074927, 27.9846306, 28.4035981, 29.1336002, 29.3376425, 28.8314779, 28.9300058, 29.2414883, 29.2873037, 29.5676156, 30.516484, 30.9402882, 30.8227713, 69.7895988, 69.8157921, 69.738677, 69.9649077, 70.2404463, 70.2891088, 70.6870732, 70.6928829, 
70.8529227, 70.8524758, 70.6600109, 70.6937518, 70.9658643, 71.0896059, 71.1250103, 70.9795195, 70.7627979, 70.572493, 70.4758136, 70.948311, 70.7241659, 70.6099581, 70.3274677, 70.5716737, 70.7891402, 70.8225087, 70.9607746, 70.9700105, 70.785416, 70.5129063, 70.3274925, 70.0220612, 70.2021122, 70.3287587, 70.2166365, 70.0137191, 70.0120805, 69.8391302, 69.7661862, 69.8674587, 69.7333142, 69.551699, 69.4587438, 69.1512518, 68.9891016, 68.8316439, 68.7082747, 68.6312341, 68.4504134, 68.3741425, 68.0416737, 
68.0320902, 67.8008692, 67.5945503, 67.4766929, 67.2403821, 67.1753582, 66.9495496, 66.8137168, 66.6608274, 66.5241753, 66.2662147, 66.0495179, 65.7674744, 65.5691749, 65.3062488, 65.2145847, 65.0033251, 64.8708689, 64.7891359, 64.448325, 64.5358429, 64.4621045, 64.0783415, 63.9537309, 63.7820717, 63.6745674, 63.4962047, 63.5662687, 63.4341849, 63.4425022, 63.6395851, 63.4858267, 63.3820466, 63.1887127, 63.0928775, 62.9704021, 62.9087299, 63.0062782, 62.9262583, 62.7245823, 62.5320925, 62.2020569, 
62.2012376, 61.7216395, 61.541216, 61.2454179, 60.8424383, 60.7949676, 60.5412774, 60.6424754, 60.6954082, 60.7287519, 60.6916344, 60.6595817, 60.6566272, 60.5941606, 60.5408057, 60.4575333, 60.5095723, 60.3741616, 60.1416744, 59.9899766, 59.9108257, 59.7670232, 59.729136, 59.4999757, 59.3150336, 59.2695739, 59.3536904, 59.2595932, 59.0866181, 59.0203775, 58.7525107, 58.5354166, 58.2845568, 58.1262301, 58.0066595, 58.133306, 58.2441372, 58.4729003, 58.6170255, 58.9466391, 58.9770283, 59.1466764, 
59.4216689, 59.1237107, 59.0968719, 58.9059215, 59.0889519, 59.3441317, 59.5888839, 59.6947744, 60.0383908, 60.512353, 61.0108451, 61.0593834, 61.3569691, 61.5685762, 61.7232036, 62.2660381, 62.6121621, 62.902076, 63.0005678, 63.2680623, 63.4783287, 63.5954413, 63.9734194, 64.0960686, 64.0077065, 64.1949328, 64.46275, 64.5796391, 65.1179301, 65.3105937, 65.8111713, 66.1339075, 66.1549366, 66.2824273, 66.484724, 66.5951827, 66.9132514, 67.0450124, 67.2020481, 67.4349326, 67.5334244, 67.9167156, 68.1189874, 
67.9699463, 68.1975177, 68.5355478, 68.516927, 68.3572099, 68.4916275, 68.9294902, 69.0600843, 69.3112917, 69.2763342, 68.7442501, 68.6290741, 68.7042526, 68.826877, 68.7219051, 68.6058105, 68.7875746, 69.0135818, 69.2026453, 69.6116829, 69.6613137, 69.9389627, 69.9098645, 70.0751927, 70.0133218, 69.8193673, 69.6955512, 69.4786309, 69.2240717, 69.0518166, 69.1127688, 69.2965688, 69.3166545, 69.5407251, 69.5612825, 69.7895988)), list(c(25.6823921, 25.2662013, 25.5523801, 26.0612318, 25.6823921, 71.1662244, 
71.0166371, 70.9320737, 71.0091391, 71.1662244)), list(c(22.875019, 21.8299963, 20.8381788, 21.5515655, 20.8449414, 21.7964969, 22.3765574, 23.0098678, 23.7965235, 24.151403, 24.3298729, 23.7398699, 23.1514793, 22.875019, 78.2491417, 78.2112545, 78.11244, 77.9274731, 77.4499853, 77.4937815, 77.5845767, 77.2962269, 77.558731, 77.5749932, 77.8346172, 77.8445483, 78.050023, 78.2491417)), list(c(21.2066731, 20.5949492, 20.7699258, 22.0333669, 22.2015361, 21.9331819, 21.2066731, 78.633724, 78.4324948, 
78.2304216, 78.2545294, 78.3674709, 78.5803691, 78.633724)), list(c(16.277457, 15.6147674, 15.9582267, 15.4264895, 15.243362, 14.489758, 13.8732421, 11.7132868, 10.7148858, 11.4131798, 11.629986, 13.1165927, 13.8714507, 14.6331609, 14.2583966, 15.230016, 15.4532712, 16.3698941, 14.995027, 13.6331924, 13.9849369, 15.0866579, 15.4098742, 13.9600362, 14.3916332, 14.7466471, 16.3116731, 17.0782649, 16.9281442, 17.3116864, 17.4450125, 17.7733343, 18.241521, 18.4448915, 18.389895, 18.8998216, 19.133288, 
19.8283127, 21.5248734, 20.5416546, 19.3032038, 18.926469, 18.7083192, 17.5931179, 16.7332829, 16.277457, 80.0566286, 79.794199, 79.2883083, 79.3553681, 79.6045893, 79.7945962, 79.7295475, 79.8337248, 79.5116589, 79.1045827, 78.7353937, 78.2336989, 78.2149539, 78.3803813, 78.4925036, 78.6045513, 78.4529281, 78.456255, 78.1466278, 78.0695873, 77.7249777, 77.7954141, 77.7329475, 77.5329101, 77.189964, 77.1770536, 76.5941471, 76.6358329, 76.7882754, 76.9758245, 77.2949855, 77.5012298, 77.4957925, 77.7475214, 
78.0362436, 78.0445857, 78.3979098, 78.5641317, 78.8266606, 78.9241344, 79.1846026, 79.1553555, 79.5507875, 79.8879238, 79.9378525, 80.0566286)), list(c(19.6547692, 18.7952029, 17.8599045, 18.28138, 20.020039, 21.6164595, 21.5699723, 19.7131246, 20.0999361, 20.9700718, 22.7066706, 22.8197538, 24.1782295, 25.7683801, 25.7733513, 27.12493, 27.0549304, 25.7647973, 24.4724248, 23.3174092, 22.3273383, 22.3423414, 20.8524205, 19.6547692, 80.5037023, 80.1946462, 80.1595645, 79.8324338, 79.7437241, 79.812075, 
79.6920824, 79.6129066, 79.4529164, 79.3445928, 79.3770924, 79.2336871, 79.2174746, 79.4350404, 79.6320488, 79.9024978, 80.0970482, 80.1554183, 80.3408321, 80.2874772, 80.396645, 80.1033296, 80.1975014, 80.5037023)))"
Oman,OMN,77.37329,47988.65,4730179,Oman,Asia,Middle East & North Africa,Western Asia,"list(list(c(58.8916209, 58.6287306, 58.9458561, 58.8916209, 20.6970681, 20.3341357, 20.4937287, 20.6970681)), list(c(56.3749499, 56.081292, 55.9783751, 55.8124452, 55.837122, 55.7653309, 56.0181446, 55.7305327, 55.4947823, 55.5726641, 55.2324742, 55.2133508, 55.6667135, 54.9999932, 51.999998, 52.2893565, 52.7822199, 53.1090638, 53.5123116, 54.0500051, 54.3141495, 54.6249602, 54.74082, 55.0824879, 55.2637344, 55.2304141, 55.4283208, 55.5766948, 56.1700119, 56.3449884, 56.5520762, 56.635377, 56.7916333, 
57.0366542, 57.2841384, 57.7033298, 57.841224, 57.741263, 57.7478913, 57.6895807, 57.8112178, 57.8469566, 58.0832892, 58.1954318, 58.4449761, 58.587125, 58.7287364, 58.8070661, 59.0641343, 59.3383106, 59.4970748, 59.6537342, 59.8262028, 59.7970475, 59.5403823, 59.2853742, 59.1841592, 59.0637312, 58.7529205, 58.5041824, 58.3391482, 58.1091303, 57.8824714, 57.140019, 56.9044029, 56.6235985, 56.4794342, 56.3749499, 24.9809021, 24.7433251, 24.8774199, 24.910714, 24.6709025, 24.5296325, 24.0660234, 24.0572344, 
23.9532308, 23.6315374, 23.1104024, 22.7057841, 22.0000049, 20.0000035, 18.9996428, 18.3892768, 17.3496882, 16.6500912, 16.7611458, 16.9895861, 17.0304278, 17.0279451, 16.9529155, 17.0462183, 17.2408432, 17.4766326, 17.8178904, 17.8753667, 17.938752, 17.9170277, 18.1316638, 18.5741692, 18.7412105, 18.8570569, 18.9187539, 18.9395596, 19.0033173, 19.2491123, 19.4457979, 19.7483244, 19.9850324, 20.2408578, 20.5554257, 20.4016673, 20.3445882, 20.6283449, 20.7541472, 20.9916497, 21.2662449, 21.4229081, 
21.7583314, 21.942479, 22.292501, 22.5341994, 22.5666493, 22.7674811, 22.9704234, 23.0491026, 23.514971, 23.6445471, 23.6045247, 23.7079076, 23.7087517, 23.9545467, 24.1565207, 24.4815907, 24.7057855, 24.9809021)), list(c(56.2706895, 56.4004776, 56.4407844, 56.1853285, 56.0865767, 56.1915089, 56.1415731, 56.2706895, 25.6258532, 25.88076, 26.3271385, 26.2258661, 26.0505571, 25.9719772, 25.8278768, 25.6258532)))"
Pakistan,PAK,43.117256,5531.723,243700616,Pakistan,Asia,South Asia,Southern Asia,"list(c(76.7604602, 76.4270328, 76.1447952, 76.1009503, 75.9463063, 76.0576876, 75.9420517, 75.719513, 75.4208391, 75.4058808, 75.1254794, 74.9190187, 74.5646317, 74.4193479, 74.1208084, 73.890477, 73.0829066, 72.5904015, 72.2534809, 72.0882228, 71.6569393, 71.538885, 71.2506909, 71.5532163, 71.6563571, 71.5460059, 71.6249625, 71.4750658, 71.0897322, 71.0241215, 71.1728091, 71.0814469, 70.8834506, 70.5468435, 69.9047103, 69.8586709, 69.9720676, 70.1533589, 70.1714074, 70.3284698, 70.0207045, 69.5732536, 
69.3875733, 69.4537661, 69.2396471, 69.3199473, 69.1172933, 68.9077872, 68.5755243, 68.4280907, 68.1464801, 68.0703897, 67.8575247, 67.6511088, 67.4000418, 67.0700181, 66.9559049, 66.7164821, 66.5783639, 66.3919223, 66.2881545, 66.356721, 66.3239828, 66.2320832, 66.3734259, 66.249863, 65.0645277, 64.5430912, 64.4613578, 64.0490634, 63.576667, 62.4691687, 60.872972, 61.3730459, 61.6412209, 61.9100229, 62.3885549, 62.5972101, 62.7933254, 62.7616174, 62.828885, 62.8207341, 63.1987229, 63.2769182, 63.1950953, 
62.7603634, 62.3142112, 62.2137127, 62.1010326, 62.0905529, 62.0636816, 62.0630098, 62.0626515, 62.0518135, 61.8601767, 61.8400681, 61.6765118, 61.6178877, 61.858654, 62.0720565, 62.342426, 62.5916568, 63.0141175, 63.1324853, 63.4858422, 63.5216705, 63.667447, 64.0933114, 64.428351, 64.734101, 65.222441, 65.2574632, 65.6266293, 65.844152, 66.2766447, 66.5632713, 66.7537436, 66.6924772, 67.171681, 67.1578871, 67.2908102, 67.3520318, 67.4875077, 67.8258166, 68.0791229, 68.3154107, 68.3294285, 68.3569715, 
68.7530089, 68.8567319, 69.0948111, 69.5943027, 69.7315252, 70.0250039, 70.1099171, 70.5731325, 70.6443861, 70.8053896, 70.9860092, 70.9862779, 71.0745947, 70.9376857, 70.8885113, 70.6648082, 70.674034, 70.2686365, 70.0997956, 70.0834489, 70.1751694, 70.1742737, 69.8861692, 69.5102853, 69.5133755, 69.5868235, 70.0259444, 70.1325337, 70.3722252, 70.5057305, 70.6773929, 70.7594398, 70.9062464, 71.2055472, 71.6664786, 71.8983327, 71.9273536, 72.2066354, 72.2992964, 72.4038255, 72.9458185, 73.2822465, 
73.3969867, 73.8066388, 73.972703, 73.8798181, 74.0723506, 74.3658741, 74.5480164, 74.5337746, 74.6473056, 74.5242801, 74.5706778, 75.0123962, 75.2621644, 75.3726052, 75.1087744, 74.729442, 74.6305559, 74.4482793, 74.3191629, 74.2016013, 74.0179811, 74.1662656, 74.1925098, 74.0315511, 73.9614171, 74.2813641, 74.2334885, 73.982735, 73.9534901, 74.3097132, 74.5802171, 74.7305617, 75.1632335, 75.3650813, 75.7850788, 76.0631514, 76.5294123, 76.6830262, 76.7522196, 77.0059738, 77.8229939, 77.6880555, 
77.3828877, 77.0603432, 76.7604602, 35.6632509, 35.8525131, 35.8375667, 36.0161778, 36.1189647, 36.2457602, 36.5957325, 36.7520978, 36.7733752, 36.936593, 37.0125412, 36.9789492, 37.0308641, 37.0073274, 36.8382254, 36.9125101, 36.8871609, 36.8380019, 36.7525447, 36.5966263, 36.4835606, 36.3275429, 36.1291193, 35.7227383, 35.4386092, 35.313949, 35.1389876, 34.9494027, 34.6783579, 34.4505134, 34.3649321, 34.0621325, 33.9738698, 33.9430089, 34.0396882, 33.925257, 33.7576944, 33.6948304, 33.5389617, 
33.3434181, 33.13844, 33.0992121, 32.7679599, 32.6582957, 32.4644652, 31.9275894, 31.7017063, 31.5966352, 31.834237, 31.755955, 31.8044685, 31.6960208, 31.6237968, 31.3923026, 31.211035, 31.2138654, 31.3079875, 31.18869, 30.9766856, 30.9406109, 30.5768343, 30.476406, 30.2489587, 30.0631725, 29.9711359, 29.8495046, 29.5295739, 29.5874723, 29.5546003, 29.407744, 29.4870936, 29.3887011, 29.8584675, 29.339269, 28.8072347, 28.5643694, 28.4326828, 28.2484111, 28.2789989, 28.0256563, 27.7644929, 27.2184557, 
27.2594463, 27.2181577, 26.6462996, 26.646101, 26.5199014, 26.2678498, 26.2838141, 26.3136322, 26.326642, 26.3264185, 26.3265179, 26.3292241, 26.1759622, 25.7448279, 25.6452189, 25.1778857, 25.0300114, 25.1816595, 25.1612759, 25.2695746, 25.2120487, 25.2554228, 25.2028872, 25.3379007, 25.3795617, 25.3345489, 25.2362309, 25.3170453, 25.3145626, 25.380381, 25.3495946, 25.4178958, 25.4678989, 25.3487256, 25.1691463, 24.8804241, 24.7495817, 24.6358705, 24.3478931, 24.1091741, 23.9095836, 23.8120601, 
23.8337844, 23.9339148, 23.9349824, 23.9741607, 23.9714296, 24.2138728, 24.2744278, 24.2923782, 24.1710449, 24.1710201, 24.29501, 24.4223516, 24.224797, 24.2208246, 24.3652726, 24.595575, 24.662039, 24.9386204, 25.1480923, 25.3968915, 25.6758067, 25.7136442, 25.9382363, 26.0833795, 26.2514883, 26.5513334, 26.5787432, 26.74355, 27.0099272, 27.1832499, 27.5628666, 27.8059801, 28.0118272, 28.0369778, 27.9218265, 27.7212181, 27.7094994, 27.8353266, 27.8778069, 27.9612282, 28.121715, 28.394746, 28.6697136, 
28.7829531, 29.0278046, 29.5720543, 29.9459357, 30.0679642, 30.1982604, 30.3597651, 30.5228836, 30.8929664, 31.0324736, 31.3249697, 31.4660163, 31.6869338, 31.8370674, 32.0356896, 32.1020294, 32.2790266, 32.4602445, 32.4810998, 32.7673641, 32.7935822, 33.0220226, 33.0667374, 33.2704989, 33.3377326, 33.4787295, 33.5785123, 33.7234817, 33.9012982, 34.0236247, 34.0123777, 34.560575, 34.7825104, 34.7616799, 34.6811883, 34.6565343, 34.537932, 34.5136753, 34.6877925, 34.766422, 34.7448219, 34.9322716, 
35.0085922, 35.5112553, 35.4532328, 35.4732191, 35.6005856, 35.6632509))"
Palau,PLW,NA,NA,17738,Palau,Oceania,East Asia & Pacific,Micronesia,"list(c(134.6338625, 134.4682461, 134.6395503, 134.6338625, 7.7160149, 7.4419411, 7.4989705, 7.7160149))"
Palestine,PSE,NA,4775.202,5305230,Palestinian Territories,Asia,Middle East & North Africa,Western Asia,"list(list(c(34.2672616, 34.5678165, 34.4907408, 34.2187143, 34.2672616, 31.2200475, 31.5413934, 31.5945496, 31.3235297, 31.2200475)), list(c(35.5549764, 35.4958597, 35.4942474, 35.2241914, 35.0162527, 34.9869183, 35.1148254, 35.2236092, 35.2275055, 34.9519857, 34.9224721, 35.225938, 35.4756614, 35.5588727, 35.5191928, 35.5549764, 32.3893612, 32.4012785, 32.4016758, 32.5520824, 32.3385636, 31.9678849, 31.8249017, 31.7964988, 31.7445342, 31.5941772, 31.3427215, 31.3729121, 31.4918123, 31.7615413, 32.0475821, 
32.3893612)))"
Panama,PAN,79.590996,23557.02,4400715,Panama,Americas,Latin America & Caribbean,Latin America and the Caribbean,"list(list(c(-81.7448966, -81.8613834, -81.6950505, -81.7448966, 7.6422764, 7.4414446, 7.3966304, 7.6422764)), list(c(-77.3705269, -77.47528, -77.698804, -77.8084834, -78.0505038, -78.213657, -78.5734181, -78.8556558, -79.2345403, -79.622785, -79.6947551, -79.9193091, -80.2988207, -80.5030869, -80.755587, -80.826348, -81.2021423, -81.5120573, -81.8841344, -81.8655933, -82.1086437, -82.2554054, -82.338975, -82.3533511, -82.5650517, -82.7644811, -82.9360988, -82.9360988, -82.7160233, -82.918319, -82.8314801, 
-83.0521378, -82.9436228, -82.9030024, -82.8399893, -82.6677447, -82.4947386, -82.3337799, -82.1067627, -81.7063812, -81.5305537, -81.2480025, -81.0918806, -80.9798275, -80.891242, -80.4402978, -80.3706565, -80.0031922, -80.0567555, -80.4669899, -80.4828887, -80.2503181, -79.952943, -79.7448252, -79.7029061, -79.4940717, -79.1806635, -78.8912154, -78.8653742, -78.5252738, -78.5063296, -78.3511034, -78.1870992, -78.2512319, -78.4472129, -78.2981223, -77.9969404, -77.8929487, -77.8178436, -77.5688815, 
-77.4407505, -77.3252041, -77.1915197, -77.2594144, -77.4499315, -77.3705269, 8.6771229, 8.6737712, 8.8699851, 9.0503589, 9.2396955, 9.2747026, 9.4425384, 9.4203175, 9.5437861, 9.6162335, 9.501132, 9.330292, 9.1521776, 9.1148366, 8.9845901, 8.8954336, 8.7889472, 8.8004177, 9.1838578, 8.9688989, 8.9311111, 9.0156496, 9.196371, 9.3834235, 9.5702276, 9.5863409, 9.4731262, 9.0783894, 8.9438477, 8.7471124, 8.5051409, 8.3311479, 8.2712633, 8.038627, 8.2902317, 8.3272747, 8.2762288, 8.3204471, 8.220987, 
8.1107765, 7.7137556, 7.6263122, 7.7724485, 7.6065989, 7.2237795, 7.2388003, 7.3663902, 7.4634668, 7.6459013, 8.046994, 8.2088214, 8.2972083, 8.4678993, 8.7244198, 8.8746775, 9.003062, 9.0146069, 8.8980156, 8.8304096, 8.6285598, 8.4612206, 8.4471681, 8.3030677, 8.138683, 8.0543927, 7.7103294, 7.2907648, 7.2221905, 7.4581785, 7.5080575, 7.6576945, 7.8955446, 7.9227062, 8.2057428, 8.5005726, 8.6771229)))"
Papua New Guinea,PNG,11.233256,NA,10203130,Papua New Guinea,Oceania,East Asia & Pacific,Melanesia,"list(list(c(150.7591611, 150.9633826, 151.2121207, 150.8983542, 150.7591611, -9.7137535, -10.1087386, -10.1717266, -9.8154232, -9.7137535)), list(c(150.5175439, 150.4237632, 150.5566863, 150.6883554, 150.9387954, 150.7966465, 150.6642161, 150.5175439, -9.3412872, -9.3733647, -9.6262853, -9.6745753, -9.6600014, -9.415423, -9.4337955, -9.3412872)), list(c(150.2083454, 150.1062347, 150.3108592, 150.3825159, 150.2083454, -9.1979565, -9.3699881, -9.5246155, -9.3937731, -9.1979565)), list(c(152.6141726, 
152.8325463, 152.9679325, 152.9512276, 152.6141726, -8.9854059, -9.2654384, -9.2291898, -9.0900053, -8.9854059)), list(c(147.7895305, 147.7595691, 147.9566696, 148.0595865, 148.0199962, 147.7895305, -5.4616991, -5.6141665, -5.7821015, -5.7633566, -5.5620778, -5.4616991)), list(c(154.7237443, 154.7608267, 154.694589, 154.7462266, 154.9233529, 154.9612413, 155.1817199, 155.2287446, 155.1595511, 155.3382897, 155.518327, 155.7091576, 155.9662258, 155.9279343, 155.6566243, 155.4537464, 155.4008101, 155.2262814, 
155.0333458, 154.8787914, 154.7237443, -5.4191939, -5.5679123, -5.760849, -5.9492173, -6.0804321, -6.1875639, -6.2862543, -6.4475356, -6.5317017, -6.7312674, -6.8429675, -6.8829402, -6.6900036, -6.5200078, -6.2228938, -6.1466974, -5.9896121, -5.8583973, -5.5363066, -5.5333769, -5.4191939)), list(c(147.0950432, 146.9954405, 147.1191378, 147.2050362, 147.0950432, -5.2062709, -5.2525251, -5.4437486, -5.3296402, -5.2062709)), list(c(154.6754209, 154.5412438, 154.576266, 154.7120553, 154.6754209, -5.0966563, 
-5.0799969, -5.3574969, -5.1816666, -5.0966563)), list(c(152.1720959, 151.9491989, 151.8495514, 151.4887602, 151.6212354, 151.686219, 151.5841531, 151.3999955, 151.0857811, 151.0078993, 150.8774842, 150.6837425, 150.411716, 150.2866751, 150.1475269, 150.0241879, 149.8866967, 149.5675111, 149.2449666, 148.9833303, 148.8491532, 148.6516495, 148.5483296, 148.4124955, 148.3062645, 148.3574542, 148.6958527, 148.9099718, 149.1495737, 149.3425092, 149.4720734, 149.5570313, 150.0850064, 150.4541725, 150.5562385, 
150.879186, 151.1716795, 151.3854402, 151.4700399, 151.7308701, 151.81332, 152.0749563, 152.1295497, 151.950856, 151.96671, 152.2191653, 152.3645836, 152.3829008, 152.1720959, -4.1450574, -4.3420906, -4.2283297, -4.2141779, -4.4766323, -4.8683401, -4.9679243, -4.9204288, -5.1470815, -5.3716736, -5.4921131, -5.5458653, -5.4387582, -5.5612833, -5.5512529, -5.278768, -5.5137878, -5.5020939, -5.5837524, -5.4596136, -5.5204416, -5.4779365, -5.5396087, -5.4463059, -5.6433639, -5.7462502, -5.85296, -6.0112619, 
-6.0916791, -6.0579133, -6.1050116, -6.2500058, -6.2879426, -6.2545741, -6.1575471, -6.0170716, -5.962947, -5.7991334, -5.5229492, -5.520392, -5.5904808, -5.4529101, -5.3224898, -5.1445988, -4.9762664, -4.9737588, -4.7725297, -4.6183492, -4.1450574)), list(c(141.0195895, 141.184982, 141.3249364, 141.62576, 142.2128966, 142.6391641, 143.1766785, 143.4204007, 143.4020835, 143.2578745, 142.9708448, 143.4383597, 143.6616149, 143.5283783, 143.6116792, 143.8575511, 143.9287599, 143.828351, 144.1508507, 
144.3054499, 144.4625123, 144.8687607, 145.4041255, 145.6224991, 146.0075192, 146.2445684, 146.3778945, 146.5637092, 146.5933123, 146.8841935, 147.0062338, 147.3178954, 147.6183159, 147.9446223, 148.2191121, 148.4807932, 148.9683271, 149.1366755, 149.3249981, 149.7225134, 150.0225308, 150.0154099, 150.2091516, 150.3933092, 150.6953867, 150.6524823, 150.4233154, 150.4157914, 150.1691582, 149.9374833, 149.7112722, 149.9900166, 149.9841497, 149.7608497, 149.4457843, 149.1820879, 149.3262073, 149.2466684, 
148.7308301, 148.5254443, 148.4370379, 148.2474613, 148.205363, 148.1233609, 147.9858249, 147.6878676, 147.4291871, 147.1442176, 147.070456, 146.9479232, 146.9678974, 147.1458299, 147.3416317, 147.747477, 147.8595749, 147.8121023, 147.6962425, 147.5707986, 147.252867, 147.0766812, 146.7974442, 146.4733322, 146.0716519, 145.7849358, 145.7312381, 145.8108217, 145.8054027, 145.3224817, 145.0174931, 144.8566687, 144.5471119, 144.5233309, 144.3642084, 144.2145355, 144.0049846, 143.4191915, 142.8665844, 
141.8774539, 141.5099897, 141.203344, 141.0018993, 141.0010931, 141.001541, 141.001541, 140.858586, 140.9575169, 141.0221423, 141.0194104, 141.0195895, -9.1253601, -9.2364644, -9.1407036, -9.2165028, -9.1492196, -9.3354527, -9.0395801, -8.964203, -8.7566924, -8.5767159, -8.3412741, -8.2387602, -8.2404485, -8.0362401, -7.9929156, -8.052974, -7.9908301, -7.6613158, -7.7987872, -7.6450536, -7.5971112, -7.706701, -7.9471083, -7.9396104, -8.0604223, -8.2799743, -8.587516, -8.7799809, -9.0012708, -9.1154538, 
-9.3775358, -9.5383701, -9.986288, -10.1108986, -10.096275, -10.2062621, -10.2896089, -10.2421134, -10.3170933, -10.3454218, -10.4679468, -10.5833215, -10.7029417, -10.6904285, -10.5642041, -10.4787717, -10.4062498, -10.3104394, -10.0913095, -10.0654389, -9.8425352, -9.7512683, -9.6279487, -9.5962188, -9.6120838, -9.4042008, -9.0708631, -8.9987384, -9.1129462, -9.0000046, -8.6825319, -8.5929284, -8.3058697, -8.0771314, -8.0712969, -7.8283819, -7.569602, -7.3820778, -7.0825059, -6.9783534, -6.7408509, 
-6.7054217, -6.7496151, -6.7104369, -6.6458598, -6.3275181, -6.255021, -6.0571188, -5.9233716, -5.9587511, -5.8604083, -5.6154327, -5.5070843, -5.4962842, -5.4258726, -5.0762479, -4.8508613, -4.3862592, -4.3404519, -4.1145937, -3.9674891, -3.8112479, -3.7837387, -3.8558883, -3.7996285, -3.4112973, -3.331327, -2.977134, -2.7695738, -2.6338155, -2.6045932, -4.1642989, -5.3091076, -6.3241663, -6.6090651, -6.9069239, -6.8924493, -7.9587774, -9.1253601)), list(c(150.8033195, 150.9112524, 151.3402518, 
151.6275054, 151.9199093, 152.1416418, 152.3407577, 152.6845753, 152.6495979, 152.7195975, 152.8753611, 153.0587573, 153.025437, 153.116217, 153.0042087, 152.7432889, 152.5907946, 152.4916845, 151.9332553, 151.8002874, 151.6754257, 150.949947, 150.8033195, -2.5571473, -2.7700207, -3.0046183, -3.1908018, -3.438732, -3.4846137, -3.645448, -4.1866687, -4.4592032, -4.6583219, -4.8150349, -4.5991822, -4.4999704, -4.2724983, -4.0979094, -3.891243, -3.8271377, -3.6421211, -3.2027688, -3.1940294, -3.0498297, 
-2.6862766, -2.5571473)), list(c(150.1949994, 149.9720576, 150.0962476, 150.3416716, 150.4466934, 150.4412743, 150.1949994, -2.3595927, -2.4733288, -2.6191671, -2.6829745, -2.6562847, -2.4808516, -2.3595927)), list(c(146.8442002, 146.6050013, 146.5991344, 147.192541, 147.389149, 146.8442002, -1.9529634, -2.0254357, -2.1846314, -2.2054123, -2.0463159, -1.9529634)))"
Paraguay,PRY,67.770546,8762.771,6760399,Paraguay,Americas,Latin America & Caribbean,Latin America and the Caribbean,"list(c(-54.5937447, -54.58743, -54.4303228, -54.4419222, -54.325525, -54.259153, -54.3429017, -54.2840985, -54.4402204, -54.6686259, -55.0623344, -55.3493193, -55.5304315, -55.5559144, -55.6658626, -55.6251526, -55.7236357, -55.8431232, -56.2090647, -56.3898186, -56.5188454, -56.6417365, -57.1841774, -57.2377407, -57.9904938, -57.8871739, -57.9604876, -57.8547492, -57.9136868, -58.1685158, -58.2358282, -59.0690159, -59.9748903, -60.6043492, -61.7350463, -61.9224732, -62.2663804, -62.2609165, -62.6389501, 
-62.6135568, -62.2374042, -62.167315, -61.8532798, -61.4941904, -61.1093046, -60.9922804, -60.4863844, -60.2800133, -60.0394261, -59.4737864, -59.3520149, -58.673516, -58.4436325, -58.3313107, -58.1364047, -57.7767778, -57.5597926, -57.7378145, -57.9479477, -58.0909922, -58.1619771, -58.2459945, -58.5078548, -58.6069649, -58.2757768, -57.975625, -57.6007712, -57.3193845, -57.1363018, -56.8768151, -56.7505203, -56.566094, -56.3590958, -56.2834533, -56.0874276, -55.8966418, -55.7393106, -55.5936237, 
-55.5524211, -55.37422, -55.1387831, -55.1321549, -54.833481, -54.6224074, -54.6688051, -54.5870717, -54.5937447, -25.592357, -25.3976328, -25.1594599, -24.9491439, -24.6609182, -24.3649215, -24.1631462, -24.0675841, -23.9045897, -23.8171959, -23.9932993, -23.9935476, -23.6278097, -23.3163204, -22.8524631, -22.6282435, -22.5517739, -22.2871098, -22.2781966, -22.0861538, -22.1082754, -22.2650628, -22.2293108, -22.2512833, -22.0909456, -21.6820818, -21.509926, -21.3168652, -20.670772, -20.1722551, 
-19.7754824, -19.2876663, -19.2944691, -19.4566442, -19.634411, -20.089231, -20.5631684, -21.0586563, -22.2334073, -22.3038437, -22.5435063, -22.7469202, -23.0870607, -23.4215157, -23.5980908, -23.8084566, -23.9510673, -24.0437494, -24.0115229, -24.3342592, -24.4813389, -24.8314106, -24.8781116, -24.9994449, -25.011685, -25.1552889, -25.455556, -25.6475988, -26.0663689, -26.1157762, -26.2621359, -26.7502748, -26.9212637, -27.2988197, -27.2484193, -27.2671394, -27.3835817, -27.4138467, -27.4857976, 
-27.4190109, -27.5000736, -27.4503187, -27.5901736, -27.4079874, -27.3087011, -27.3426655, -27.4455022, -27.3372531, -27.097963, -26.9648364, -26.9516777, -26.8557928, -26.6731846, -26.2228832, -25.98188, -25.8301823, -25.592357))"
Peru,PER,78.34876,12762.967,33475381,Peru,Americas,Latin America & Caribbean,Latin America and the Caribbean,"list(c(-69.5732088, -69.7185374, -69.9344479, -70.3087195, -70.6208738, -70.6209185, -70.5274066, -70.5982123, -70.5708932, -70.8698806, -70.998146, -71.3762692, -72.1797641, -72.162253, -72.3419769, -72.7161141, -73.2005579, -72.9532977, -72.9452811, -73.0584986, -73.1806284, -73.3440503, -73.3426172, -73.5425392, -73.5834731, -73.7700043, -73.8184621, -73.9795552, -73.7097679, -73.7981295, -73.7107532, -73.5312981, -73.2675121, -73.1039558, -73.2449402, -73.1561755, -72.9857671, -72.9590302, -72.8671305, 
-72.8871944, -72.4144844, -71.7826072, -71.6159607, -71.3785532, -70.9456127, -70.7554539, -70.2949704, -70.1804989, -69.947346, -70.3407858, -70.4999979, -70.7133556, -70.0565329, -70.2160585, -70.305271, -70.6055571, -70.6762733, -70.8563106, -71.1343384, -71.389033, -71.4583608, -71.7188775, -71.8854792, -72.0515435, -72.3645487, -72.6269912, -72.8981668, -73.1508909, -73.0947747, -73.1476215, -73.4290978, -73.4637169, -73.6201971, -73.8652181, -74.0597211, -74.2735714, -74.2660922, -74.4217215, 
-74.7311439, -75.1799384, -75.2547748, -75.5382665, -75.3260284, -75.2482362, -75.227814, -75.2744356, -75.2337705, -75.3867126, -75.5559119, -75.5851568, -76.0432667, -76.6335831, -77.8444461, -77.9403764, -78.2414239, -78.3409371, -78.411698, -78.5666555, -78.6561368, -78.8409214, -78.9073829, -79.0760895, -79.2620385, -79.4351789, -79.4847116, -79.6166046, -79.792029, -80.1040489, -80.3627294, -80.4524346, -80.4467916, -80.2989102, -80.1267551, -80.1822443, -80.2212971, -80.4797537, -80.7497201, 
-80.8409928, -81.2404338, -81.3300494, -81.0892383, -81.1950214, -80.9042298, -80.8542045, -80.9229949, -81.0737873, -81.1500569, -81.1092126, -80.7829509, -80.2788016, -79.9825461, -79.9341779, -79.7400332, -79.6208592, -79.5792088, -79.4683649, -79.2871631, -78.9858917, -78.9129363, -78.7475438, -78.7608899, -78.4262981, -78.3579108, -78.2300484, -78.1708869, -77.8875745, -77.6600646, -77.596738, -77.6371345, -77.347552, -77.212524, -77.1513024, -77.0417125, -76.8596598, -76.8054695, -76.5225601, 
-76.4858808, -76.1992095, -76.1900732, -76.290079, -76.145467, -76.1246418, -75.9862996, -75.9175541, -75.5388039, -75.3967446, -75.2821835, -75.1646666, -74.6884186, -74.4675818, -74.3979853, -74.0555113, -73.869607, -73.3196423, -73.0600661, -72.9188129, -72.7037982, -72.451298, -72.0779669, -71.8638479, -71.4863517, -71.3958852, -71.3433967, -71.0904935, -70.9267581, -70.6855439, -70.3778234, -69.9671412, -69.8158561, -69.7509173, -69.8250819, -69.6659146, -69.4684557, -69.5740149, -69.3741376, 
-69.1660199, -68.9960593, -68.9844598, -68.8127974, -68.9573199, -69.1024246, -69.2435882, -69.4116678, -69.1496732, -69.3654045, -69.3557308, -69.2214194, -68.9899684, -68.883827, -68.9796678, -68.9738457, -69.0641779, -68.9108326, -68.8450429, -68.8733472, -68.6523313, -68.9664561, -69.5732088, -10.945956, -10.9755259, -10.9212027, -11.0704176, -10.9998819, -9.8279613, -9.7231384, -9.6063237, -9.4332493, -9.6670028, -9.818055, -10.0001667, -10.0003902, -9.8314372, -9.5058954, -9.4116243, -9.4116491, 
-9.1374015, -8.994766, -8.9063046, -8.6863305, -8.6033561, -8.47666, -8.3453707, -8.1289966, -7.9064404, -7.717079, -7.5588516, -7.2461706, -7.1133668, -6.8401868, -6.6844918, -6.5876635, -6.4109891, -6.1547416, -5.8741133, -5.6945836, -5.4660936, -5.2899157, -5.1625492, -4.8989031, -4.4828392, -4.5287458, -4.4241464, -4.3737212, -4.1558823, -4.1586381, -4.354132, -4.2271132, -3.8005471, -3.8746829, -3.7931981, -2.7608841, -2.6491839, -2.4982559, -2.4837068, -2.347874, -2.2326732, -2.2873439, -2.4081062, 
-2.2745576, -2.1598285, -2.31242, -2.3352119, -2.4897151, -2.3592948, -2.4354168, -2.261523, -2.0301778, -1.8036244, -1.7896215, -1.5897827, -1.263372, -1.2261055, -1.0540242, -0.9773808, -0.8425164, -0.4999924, -0.3386119, -0.038891, -0.1158074, -0.1757168, -0.4567672, -0.5183401, -0.5702302, -0.6691937, -0.9325419, -0.9301336, -1.5494376, -1.5494128, -2.1246227, -2.5901931, -2.9991314, -3.0656202, -3.4089138, -3.3820005, -3.7887291, -3.9932852, -4.5634302, -4.6536295, -4.8620835, -4.9697616, -4.9677753, 
-4.7330536, -4.53679, -4.4460941, -4.4937883, -4.2914171, -4.4797358, -4.3799778, -3.9971583, -4.0171943, -3.8950665, -3.7856257, -3.4386078, -3.5057173, -3.7165548, -3.877836, -4.2482664, -4.6811635, -4.9652926, -5.2161027, -5.4995118, -5.6453005, -5.8340909, -5.7832436, -5.8819588, -6.0678196, -6.3007538, -6.5481874, -6.7519986, -6.8728602, -7.0561388, -7.251161, -7.4611543, -7.7144721, -7.9449483, -8.2136593, -8.4624088, -8.6303191, -8.778665, -9.4157705, -9.6249197, -9.7944686, -10.1361981, -10.613661, 
-10.9486622, -11.1770033, -11.308218, -11.4744648, -11.6486565, -12.0674017, -12.20532, -12.2982504, -12.5098824, -12.8469939, -13.0395333, -13.4069844, -13.5678187, -14.0895247, -14.2223781, -14.3573916, -14.4540709, -14.6553249, -14.8857018, -15.0986248, -15.1656846, -15.3790297, -15.6420055, -15.7227951, -15.8282386, -15.9532465, -16.1374189, -16.3382508, -16.4961554, -16.5198908, -16.6532408, -16.704088, -17.0207415, -17.1540666, -17.2865725, -17.3878201, -17.6361972, -17.8707204, -17.9269553, 
-18.1591943, -18.3523047, -18.2625275, -18.1157209, -17.9471899, -17.7068819, -17.6602305, -17.4983534, -17.1983594, -17.0715143, -16.7269793, -16.6549787, -16.436395, -16.3450039, -16.1974276, -16.2252099, -16.1408451, -15.621746, -15.2654178, -14.9494844, -14.8122861, -14.5825547, -14.3697062, -14.0586141, -13.9748452, -13.7967059, -13.6613449, -13.5015037, -13.2455542, -12.8893749, -12.4981388, -11.9190061, -10.945956))"
Philippines,PHL,59.107143,8370.666,113964291,Philippines,Asia,East Asia & Pacific,South-eastern Asia,"list(list(c(120.2137682, 119.8341671, 120.2395646, 120.2137682, 5.3499776, 5.1587293, 5.1858164, 5.3499776)), list(c(121.1166868, 120.8729198, 121.0724836, 121.2174539, 121.1166868, 6.0953819, 5.955825, 5.8787596, 5.9970639, 6.0953819)), list(c(122.068287, 121.9307959, 121.8720374, 121.9712371, 122.1945819, 122.2079279, 122.068287, 6.75374, 6.6720566, 6.5033023, 6.4158092, 6.464993, 6.5716779, 6.75374)), list(c(123.6025007, 123.4520665, 123.5616564, 123.7012077, 123.6025007, 9.3053898, 9.1908096, 
9.1045579, 9.1474355, 9.3053898)), list(c(125.4391949, 125.3887666, 125.5279148, 125.431671, 125.1686911, 125.079165, 124.9400168, 124.7704145, 124.7416174, 124.5799869, 124.4383307, 124.3166487, 124.2304368, 123.867899, 123.8370866, 123.6866524, 123.5745994, 123.3783497, 123.3287723, 123.05585, 122.9770725, 122.9953897, 122.907476, 122.4599802, 122.2483244, 122.0908141, 122.1287473, 122.0108274, 121.8971172, 121.9608021, 122.1845947, 122.3616762, 122.54664, 122.7183472, 122.7812707, 122.9874627, 
123.0633292, 123.1962523, 123.4645616, 123.5416373, 123.7733122, 124.0320823, 124.1649606, 124.2582934, 124.1550182, 124.0521013, 123.9587686, 124.0570725, 124.0391584, 124.1874876, 124.602514, 124.9508101, 125.0870473, 125.170796, 125.2895669, 125.17205, 125.4125028, 125.6854699, 125.7128785, 125.5878825, 125.3887218, 125.3945439, 125.6462378, 125.8120782, 125.8878999, 125.9783216, 126.0966447, 126.0837465, 126.2262088, 126.261231, 126.1862603, 126.3358435, 126.4470457, 126.5583374, 126.5995848, 
126.5503656, 126.3587289, 126.4428806, 126.3166754, 126.3850179, 126.123292, 126.3329325, 126.3029262, 126.0503813, 125.8458016, 125.6399679, 125.4391949, 9.8278903, 9.6591359, 9.1941365, 8.9770673, 9.0091448, 8.8287213, 8.9745597, 8.9675086, 8.4986857, 8.5212045, 8.6237184, 8.5487137, 8.2216574, 8.1657949, 8.4299376, 8.6445737, 8.6216825, 8.7053769, 8.5641317, 8.5161893, 8.4158106, 8.2208132, 8.1462306, 8.0762163, 7.9878791, 7.7462055, 7.6841857, 7.2804116, 7.0741673, 6.9520643, 6.9558381, 7.4770724, 
7.7345861, 7.7854334, 7.5074616, 7.460413, 7.6795926, 7.5908085, 7.631675, 7.8479001, 7.7037003, 7.6308308, 7.4004291, 7.3487128, 7.1729073, 7.1291608, 6.8966487, 6.6075044, 6.4312521, 6.2128669, 5.986239, 5.8553718, 5.8732975, 6.1087393, 5.9832845, 5.7991617, 5.5720621, 5.970821, 6.1791757, 6.4958291, 6.6116507, 6.8074425, 7.2141711, 7.3666633, 7.1224821, 7.0362553, 6.7412517, 6.5332942, 6.4391721, 6.7549814, 6.8532994, 7.0054192, 7.0133144, 7.2037434, 7.4966615, 7.6983127, 7.8875004, 8.1649756, 
8.3545853, 8.513781, 8.5420847, 8.8450083, 8.9574782, 9.2375106, 9.5445806, 9.6112183, 9.8278903)), list(c(126.0641305, 125.9591535, 126.1108416, 126.0641305, 10.0612466, 9.8570878, 9.7486897, 10.0612466)), list(c(124.2882996, 124.1429262, 124.0412185, 123.8370866, 123.785449, 123.9649937, 124.2574872, 124.5591169, 124.5687458, 124.2882996, 10.1737412, 10.15085, 9.9916295, 9.8766024, 9.7407945, 9.6037451, 9.5995493, 9.8195482, 9.9791659, 10.1737412)), list(c(125.6687649, 125.5121056, 125.5012227, 
125.6740944, 125.6687649, 10.4100023, 10.3216403, 10.0666094, 9.9179158, 10.4100023)), list(c(122.6641569, 122.5158276, 122.6191475, 122.7254233, 122.6641569, 10.749547, 10.5995872, 10.4329432, 10.6150053, 10.749547)), list(c(123.1975062, 123.002018, 122.9453644, 122.8099781, 122.8762605, 122.8633176, 122.6624998, 122.4516949, 122.3787395, 122.5504019, 122.8124861, 122.9378405, 123.1304177, 123.2853752, 123.3087532, 123.1237447, 123.1479288, 123.2328867, 123.3553748, 123.4433781, 123.5654184, 123.4691745, 
123.1975062, 11.0045282, 10.9116723, 10.6733257, 10.5387343, 10.4124603, 10.0962537, 9.9803825, 9.9795383, 9.7108025, 9.4766269, 9.3579253, 9.0791094, 9.0491423, 9.2116649, 9.3416632, 9.5625062, 9.8974329, 10.0258421, 10.4416329, 10.5029078, 10.792499, 10.9212559, 11.0045282)), list(c(124.0621333, 123.8654358, 123.411267, 123.2970642, 123.4654125, 123.6236842, 123.7603692, 123.9620379, 124.0295743, 124.0037331, 124.0503995, 124.0621333, 11.2808117, 10.8391007, 10.0541458, 9.5049803, 9.5708235, 10.0491306, 
10.2224781, 10.3282693, 10.491636, 10.7483304, 10.8941439, 11.2808117)), list(c(119.4770483, 119.4150205, 119.4125125, 119.3087447, 119.3212846, 119.1424565, 119.0308513, 118.9395339, 118.8054016, 118.513759, 118.2099348, 118.1812274, 117.7729188, 117.3674766, 117.2170424, 117.2650076, 117.5012058, 117.5345709, 117.7441666, 118.0024888, 118.117856, 118.3408426, 118.5145204, 118.7678714, 118.7478971, 119.2008567, 119.3683093, 119.5691719, 119.6770151, 119.4991723, 119.4995753, 119.5661712, 119.4770483, 
11.4241424, 11.312914, 11.0379216, 10.9924619, 10.5975017, 10.4029016, 10.4145955, 10.2124974, 10.1958131, 9.7691726, 9.4870546, 9.4083257, 9.1658577, 8.7512338, 8.5266418, 8.4120368, 8.5058361, 8.6433323, 8.6920941, 8.8820514, 9.138274, 9.1778991, 9.3316576, 9.7208081, 9.925811, 10.0537237, 10.3454004, 10.3737041, 10.492505, 10.8728914, 11.1349733, 11.2716751, 11.4241424)), list(c(124.3316518, 124.2878965, 124.3853495, 124.3733023, 124.471651, 124.569955, 124.6774847, 124.7920458, 124.7220462, 124.7607856, 
125.0221084, 124.9679181, 125.1341615, 125.1845899, 125.0229146, 125.0254226, 124.944988, 124.8095569, 124.5824949, 124.3316518, 11.551211, 11.4933126, 11.2458294, 11.0687577, 10.8670817, 11.0112565, 10.9420615, 10.7249675, 10.3991277, 10.1520914, 10.0858509, 10.3766338, 10.2762799, 10.5916423, 10.7300323, 11.1966455, 11.4270473, 11.4250114, 11.3062105, 11.551211)), list(c(124.430762, 124.4633209, 124.5824949, 124.5283493, 124.430762, 11.7078991, 11.4662007, 11.4737235, 11.6812589, 11.7078991)), 
    list(c(121.952472, 121.8595423, 122.097935, 122.0253826, 122.0520747, 121.9204056, 122.0458496, 122.203315, 122.5795572, 122.7250202, 122.9408859, 123.0937833, 123.1653951, 122.90873, 122.7116294, 122.6166395, 122.3766346, 122.1033092, 121.952472, 11.9412305, 11.7816376, 11.7066329, 11.2974711, 11.0316401, 10.7607939, 10.4853546, 10.6370523, 10.688272, 10.9554189, 11.0295546, 11.2249989, 11.4749897, 11.5041375, 11.6104252, 11.5137211, 11.7404235, 11.8304242, 11.9412305)), list(c(119.9008526, 
    119.8800274, 119.9687025, 120.0966544, 120.3395704, 119.9008526, 12.3296114, 12.2070863, 12.0283263, 11.9612417, 12.0133055, 12.3296114)), list(c(122.5491479, 122.426212, 122.6221034, 122.6971189, 122.5491479, 12.5054169, 12.4591379, 12.2824386, 12.3999733, 12.5054169)), list(c(124.957931, 124.6512405, 124.2586964, 124.3891563, 124.5274536, 124.6850087, 124.9074578, 124.9003817, 124.9845783, 125.0024924, 125.1349677, 125.206266, 125.4158169, 125.5287657, 125.6312347, 125.4770386, 125.4920865, 
    125.4195789, 125.5129117, 125.1449548, 124.957931, 12.578336, 12.5091659, 12.5491386, 12.1954173, 12.0637059, 12.0095814, 11.741218, 11.4708683, 11.4141617, 11.2671068, 11.2828972, 11.0999662, 11.0895385, 11.1483307, 11.3374687, 11.5308522, 11.6708312, 11.8983281, 12.1958145, 12.585412, 12.578336)), list(c(123.2458745, 123.278747, 123.5353673, 123.7291538, 124.0112571, 124.0703738, 123.9737269, 123.8191725, 123.4591426, 123.2458745, 12.6028907, 12.1657977, 12.2150064, 11.985424, 11.7866031, 11.854954, 
    12.0883351, 12.2404052, 12.5095879, 12.6028907)), list(c(122.1149534, 121.9195995, 122.0154403, 122.1379283, 122.1149534, 12.6762568, 12.3016057, 12.2358121, 12.5400268, 12.6762568)), list(c(120.41584, 120.5367158, 120.651232, 120.7562538, 120.7929331, 120.9362464, 120.9783446, 121.1124769, 121.3320598, 121.5550015, 121.4754179, 121.4403957, 121.2004355, 121.0574805, 120.9449795, 120.7641808, 120.41584, 13.5312261, 13.2320514, 13.1890993, 13.0125242, 12.7274517, 12.5825071, 12.4237335, 12.2462149, 
    12.2966649, 12.6053983, 12.7700065, 13.1466438, 13.4299784, 13.4070623, 13.5228839, 13.4662518, 13.5312261)), list(c(121.8729331, 121.8095618, 121.8603932, 122.0300403, 122.1466615, 122.0108274, 121.8729331, 13.5558304, 13.4483261, 13.2899746, 13.2012153, 13.3703917, 13.5503931, 13.5558304)), list(c(124.205357, 124.1362531, 124.132939, 124.0212442, 124.1691704, 124.4137435, 124.4129374, 124.2866425, 124.205357, 14.1024883, 14.0158394, 13.793308, 13.6649733, 13.5329143, 13.6658174, 13.8666741, 
    13.9437395, 14.1024883)), list(c(121.9386781, 121.8366569, 121.9346026, 122.0258305, 121.9386781, 15.0525231, 15.0412265, 14.7291662, 14.8087392, 15.0525231)), list(c(120.8562148, 120.7291139, 120.5628704, 120.5912196, 120.4695377, 120.4337541, 120.3363011, 120.4578934, 120.404554, 120.4437413, 120.3320465, 120.2950089, 120.3487514, 120.4229608, 120.1683558, 120.0995206, 119.7904118, 119.7478656, 119.9112428, 119.8878648, 120.0112038, 120.0837114, 120.3895957, 120.3908049, 120.6096264, 120.5428961, 
    120.8370467, 120.9859582, 120.5866515, 120.6241817, 120.7425047, 121.0333411, 121.0758425, 121.2858412, 121.4462178, 121.4790903, 121.7499524, 122.1304044, 122.2374863, 122.4003708, 122.5991285, 122.6987312, 122.6337476, 122.4954055, 122.6049506, 122.8596004, 122.8858446, 123.1987155, 123.4066989, 123.6795763, 123.8258007, 123.8487308, 123.985819, 124.1299832, 124.1404182, 123.9049813, 123.755398, 123.6750082, 123.52959, 123.5824368, 123.8166197, 123.9391526, 123.4945678, 123.3375054, 123.2262137, 
    123.3195465, 123.2700138, 123.0462212, 123.0953955, 123.041653, 122.8633623, 122.7132864, 122.5070049, 122.1653818, 122.2774349, 122.2324703, 121.947456, 121.7495941, 121.6070869, 121.6004139, 121.48124, 121.376263, 121.6171189, 121.5520905, 121.7549683, 122.202061, 122.1970451, 122.2970957, 122.4570244, 122.5262626, 122.4387071, 122.2454133, 122.1362713, 122.1799818, 122.3012159, 122.319578, 122.1275381, 122.0058114, 121.8274759, 121.5999661, 121.1950164, 120.8562148, 18.6391435, 18.531242, 
    18.4974762, 18.3174997, 18.089978, 17.7374484, 17.5666333, 17.4024969, 17.2191438, 16.9750122, 16.8366719, 16.611186, 16.2800083, 16.1733234, 16.0329223, 16.1550005, 16.3416309, 15.9649439, 15.8408298, 15.4308239, 15.2691455, 14.8033268, 14.5882686, 14.4587172, 14.5058155, 14.7949846, 14.7574699, 14.4929051, 14.2320893, 13.824591, 13.9370609, 13.7670403, 13.6195881, 13.5978886, 13.7074784, 13.8437333, 13.9687163, 13.7466567, 13.595381, 13.5216674, 13.1645943, 13.2241313, 13.5299598, 13.649158, 
    13.8995213, 13.6916631, 13.5778774, 13.4199976, 13.0470596, 12.8774611, 12.8762445, 12.7133247, 12.547053, 12.6620553, 12.9391333, 13.143739, 13.1525032, 13.4811981, 13.5791437, 13.7304441, 13.6895279, 13.7978764, 13.934156, 14.0720495, 14.005809, 13.8299787, 13.7487174, 13.7774431, 13.8916509, 14.105418, 14.2737255, 14.3420764, 14.348333, 14.1341686, 14.0403692, 13.8978826, 13.9887275, 14.1449687, 14.6433366, 14.8324994, 15.1783006, 15.3499599, 15.6591402, 15.8999696, 16.0779102, 16.239117, 
    16.4358026, 16.5541815, 16.8741618, 17.1016587, 17.2908712, 17.3682842, 17.7974819, 18.1187285, 18.2225086, 18.3799912, 18.3828961, 18.2895684, 18.2945588, 18.3770367, 18.6112619, 18.6391435)), list(c(114.3395353, 114.3329071, 114.33752, 114.3395353, 11.4433095, 11.4424405, 11.4379219, 11.4433095)))"
Poland,POL,67.232475,32468.402,38385689,Poland,Europe,Europe & Central Asia,Eastern Europe,"list(c(23.5149576, 23.4858471, 23.3375179, 22.7919421, 21.4980021, 20.6223579, 19.8047108, 19.6506042, 19.6385121, 19.3165946, 18.7366236, 18.564155, 18.4224988, 17.9483557, 17.218264, 16.9550154, 16.5350179, 16.1433247, 15.8583104, 14.8024945, 14.47995, 14.2671298, 14.4501229, 14.3528042, 14.1389987, 14.208864, 14.5974669, 14.5353943, 14.714536, 14.7582913, 14.5910178, 14.7465127, 14.7351372, 14.9215341, 15.0370357, 14.8233645, 15.237316, 15.4213392, 15.8855399, 16.3431572, 16.4449097, 16.3630419, 
16.7060534, 16.9805879, 17.1109134, 17.6044934, 17.861696, 18.0354633, 18.5349549, 18.8045631, 18.850916, 19.0269674, 19.2336968, 19.5297284, 19.7906481, 19.9323492, 20.3249828, 20.6917305, 20.92766, 21.1240888, 21.6015908, 21.9349733, 22.0304558, 22.565731, 22.7384683, 22.7468432, 22.6407017, 23.2786698, 23.6864857, 23.9977443, 24.0985115, 24.0708789, 23.8579691, 23.63655, 23.6178297, 23.5501142, 23.6859931, 23.2186126, 23.466455, 23.9386276, 23.9149361, 23.818737, 23.5491289, 23.5149576, 53.9562563, 
54.153215, 54.2517316, 54.3632332, 54.3242287, 54.3710291, 54.4424834, 54.4531594, 54.4587704, 54.3644994, 54.372916, 54.4558159, 54.7866709, 54.8320809, 54.7245518, 54.6145647, 54.5437311, 54.2512102, 54.2445812, 54.0316582, 53.6729217, 53.698395, 53.2605324, 53.0594522, 52.9514266, 52.8191193, 52.609846, 52.3929009, 52.2371066, 52.0675329, 51.8198759, 51.6763465, 51.5263619, 51.4825906, 51.2577006, 50.8705611, 50.9943524, 50.8036751, 50.6749927, 50.6613871, 50.5795796, 50.377556, 50.0966297, 50.235988, 
50.4044693, 50.1708896, 49.980535, 50.010949, 49.9001427, 49.6788775, 49.5169011, 49.3939043, 49.5107935, 49.5708022, 49.4105141, 49.2364466, 49.4029665, 49.41975, 49.2959836, 49.4362853, 49.4351681, 49.3461357, 49.2250258, 49.0879765, 49.1591577, 49.3599896, 49.5297867, 50.0858792, 50.331997, 50.4120417, 50.5992432, 50.8343125, 51.1578929, 51.3186776, 51.5078901, 51.7546285, 51.9864206, 52.332917, 52.5491918, 52.7130054, 53.1627109, 53.2440219, 53.7675652, 53.9562563))"
Portugal,PRT,67.045494,28992.059,10417030,Portugal,Europe,Europe & Central Asia,Southern Europe,"list(list(c(-7.4185008, -7.5244631, -7.2041579, -7.004415, -7.2812783, -7.255482, -7.0328985, -6.9512099, -7.2416433, -7.2963262, -7.4964274, -7.0151187, -6.8724324, -7.0120285, -6.7889076, -6.8492783, -6.7933861, -6.8170776, -6.6516851, -6.4372974, -6.1966654, -6.5507836, -6.5463946, -7.0712348, -7.4057818, -7.7011863, -8.0944469, -8.2167559, -8.0854003, -8.2072166, -8.6361712, -8.8427663, -8.8321521, -8.6479498, -8.90878, -8.8655173, -9.0762774, -9.3708758, -9.4887957, -9.2667049, -9.0683504, -8.8875069, 
-8.7912631, -8.815895, -8.8004441, -8.9895728, -8.6229595, -8.1816441, -7.9846779, -7.7508981, -7.4185008, 37.2362394, 37.5524956, 38.0030453, 38.022262, 38.4191836, 38.7269735, 38.8779761, 39.0232186, 39.2093027, 39.4609819, 39.5862132, 39.6701559, 40.0078633, 40.2284084, 40.3344478, 40.4514115, 40.662249, 41.033598, 41.2361181, 41.3048663, 41.5904602, 41.6875368, 41.9360131, 41.9492215, 41.8176591, 41.9079081, 41.8098384, 41.9098447, 42.0184413, 42.1412147, 42.0468195, 41.8843465, 41.6774815, 40.9941467, 
40.1891557, 40.1208048, 39.5875042, 39.357897, 38.7074837, 38.6604103, 38.4353962, 38.5203816, 38.3400078, 37.930424, 37.4424589, 37.0358296, 37.1341476, 37.0912204, 37.0074763, 37.0462573, 37.2362394)), list(c(-17.1883474, -17.2087695, -16.9441774, -16.7417025, -16.9000189, -17.1883474, 32.8670724, 32.7325059, 32.6295699, 32.7520205, 32.834548, 32.8670724)))"
Puerto Rico,PRI,99.4786,35280.668,3240923,NA,NA,NA,NA,list()
Qatar,QAT,46.224567,149171.11,2892419,Qatar,Asia,Middle East & North Africa,Western Asia,"list(c(51.4017546, 51.6298466, 51.6306976, 51.5216451, 51.4910567, 51.5952275, 51.5742679, 51.4019785, 51.2496185, 51.0412321, 50.8355327, 50.7585466, 50.7657122, 50.8506254, 50.8117069, 50.9289103, 51.0986022, 51.3138408, 51.4017546, 24.6254677, 25.015661, 25.2528407, 25.2969597, 25.5904985, 25.7201491, 25.9168099, 25.9677813, 26.1578876, 26.0444743, 25.5541754, 25.5041226, 25.209839, 24.9203223, 24.7445417, 24.545274, 24.4711134, 24.4853645, 24.6254677))"
Reunion,REU,95.7974,NA,871486,NA,NA,NA,NA,list()
Romania,ROU,64.170494,26197.904,19166726,Romania,Europe,Europe & Central Asia,Eastern Europe,"list(c(28.5783508, 28.6727136, 28.6270773, 28.7771084, 28.7795268, 28.9445162, 29.1257628, 29.6082807, 29.6842368, 29.6763098, 29.6733987, 29.4241231, 28.962296, 28.7857968, 28.3497661, 28.2129019, 28.108731, 28.1114629, 28.2605983, 28.2515964, 28.096415, 27.8059369, 27.3151336, 27.1545332, 26.8301525, 26.6302752, 26.3346915, 26.1850187, 25.2298804, 25.1156328, 24.8829726, 24.5828656, 24.2282548, 24.0090302, 23.3319197, 22.8960233, 22.6850393, 22.2646835, 22.0241859, 21.858032, 21.7260942, 21.5293071, 
21.3299225, 21.1701282, 20.7489214, 20.2642538, 20.4044769, 20.8029326, 20.7660743, 20.9506797, 21.4814315, 21.3670048, 21.6294025, 21.9900146, 22.1803974, 22.2773578, 22.4644712, 22.6075605, 22.4655012, 22.676127, 22.923432, 22.8656141, 23.0585944, 23.4138322, 24.1986964, 24.5049838, 24.7412716, 25.0042515, 25.3849722, 25.7872347, 26.1116154, 26.7619443, 27.1847185, 27.399375, 27.7100065, 27.9443238, 27.9942595, 28.2361455, 28.5783508, 43.7387082, 43.9815735, 44.2933359, 44.4932988, 44.7191074, 
44.8191633, 44.7862417, 44.8504463, 45.2022559, 45.2662371, 45.2893766, 45.4430605, 45.3268665, 45.2375858, 45.3201878, 45.4674414, 45.8310938, 46.2323851, 46.4371398, 46.6211632, 46.9780377, 47.1377299, 47.643, 47.987535, 48.2275203, 48.2598212, 48.1833517, 47.9948096, 47.8930157, 47.7547746, 47.7240627, 47.9648921, 47.8964419, 47.9673749, 48.0204318, 47.9540423, 47.791619, 47.7311138, 47.5199039, 47.1868889, 47.0984027, 46.7207474, 46.6315164, 46.2979056, 46.2505342, 46.1263705, 45.964692, 45.7381138, 
45.6121625, 45.3731455, 45.1921262, 44.8665844, 44.6598435, 44.6335757, 44.4801152, 44.6283619, 44.714986, 44.5522896, 44.443966, 44.2154512, 44.1024103, 43.8394842, 43.7954397, 43.8537105, 43.6824733, 43.7639332, 43.6848071, 43.7243329, 43.619237, 43.7101066, 43.9710962, 44.0780542, 44.119318, 44.0122606, 43.959303, 43.9847763, 43.84296, 43.758496, 43.7387082))"
Russia,RUS,77.7925,25437.107,145579843,Russia,Europe,Europe & Central Asia,Eastern Europe,"list(list(c(150.5729434, 150.2183774, 149.6725328, 149.6441837, 150.2183326, 150.5729434, 46.2283382, 46.1904262, 45.8512291, 45.6154149, 46.0162345, 46.2283382)), list(c(154.8424257, 154.6071231, 154.7271032, 154.902035, 154.8424257, 49.6370427, 49.3566627, 49.2699889, 49.5966231, 49.6370427)), list(c(156.0483175, 155.8641151, 155.6450249, 155.4099015, 155.2574968, 155.4324286, 155.6199003, 155.8891502, 156.1725522, 156.0483175, 50.7678982, 50.6574643, 50.3762401, 50.3512385, 50.2183354, 50.0574763, 
50.1861835, 50.2483026, 50.5091183, 50.7678982)), list(c(156.4836316, 156.197005, 156.4104075, 156.4836316, 50.8710825, 50.7694872, 50.6385952, 50.8710825)), list(c(142.7274361, 142.3832603, 142.4224923, 142.6942054, 142.7874934, 142.4774888, 142.5691645, 142.2791342, 142.139986, 141.7675506, 141.9274792, 141.8307428, 141.6458686, 141.655811, 141.8024832, 142.0524753, 142.247471, 142.1007988, 142.0407863, 142.15584, 142.1670812, 142.0887515, 141.8704226, 142.1520333, 142.2036708, 141.9637554, 142.0587005, 
141.9862377, 141.8079022, 141.9320474, 142.1716045, 142.4103555, 142.5533105, 142.7707436, 143.1474785, 143.3303821, 143.5662668, 143.4812193, 143.1320275, 142.9428987, 142.6495543, 142.5362473, 142.5578786, 142.8228291, 142.979578, 142.9670829, 143.1074851, 143.5224667, 144.1458347, 144.3382776, 144.1312347, 143.807481, 143.6274437, 143.4358517, 143.2057891, 143.3091538, 143.1799927, 143.0957961, 143.3158268, 143.3174839, 143.0883617, 143.2742212, 143.1107992, 142.9957903, 142.8891562, 142.9708, 
142.7274361, 54.4208088, 54.2795387, 54.1416453, 53.9441651, 53.7291318, 53.6599368, 53.5116405, 53.3641635, 53.5204047, 53.3758077, 53.0341775, 52.568334, 52.3866195, 51.9041414, 51.6782831, 51.4933162, 51.1624612, 50.8950164, 50.5366772, 50.3633296, 49.7958412, 49.2199609, 48.6799817, 48.2982794, 47.9866412, 47.6224674, 47.1683426, 46.899135, 46.5991658, 46.1008227, 46.0161848, 46.5932817, 46.7104191, 46.6070362, 46.6070611, 46.4291204, 46.3016298, 46.8207786, 46.7483311, 47.3508516, 47.5499951, 
47.7583002, 48.1083221, 48.6941583, 48.8966785, 49.1116374, 49.2220961, 49.3162431, 49.2120657, 49.0345719, 49.7399787, 50.2924712, 50.9557948, 51.5033218, 51.535002, 51.7408243, 51.8495451, 52.329168, 52.5849686, 52.8275111, 53.114545, 53.1316266, 53.4749699, 53.5341344, 53.885795, 54.1416701, 54.4208088)), list(c(137.6574596, 137.300699, 137.4816769, 137.7100376, 138.0107716, 138.1216603, 137.6574596, 55.185827, 54.9057945, 54.8695708, 54.615384, 54.7974709, 54.9995939, 55.185827)), list(c(20.9536803, 
20.6741746, 20.3617516, 19.9374547, 20.1083558, 19.8047108, 20.6223579, 21.4980021, 22.7919421, 22.6991019, 22.6945338, 22.6864276, 22.6977584, 22.7223008, 22.7264658, 22.7379309, 22.7549493, 22.7560242, 22.7508738, 22.7378413, 22.7370799, 22.7365425, 22.7931961, 22.7935543, 22.8011679, 22.8101249, 22.8154992, 22.8124538, 22.8489091, 22.8722871, 22.8469833, 22.8392802, 22.7591144, 22.7456787, 22.7295112, 22.7100743, 22.6677521, 22.6575858, 22.6421797, 22.6028581, 22.291286, 22.0817351, 21.6483915, 
21.2815991, 21.2274535, 21.0815874, 20.5350711, 20.7040913, 20.9824326, 20.9536803, 55.280967, 55.0541157, 54.9379465, 54.9191022, 54.653743, 54.4424834, 54.3710291, 54.3242287, 54.3632332, 54.5076067, 54.5503601, 54.5909039, 54.594628, 54.6120075, 54.6227331, 54.6258614, 54.6472133, 54.6541899, 54.6562257, 54.6615141, 54.6644437, 54.6645927, 54.7531782, 54.7528058, 54.7503478, 54.7520858, 54.7554872, 54.7628114, 54.7747784, 54.8232422, 54.8612535, 54.8988676, 54.9174636, 54.9379713, 54.9598694, 
54.9718364, 54.969726, 54.9678391, 54.9737978, 55.0150864, 55.0648661, 55.0243968, 55.1809856, 55.2486909, 54.9849703, 54.8903517, 54.9579825, 55.054935, 55.2770194, 55.280967)), list(c(165.9415926, 166.1441122, 166.3840724, 166.2216358, 165.9415926, 55.3603663, 54.9608377, 54.9999911, 55.3245894, 55.3603663)), list(c(164.5940893, 163.996652, 163.7707097, 163.8633707, 164.1967084, 164.6374864, 164.7324762, 164.5940893, 59.235833, 59.0312273, 58.8858358, 58.6978896, 58.817907, 58.8708399, 59.0258397, 
59.235833)), list(c(71.3964674, 70.8698806, 70.7440336, 71.0041473, 71.5599341, 71.3964674, 66.8610882, 66.8010547, 66.6631364, 66.5914586, 66.6476935, 66.8610882)), list(c(49.1965212, 48.7350076, 48.402476, 48.2324706, 48.2307687, 48.6732933, 49.7266461, 50.093349, 50.1465988, 49.1965212, 69.5062394, 69.459588, 69.3149662, 69.0900017, 68.8516303, 68.6937504, 68.8720883, 69.1078777, 69.2603947, 69.5062394)), list(c(168.3175031, 167.7841538, 168.556702, 169.2133008, 169.4448861, 168.3175031, 70.0003866, 
69.8108017, 69.6078843, 69.5587005, 69.8604324, 70.0003866)), list(c(59.0450109, 58.4487829, 58.5961716, 59.0883184, 59.5049571, 59.6815907, 60.5015667, 60.4490334, 59.8074825, 59.0450109, 70.4704012, 70.2542009, 70.0608422, 69.8529096, 69.8771167, 69.7062768, 69.7320976, 69.9358592, 70.1245751, 70.4704012)), list(c(52.7625143, 52.3174817, 52.8625201, 53.2210721, 52.7625143, 71.3895502, 71.3486837, 71.0504028, 71.1482988, 71.3895502)), list(c(179.6475836, 178.8324893, 178.651198, 178.9237171, 180, 
180, 179.6475836, 70.8687628, 70.777049, 71.0683285, 71.2174938, 71.5345445, 70.9729402, 70.8687628)), list(c(-178.9653228, -178.2926012, -177.5900973, -177.5387285, -177.8600638, -179.4264333, -180, -180, -178.9653228, 71.6037643, 71.5361831, 71.27209, 71.1066874, 71.0254013, 70.8833119, 70.9729402, 71.5345445, 71.6037643)), list(c(77.6450167, 76.9399601, 77.8162313, 78.3448782, 77.6450167, 72.6045222, 72.2687514, 72.2874716, 72.4587335, 72.6045222)), list(c(79.2823711, 78.6362073, 79.3749425, 79.5238092, 
79.2823711, 73.0962612, 72.7999665, 72.6978995, 72.9200336, 73.0962612)), list(c(54.931158, 54.2274001, 53.4048714, 53.0736385, 52.5685935, 52.3711794, 52.7962377, 52.6886632, 52.3586843, 51.5261236, 51.4061883, 51.6037367, 51.8724492, 52.3100026, 53.1686284, 53.697544, 53.6862133, 54.7412231, 55.0875486, 55.6387226, 56.4150328, 57.1423478, 57.603727, 57.035042, 56.3462424, 55.7449984, 55.3861329, 55.5886077, 55.3687562, 55.8436158, 56.5062607, 56.3324037, 55.3198505, 54.931158, 73.4241616, 73.2612665, 
73.2345519, 72.9333413, 72.856698, 72.7233231, 72.6491626, 72.2916178, 72.0599498, 72.0566477, 71.8325026, 71.5291568, 71.4628667, 71.5537611, 71.4616501, 71.0854348, 70.7958188, 70.6749821, 70.5653674, 70.6483418, 70.5654171, 70.5520846, 70.7233466, 70.8571186, 71.1474794, 71.5662247, 71.9791354, 72.1750266, 72.2983213, 72.7849953, 73.1208158, 73.2387478, 73.334583, 73.4241616)), list(c(70.8873917, 70.021242, 69.9461816, 70.459915, 70.8525487, 71.6861842, 71.2724118, 70.8873917, 73.4895828, 73.3907682, 
73.0591933, 73.0212316, 73.1070612, 73.1699748, 73.4303934, 73.4895828)), list(c(142.0700312, 140.9661605, 140.7063156, 140.9048045, 141.6974614, 143.2099093, 143.5235415, 143.5238102, 142.5675523, 142.0700312, 73.9087004, 73.7991603, 73.5500136, 73.4037283, 73.2745494, 73.1854177, 73.2416278, 73.463315, 73.8253536, 73.9087004)), list(c(140.8223098, 140.417405, 140.176146, 140.3536305, 141.0361153, 141.1161468, 140.8223098, 74.2678839, 74.2545265, 74.0891487, 73.9407779, 73.9958459, 74.1958337, 74.2678839
)), list(c(112.127405, 111.9500548, 112.2249924, 112.8698127, 113.4986893, 113.0300101, 112.127405, 74.5504239, 74.3354154, 74.1329201, 74.0803845, 74.3916751, 74.5145726, 74.5504239)), list(c(146.5165054, 146.2282665, 146.3331539, 147.6824934, 148.3075633, 149.1549479, 150.6148626, 150.6349264, 150.1699196, 149.3899369, 148.8315973, 148.5499419, 147.6165693, 146.8231958, 146.5165054, 75.5870829, 75.3916634, 75.1595486, 74.9462283, 74.7637194, 74.7454213, 74.8754195, 75.0916198, 75.2037172, 75.2612183, 
75.1908316, 75.3754261, 75.4379176, 75.3421072, 75.5870829)), list(c(135.8382764, 135.6099156, 135.9165165, 136.2948636, 135.8382764, 75.8508035, 75.3746068, 75.3778592, 75.6125065, 75.8508035)), list(c(139.1799842, 137.6666854, 137.6149134, 137.1517428, 137.2182043, 136.9516416, 137.2517038, 137.8936578, 138.1823445, 139.0473746, 139.5260858, 141.5700021, 142.4074444, 143.7287482, 142.7466491, 142.2550397, 142.2433507, 143.0515033, 142.536516, 143.3799595, 143.9465844, 144.7383456, 144.781474, 145.2817717, 
143.6565989, 143.1631981, 142.556535, 141.8098728, 141.0216944, 140.8982658, 139.8448235, 139.1799842, 76.210409, 75.9904597, 75.7858292, 75.7174783, 75.4033077, 75.2633038, 75.1041578, 74.9250006, 74.7553772, 74.6362287, 74.739984, 74.9304379, 74.80039, 74.9308103, 75.0695727, 75.2908378, 75.6479109, 75.6149893, 75.3345844, 75.046185, 75.0070812, 75.1491706, 75.3858537, 75.5608151, 75.8487428, 75.7962072, 75.860387, 76.112091, 76.0300104, 75.7466758, 75.8741664, 76.210409)), list(c(67.6765917, 66.9099103, 
65.9567425, 65.2615835, 64.5082034, 63.716487, 63.2165475, 61.1264127, 61.1316078, 59.7332731, 58.8849031, 58.2766725, 57.0865452, 56.9583694, 55.8282992, 56.3499148, 56.5562412, 55.6449926, 55.0287902, 53.6998728, 54.3686981, 54.3011617, 54.962463, 55.3799077, 56.6787293, 57.8812622, 57.877545, 58.6561841, 58.7249744, 59.0787344, 59.2950031, 60.1775443, 60.5600116, 60.828321, 61.7148481, 63.678285, 64.936531, 66.2864527, 68.2866137, 68.718121, 69.1464486, 68.5465034, 67.6765917, 77.0062385, 76.9320283, 
76.7178887, 76.4390976, 76.3424679, 76.3228291, 76.2303209, 76.2879213, 76.0766369, 75.9020728, 75.8508283, 75.5770773, 75.3828992, 75.2316484, 75.089137, 75.0062867, 74.71749, 74.5403935, 74.1557865, 73.7203818, 73.5541598, 73.4024869, 73.4346141, 73.3353775, 73.2549851, 73.7683242, 74.0104198, 74.1999799, 74.4887517, 74.4700068, 74.6795532, 74.724566, 74.849549, 75.124169, 75.3358009, 75.6699828, 75.7720994, 75.9895659, 76.217907, 76.3824903, 76.6844953, 76.9470242, 77.0062385)), list(c(179.5291263, 
178.8465967, 178.3282056, 177.6657847, 177.2791523, 177.1665618, 176.6849395, 176.4391124, 176.6991365, 177.086575, 177.5340708, 177.4107766, 177.4983321, 177.9849703, 178.3307584, 178.6974165, 178.7840763, 178.6800398, 179.3340858, 179.2741182, 179.5774049, 179.5975136, 179.2099855, 179.034158, 178.1615591, 177.5399825, 176.9616238, 176.2867077, 175.7016312, 174.7241897, 174.2166815, 173.4949199, 172.9649742, 172.5149257, 172.0357666, 171.7199847, 171.3449517, 170.6275343, 170.3882907, 169.9657852, 
169.7491134, 169.359973, 168.6415703, 168.3950267, 167.0608247, 166.7392207, 166.2815586, 166.0908176, 166.3124606, 166.2749752, 165.3398559, 165.0599471, 164.8008188, 164.7107105, 163.7599612, 163.3757472, 163.4191442, 163.1940976, 163.3291256, 163.0807905, 162.9073814, 163.0391849, 162.5541589, 162.2458114, 161.9774573, 162.1383264, 162.5108067, 162.7066532, 163.3175262, 163.0850451, 162.772443, 162.8492052, 162.7707859, 163.1865736, 163.3508017, 163.3483385, 163.0366321, 162.8149891, 162.6066026, 
162.1091264, 161.7941954, 161.7474394, 161.8657625, 162.1591069, 162.1266375, 161.6949509, 161.2599503, 161.1949667, 160.6166079, 159.9758184, 159.8350131, 159.9574116, 159.8557935, 160.0508339, 159.9640846, 159.6408235, 159.1233282, 158.4850466, 158.5956665, 158.2741521, 157.8992087, 157.6082827, 157.2308761, 156.7658692, 156.7157544, 156.5275661, 156.4841243, 156.4890954, 156.365846, 156.1291551, 156.0808317, 155.9125281, 155.732446, 155.5958057, 155.5575142, 155.732446, 155.9557013, 156.0690979, 
156.3649951, 156.7941736, 156.9807944, 156.9924834, 156.8508272, 157.3750403, 157.688359, 158.2299041, 158.6782508, 159.120865, 159.7174514, 159.8574505, 160.4357645, 160.4841327, 160.8616289, 161.5099872, 161.9357621, 161.939121, 162.2050119, 162.7667105, 162.9007532, 163.3408146, 163.7516759, 163.4825604, 163.9391028, 164.0290767, 163.7557961, 164.0524994, 164.1358451, 164.5225223, 164.961688, 164.6099434, 164.3766562, 163.2592156, 163.087374, 163.140803, 162.9724994, 163.3474876, 162.984054, 162.8299922, 
162.4333727, 161.9816223, 161.4740693, 160.6974456, 160.4074601, 160.1790993, 160.203373, 159.7758067, 160.2791051, 160.4124761, 160.3049015, 159.9008476, 159.5792436, 159.3499871, 159.0632262, 158.7083018, 158.2466091, 158.0350428, 157.478405, 156.6758058, 156.664072, 156.3424232, 155.9208134, 155.9157527, 155.5632468, 154.7790991, 154.4041557, 154.2423908, 154.2640669, 154.0808051, 154.3858832, 154.659119, 154.9766475, 155.1816303, 155.0249262, 154.5333616, 154.0516498, 153.8485032, 153.402978, 
153.3255888, 153.0150468, 152.7249269, 152.4091002, 152.0666263, 151.3632715, 151.1691267, 151.429106, 152.1116804, 151.6424637, 151.133388, 150.7407991, 150.4516645, 149.6766531, 149.0974435, 148.9674762, 148.4266477, 148.2648828, 147.885013, 147.4241264, 147.2966671, 146.7849939, 146.4332941, 146.3099103, 146.0466617, 145.8274371, 145.9691381, 145.253333, 145.0232704, 143.8766296, 143.4799653, 143.2367358, 142.4616796, 142.1008435, 141.6940577, 141.3116799, 140.7674925, 140.5141414, 140.1000108, 
139.8224308, 139.4191831, 139.1849554, 138.1125241, 137.7208309, 137.5849968, 136.8074326, 136.3641019, 136.2258493, 135.8682379, 135.5483357, 135.2240894, 135.2658294, 135.9699007, 136.4983237, 136.8099854, 136.7450017, 136.8141504, 136.6941703, 136.7124427, 137.1907957, 137.3349599, 137.6665958, 137.3082678, 137.9483856, 138.2973982, 138.3674874, 138.590877, 138.2508214, 138.4649852, 138.6608318, 138.7608376, 138.7232626, 139.2833489, 139.7233207, 139.7874534, 140.2025246, 140.2591781, 140.5658238, 
140.94332, 140.9150156, 141.2499208, 141.4391392, 141.203344, 141.2642074, 141.1191923, 141.5050185, 141.3424475, 141.3583463, 141.1041444, 140.8775302, 140.6790861, 140.6541406, 140.5058113, 140.4208534, 140.5074684, 140.6390927, 140.4045963, 140.5345636, 140.5504176, 140.3145329, 140.3591839, 140.237905, 140.1745785, 139.9191225, 139.6444984, 139.26539, 139.0528832, 138.6133145, 138.3495732, 138.3357793, 138.1837329, 138.1058511, 137.7945925, 137.6871075, 137.3616968, 137.1341869, 136.7991921, 
136.7549889, 136.3775375, 136.192932, 135.8866894, 135.5291228, 135.4999227, 135.2100268, 135.1487155, 134.6090962, 134.1770962, 134.1199948, 133.7103875, 133.6549431, 133.1516448, 132.9258367, 132.5366516, 132.3016178, 132.2587133, 131.9637119, 131.8900399, 131.257043, 131.2103766, 130.8608713, 130.6990616, 130.6394074, 130.6263301, 130.4594597, 131.1362567, 131.3112333, 131.1947913, 131.2344263, 131.3032167, 131.1044591, 130.9605188, 131.2708369, 131.6243729, 131.8255489, 132.9623816, 133.1303717, 
133.0873329, 133.1809792, 133.3861411, 133.5048672, 133.7356016, 133.6817696, 133.9107126, 133.8456842, 134.0134951, 134.016227, 134.2197767, 134.1693483, 134.4861603, 134.7752053, 134.5445156, 134.6674964, 134.7139388, 134.4887578, 134.0177049, 133.7444692, 133.4680089, 133.0550874, 132.5003754, 131.8205329, 131.5385192, 131.0309215, 130.8590799, 130.6560228, 130.8328356, 130.7297396, 130.5244433, 130.6101178, 130.4645652, 130.2651358, 129.9283944, 129.7137827, 129.518787, 129.2143806, 128.5514223, 
128.3179112, 127.849008, 127.5262396, 127.5007567, 127.5999116, 127.3827024, 127.294699, 127.2971622, 126.9166206, 126.6680616, 126.4355806, 126.5566356, 126.3065986, 126.3479356, 126.0658771, 125.6153807, 125.1643917, 124.8180661, 124.4398982, 124.2371099, 123.6265504, 123.2815685, 122.8198309, 121.8666632, 121.2335767, 120.8264773, 120.3333452, 120.0290732, 120.0753813, 120.4526088, 120.6815965, 120.622659, 120.7794527, 120.6530235, 120.0880556, 119.7553, 119.5097416, 119.4397868, 119.2752453, 
119.3313166, 119.0566477, 118.5547824, 118.0457515, 117.8019398, 117.4712891, 117.0576511, 116.7140575, 116.625472, 116.2374512, 115.7439608, 115.2809245, 114.9904912, 114.337923, 114.1806815, 113.6441076, 113.2175266, 113.0543286, 112.6941195, 112.4776717, 111.9403812, 111.6866271, 111.2957848, 110.8112963, 110.1972884, 109.5556479, 109.3384835, 108.5218216, 108.2385987, 108.035273, 107.9201745, 107.7940588, 107.0995715, 106.9797258, 106.5917498, 106.2613679, 105.844371, 105.2985712, 104.3926521, 
104.135539, 103.8467628, 103.6843261, 103.2394727, 102.9900627, 102.6484397, 102.5361627, 102.305473, 102.2098562, 102.1275854, 101.4884529, 101.1365292, 100.6544143, 99.9094091, 99.8020585, 99.235747, 98.8527422, 98.8044636, 98.487562, 98.3550868, 98.2288815, 98.0342442, 97.9824722, 97.8574762, 98.0962272, 98.3283051, 98.1825734, 97.9411801, 97.7757428, 97.5796723, 97.2043258, 96.9950884, 96.5148097, 96.3689884, 96.2590403, 95.8594201, 95.5323523, 95.0819903, 94.9981072, 94.6141619, 94.3878613, 
94.3412397, 94.2403829, 93.7031372, 93.3972529, 93.1024306, 93.0022904, 92.5615124, 92.0717393, 91.7230849, 91.3871943, 90.9780797, 90.0175223, 89.6312034, 89.7227448, 89.4582869, 89.1897536, 88.8461152, 88.595093, 88.2218515, 88.1493439, 87.8144386, 87.2857917, 87.2693107, 87.0258572, 86.8512837, 86.614772, 86.3756627, 86.2022984, 85.5963519, 85.3212351, 84.9820305, 85.0380122, 84.6289423, 84.3252525, 84.1681005, 83.8245517, 83.4055842, 83.2235315, 82.7398492, 82.5657235, 82.0789062, 81.9059001, 
81.4489547, 81.4126337, 81.0603517, 81.1791226, 80.6778843, 80.4460303, 80.4827991, 80.1936645, 80.0703255, 79.1919942, 77.9073248, 76.5367123, 76.4348255, 76.7570117, 76.8785593, 76.2581471, 76.2037776, 75.5985028, 75.0484037, 74.7880661, 74.4880487, 74.2874101, 73.9016286, 73.8209253, 73.3973449, 73.238715, 73.5042029, 73.0675452, 72.9940076, 72.4192765, 71.7520635, 71.7206689, 71.2962377, 71.193903, 70.9563164, 70.9936227, 70.7909687, 70.4775157, 70.2275235, 69.9503915, 69.7105208, 69.3173945, 
68.9323744, 68.6590043, 68.282359, 68.2343491, 67.8199049, 67.5626576, 67.1012336, 65.9992439, 65.8456747, 65.2156784, 64.7392513, 64.0890568, 63.3661308, 63.1526835, 62.5696223, 62.0071624, 61.8572209, 61.4799486, 61.2948058, 61.1359519, 61.226732, 60.9006046, 61.2145055, 61.2243583, 62.1188572, 62.130591, 61.6327564, 61.2503339, 60.7121029, 60.9819349, 61.0675198, 60.5108373, 60.0332457, 60.5179134, 60.5395447, 60.9347759, 61.0012822, 61.5037745, 61.5681759, 61.4496289, 60.8094216, 60.3256944, 
60.0384856, 59.9967456, 59.8129911, 59.5167804, 59.4102359, 58.8746473, 58.6572589, 58.5211561, 58.3168898, 58.1029947, 57.7723441, 57.7361575, 57.5079758, 57.1439153, 56.6997784, 56.3617382, 56.181253, 56.0560778, 55.6608914, 55.3839832, 54.7367445, 54.6786131, 54.4147823, 54.453656, 54.1912135, 54.1386355, 53.6941851, 53.5751455, 53.3358123, 52.9580474, 52.5362585, 52.3331566, 51.8951554, 51.6581958, 51.4311338, 51.2721008, 50.892858, 50.8110351, 50.2379162, 50.0394273, 49.7760444, 49.4293158, 
49.4174924, 49.1290296, 48.8142778, 48.6523785, 48.7322309, 48.9035799, 48.4504859, 48.2631038, 47.9374691, 47.6636959, 47.473358, 47.2572684, 47.3510042, 47.1816258, 46.9027919, 46.7807517, 47.0461052, 46.7788259, 46.4936772, 47.1230913, 47.0501807, 47.1940762, 47.4147787, 47.6551867, 48.0271743, 48.1995533, 48.5199033, 48.7101965, 49.0204698, 48.5804084, 49.1647236, 49.027322, 48.7381874, 48.3604673, 48.2768081, 47.9414998, 47.6510665, 47.5837988, 47.2956047, 47.1974799, 47.0051713, 46.6910017, 
46.8404954, 46.9936615, 47.2269935, 47.5785141, 47.4729101, 47.5660638, 47.4708948, 47.7107654, 47.7562226, 47.8937138, 48.1177304, 48.3569292, 48.5809906, 48.3856815, 48.0804241, 47.8836819, 47.7853779, 47.2891108, 47.1730718, 46.6939576, 46.4257378, 45.7847243, 45.6063888, 45.7811862, 45.5714114, 45.3545605, 45.1583556, 44.5114752, 43.9615104, 43.8093296, 43.559651, 43.1997107, 43.0006396, 42.7763543, 41.6181589, 41.1510023, 40.9505876, 40.6595721, 40.5654332, 40.1065171, 40.0080788, 39.4675189, 
39.2874816, 38.7999925, 38.2024656, 37.9286476, 37.5500318, 37.3871025, 37.3203275, 37.136573, 36.6328715, 36.8583212, 37.1433356, 37.4574604, 37.5929362, 37.6207928, 37.8553787, 37.9949748, 38.3741729, 38.0741106, 37.8837727, 37.7536711, 38.0591075, 38.4104042, 38.8466589, 39.1037271, 39.2908405, 39.1983139, 38.5607936, 38.2296504, 38.2208724, 38.350347, 38.6165515, 38.8429865, 39.4774613, 39.7380676, 40.0194991, 39.8447464, 39.7046577, 39.8531661, 39.6932822, 39.9381688, 40.1857425, 40.0291727, 
39.5915745, 39.2858693, 39.1798623, 38.9490831, 38.5823802, 38.3500783, 38.056286, 37.7556864, 37.6263909, 37.3315238, 36.6887189, 36.3611585, 36.0675901, 35.7386413, 35.4764676, 35.4871713, 35.3076714, 35.0618443, 34.8174055, 34.3841963, 34.2227002, 34.4150087, 34.1005704, 34.115036, 33.7894014, 33.360178, 33.3111828, 32.9077111, 32.5498309, 32.2907473, 32.0675817, 31.7817612, 31.6268485, 31.5876165, 31.3728705, 31.4232541, 31.6300731, 31.8329957, 32.1060971, 32.7372578, 32.7396315, 32.4948792, 
32.5012388, 32.2084318, 31.8629124, 31.8569559, 31.3150973, 31.2093142, 30.7487411, 31.0281124, 30.8364757, 30.9329882, 30.7323496, 30.2753593, 29.3590499, 29.4497404, 29.0863068, 28.7334874, 28.5540771, 28.3017561, 28.1512324, 28.2388774, 27.8716819, 27.6589512, 27.8670242, 27.3514546, 27.4111087, 27.6563536, 27.4909611, 27.5529889, 27.3573215, 27.7311005, 28.0648413, 28.0007086, 28.4273792, 28.9747016, 29.1349886, 29.744921, 30.0216052, 29.9193601, 29.5916653, 29.0282649, 28.5924582, 28.7107364, 
28.6623682, 28.0773364, 27.7996669, 28.8197441, 29.2646423, 29.7479664, 30.304649, 31.2221676, 31.5870791, 31.2380216, 30.7877939, 30.4837906, 29.9715799, 30.2606697, 30.5279042, 30.4828053, 30.0457893, 30.0431918, 29.7400394, 29.6266875, 29.8596612, 29.7334111, 30.0874398, 29.9241522, 29.0619884, 29.0726025, 29.9301086, 30.0171715, 29.6596496, 29.3268045, 28.6467381, 28.4340074, 28.9300058, 29.2414883, 29.2873037, 29.5676156, 30.516484, 30.9402882, 30.8227713, 31.6925487, 31.9090861, 32.9116074, 
33.1074988, 32.7399897, 33.4016045, 34.365073, 35.1899753, 35.8332281, 37.5549134, 38.3930723, 38.6488417, 39.6299108, 39.8625262, 41.0243492, 41.0827942, 41.3538354, 41.2218081, 40.373259, 40.0025702, 39.1102658, 38.3032328, 37.7287256, 37.1454853, 36.5159816, 35.5519758, 34.9027217, 34.4909647, 34.3566533, 33.5097613, 32.8581784, 32.7619794, 32.3240229, 32.7633229, 33.0967055, 33.2071015, 33.5963763, 34.5102672, 34.859683, 34.6939322, 34.6714051, 34.4052455, 34.9402071, 34.8226902, 34.965063, 35.4028852, 
35.7050971, 36.0956706, 36.2431937, 36.6472028, 37.2184855, 37.4150486, 38.0768425, 37.9653269, 37.6861795, 37.1395736, 36.46206, 36.8282702, 37.0447181, 37.70902, 38.1229267, 38.431319, 38.8919369, 39.5741082, 39.8932042, 40.5179606, 40.6712163, 40.4111474, 40.3848584, 39.724408, 39.8637354, 40.4828041, 40.7400067, 41.3244562, 41.9704857, 42.2038624, 42.6782742, 43.26559, 43.886674, 44.1080931, 44.4820512, 44.5148341, 44.3020139, 43.7714412, 44.134606, 44.2124431, 43.4949361, 44.6166313, 45.5298953, 
45.9665978, 46.0632447, 46.5458522, 46.6934201, 46.333032, 45.4663, 44.9874545, 44.9204107, 45.5134591, 46.0189519, 46.9239306, 47.7323968, 47.8249682, 48.4779394, 49.0052875, 50.0441746, 50.786627, 51.0800162, 52.1265168, 52.4132329, 52.7158031, 52.5449916, 53.4916655, 53.9566276, 53.7274159, 53.9474914, 53.7249079, 54.3350195, 54.8491559, 55.0217141, 55.4100035, 56.0783809, 57.3033513, 57.64484, 58.8332208, 59.3624051, 59.1907427, 59.1666481, 59.5949309, 59.9474816, 59.9406743, 60.5216305, 60.9958184, 
60.1890989, 60.6566585, 60.8498628, 61.4432246, 63.1232595, 64.3298679, 65.1749237, 67.062539, 68.2608173, 68.4075342, 68.897397, 69.1316695, 68.788255, 68.3915906, 68.0041073, 68.1108309, 66.770762, 66.8390598, 67.3537337, 67.1036967, 67.3198759, 67.3575404, 67.1824295, 66.6136996, 66.8737237, 66.9087011, 67.9561869, 68.3762293, 68.631103, 69.0088231, 69.4075028, 70.7949098, 71.6323969, 72.8375274, 72.7162037, 72.8511869, 72.5836389, 72.3361548, 71.8111803, 72.05123, 72.5498707, 72.8111488, 72.6987374, 
72.7561971, 72.4336078, 72.6674772, 72.4823791, 72.5440486, 72.753286, 73.6040744, 73.0992085, 73.0257604, 73.1807627, 73.0824588, 72.5224621, 72.4190973, 71.8798811, 70.8649094, 70.5799847, 70.1133208, 69.5582952, 69.1274596, 69.4565876, 70.396678, 71.2765769, 71.826676, 72.4241581, 72.4808564, 72.8583078, 73.4799292, 73.8924924, 73.9257232, 74.1457539, 74.6015797, 74.812519, 74.8373749, 74.3157593, 74.5632434, 75.3166235, 76.1933426, 76.5908578, 76.6441525, 77.2933169, 77.3250698, 77.0941562, 77.8732879, 
78.4241484, 77.5899754, 77.4724585, 77.5224838, 77.6899365, 78.1840986, 77.7892257, 77.6990727, 76.4290929, 76.000004, 75.5449843, 74.8648731, 73.7641822, 73.9075403, 73.5441067, 73.7962038, 73.6913163, 74.273661, 74.2736162, 73.9387109, 73.5661859, 73.0086972, 73.4037045, 73.5925197, 74.5799931, 75.0187558, 75.0862026, 74.7986803, 75.4888234, 75.5087081, 75.7136909, 75.278735, 75.2562975, 75.5435959, 75.3312235, 76.000004, 77.7899423, 77.9474078, 78.3574181, 78.2711614, 77.700058, 76.6086824, 76.2511157, 
76.0249942, 76.7549516, 77.8074534, 78.103664, 78.0813161, 77.3937258, 77.8736462, 78.5324395, 79.5935849, 79.9224889, 80.8687149, 81.3512329, 81.7150247, 82.6874055, 83.2548813, 82.9587602, 83.0213254, 82.2437165, 82.2062759, 83.0761428, 83.0462261, 82.6325433, 83.3991799, 83.5332674, 83.9598932, 82.9612234, 83.3824749, 83.7912313, 83.408764, 83.1587718, 83.668788, 83.2949195, 82.7049613, 82.3474842, 82.2086495, 81.1950214, 80.7412109, 80.6737641, 80.8711781, 80.35113, 80.8748953, 81.812433, 83.545046, 
84.7625372, 85.5025712, 85.6223722, 87.1312821, 86.8160824, 86.1050693, 86.6949827, 85.7824352, 86.1488246, 86.773805, 87.3363097, 87.1832331, 88.1715127, 88.8333514, 89.6299046, 90.0131781, 90.8867174, 91.6482037, 93.4333499, 92.9699553, 93.8981776, 95.0631356, 95.4249121, 96.240096, 96.3132754, 97.9632593, 98.7199535, 99.781502, 98.8583852, 101.0766511, 101.1817624, 100.9317255, 101.7698844, 103.383413, 104.7433666, 106.0614906, 105.2399024, 105.9098024, 106.7999124, 107.3517581, 107.261426, 106.8148707, 
106.6200094, 108.0215687, 109.4034223, 110.036688, 110.6465308, 111.5981311, 112.2483256, 113.2864513, 113.5398919, 113.9183286, 113.718317, 112.772494, 112.1937322, 111.8498699, 110.4386818, 109.5572602, 108.8187936, 108.2398079, 107.1550158, 107.2088479, 106.3399215, 106.8750175, 107.8048969, 108.3199738, 110.129976, 110.4925138, 109.6687311, 109.5637541, 110.0174302, 110.332406, 111.2838271, 111.6074465, 112.4150617, 113.4537696, 114.0925438, 114.9087578, 115.4023378, 116.480009, 117.3549367, 
118.622498, 118.3810599, 118.4975467, 119.1098975, 121.107461, 121.6424226, 122.5399669, 123.3387594, 123.5113176, 123.3061556, 124.0111675, 124.3237248, 124.7424684, 125.7423921, 126.304852, 127.2749487, 128.0136839, 128.8412734, 128.8982405, 129.2075733, 129.4237076, 128.4396379, 128.7248762, 129.352454, 129.5086655, 129.1786867, 128.4662405, 128.3162541, 128.9123479, 129.2174261, 129.4237076, 130.1174783, 130.347541, 130.9012229, 131.3110542, 131.5987556, 132.3037675, 132.5787946, 133.1461809, 
133.6324161, 134.3574918, 134.9537199, 135.887406, 136.8397676, 137.9926335, 137.9088401, 138.0760688, 138.8475421, 139.726187, 139.9412913, 139.7136919, 139.6561874, 139.9062691, 139.1237337, 139.587397, 140.1523201, 140.7600133, 141.2136895, 140.7760913, 141.3124413, 142.1699026, 144.0225405, 145.765051, 145.9300405, 144.7998808, 144.4999081, 146.9461765, 146.3099551, 145.6186475, 145.8462022, 144.9138148, 145.3436652, 146.1511908, 147.1198543, 148.3673966, 149.4999299, 150.0636886, 149.4986759, 
149.0311611, 149.5224122, 149.9649815, 150.6387332, 151.0937081, 151.6436281, 152.3773922, 152.8574469, 153.7075187, 154.5573666, 155.9223809, 157.1100451, 158.5049761, 159.6036517, 159.961084, 160.1110255, 159.7007464, 160.0574622, 160.856389, 161.1107701, 161.4341207, 161.8299341, 162.2533354, 163.2949095, 163.7949834, 164.0065496, 164.5448702, 165.7998468, 166.2133952, 166.9532053, 167.743399, 168.2982902, 168.249071, 169.4157756, 169.4898955, 170.1499428, 170.7782372, 171.0308269, 170.6016036, 
170.5787182, 170.9724267, 171.986637, 172.7700233, 173.0316597, 173.5099678, 174.4866031, 176.0616163, 176.9666397, 177.5582101, 178.0765116, 178.7715811, 179.3841111, 180, 180, 180, 180, 179.5291263, 64.7966587, 64.6603791, 64.6379099, 64.6982911, 64.9108417, 64.7654254, 64.8537626, 64.6832951, 64.6141746, 64.7079243, 64.7316596, 64.4941571, 64.3962364, 64.2020583, 64.3258496, 63.9332977, 63.7358424, 63.3953791, 63.1883155, 62.9991278, 62.8199954, 62.6249732, 62.4912508, 62.328331, 62.4904067, 62.5587576, 
62.5204483, 62.297048, 62.1912817, 61.8549646, 61.8037449, 61.5428795, 61.2845465, 61.1728712, 60.841619, 60.8362562, 60.6095538, 60.3966059, 59.9437225, 60.0658255, 60.3858059, 60.5270511, 60.5512582, 60.5937137, 60.3491352, 60.0957678, 59.812036, 59.8757937, 60.1992003, 60.4720576, 60.1479061, 59.8478625, 59.8149657, 59.9941477, 60.0237424, 59.7808026, 59.638316, 59.5649748, 59.2874499, 59.2599656, 59.0975174, 58.9683137, 58.7641301, 58.4982991, 58.0241382, 57.8445341, 57.7833337, 57.9428521, 57.7224311, 
57.4820734, 57.3308226, 57.0374328, 56.7774364, 56.7337395, 56.3133308, 56.1795587, 56.0087436, 56.0587467, 56.2295867, 56.1083278, 55.6283076, 55.3699994, 55.0833379, 54.8466796, 54.7453574, 54.4945224, 54.4862796, 54.5795824, 54.4754299, 54.1274686, 53.6570568, 53.5766148, 53.3924423, 53.1941677, 53.1141478, 53.2499309, 53.1120623, 52.7820515, 52.6974136, 51.9666329, 51.6416373, 51.5271068, 51.2100064, 50.9824599, 51.1758434, 51.3141341, 51.4874816, 51.9991324, 52.4224708, 52.9066373, 53.254102, 
53.9491555, 54.4433276, 54.9974338, 55.3449979, 56.0949705, 56.6199786, 56.7775108, 56.8953931, 57.1674559, 57.3849968, 57.5308104, 57.7975103, 57.7712177, 58.0112526, 58.0145547, 58.2612683, 58.4483456, 58.8458631, 59.1241576, 59.424971, 59.5474464, 59.6095903, 60.0445729, 60.2191618, 60.4165923, 60.5270759, 60.629565, 60.7316319, 60.7949924, 60.9195782, 61.0049609, 61.2241653, 61.3583098, 61.4766638, 61.6858378, 62.2549649, 62.4367042, 62.4036833, 62.6812578, 62.6937462, 62.5166497, 62.2208019, 
62.0057685, 61.7983076, 61.70498, 61.533296, 61.716227, 61.6704198, 61.3695816, 61.1933044, 60.7558142, 60.7016648, 60.8157981, 61.0337363, 61.2583035, 61.5500051, 61.7608425, 61.9387584, 61.7091014, 61.6575093, 61.8895745, 61.9196162, 61.8337617, 61.8187161, 61.7312478, 61.7837337, 61.519169, 61.2108328, 61.1266915, 60.8541322, 60.7182994, 60.6154131, 60.2758188, 60.0691276, 59.8824972, 59.6641618, 59.5133082, 59.4707782, 59.5374656, 59.4936943, 59.3779223, 59.1678794, 59.2128921, 59.0437157, 59.1558875, 
59.2155487, 59.079567, 59.0610951, 58.9062194, 59.02003, 58.8870524, 58.8353858, 59.0300107, 59.165769, 59.147893, 59.471672, 59.5812122, 59.4357959, 59.6170635, 59.7537155, 59.6291049, 59.2533117, 59.2503821, 59.4070453, 59.3837569, 59.2650056, 59.3320654, 59.3686864, 59.4570485, 59.182925, 59.1387316, 59.2533117, 59.4041653, 59.4170757, 59.3703995, 59.4004163, 59.3187329, 59.3587305, 59.202092, 59.045826, 58.695804, 58.5061943, 58.2966479, 57.852479, 57.7420451, 57.5124626, 57.3000114, 57.2695477, 
56.5791369, 56.1408274, 56.1212383, 55.6883163, 55.5241551, 55.3499634, 55.167082, 55.0878814, 54.9066138, 54.7266125, 54.569552, 54.5870556, 54.6420242, 54.4129135, 54.1341473, 54.011647, 53.7941557, 53.844134, 54.1262272, 53.8703522, 53.53622, 53.5795196, 53.7366049, 53.9049869, 53.8441589, 53.5166309, 53.5253951, 53.7158241, 53.979942, 54.3103997, 54.1795573, 54.3003941, 54.2074885, 54.0541274, 53.8699798, 53.6391559, 53.5012625, 53.4262329, 53.3037575, 53.1683468, 52.9978793, 52.5975066, 52.3991079, 
52.161233, 52.0991387, 51.9203787, 51.7107826, 51.6275103, 51.325828, 50.9575079, 50.8716287, 50.5474772, 50.1641364, 50.0474955, 49.8733287, 49.7849914, 49.5583139, 49.209136, 48.9170869, 48.8416601, 48.442504, 48.2970877, 48.0591631, 47.8016743, 47.4091472, 47.0820909, 46.6882975, 46.5295488, 46.4500006, 46.2361838, 45.972488, 45.8141861, 45.6204301, 45.3762489, 45.1987304, 45.0870302, 44.8070474, 44.5341653, 44.4120871, 44.0070468, 43.8429104, 43.6320233, 43.5158293, 43.237063, 43.0624741, 42.9920377, 
42.823333, 42.8586877, 42.6870533, 42.8378821, 42.8478876, 43.065379, 43.2658384, 43.0748632, 43.316934, 42.7699284, 42.6290556, 42.6020182, 42.2928379, 42.4168278, 42.6012734, 42.769705, 42.9361752, 43.3948932, 43.5334818, 43.9650134, 44.0439409, 44.7075377, 44.8528298, 44.92128, 45.0724315, 45.309934, 45.0225028, 45.1280209, 45.2446369, 45.4881477, 45.5779498, 45.8887439, 46.054072, 46.137692, 46.2634695, 46.4811098, 46.6658781, 46.8108226, 47.1869138, 47.3183768, 47.4430123, 47.7399773, 48.0243794, 
48.1521928, 48.4008678, 48.4216983, 48.2754627, 48.251206, 48.0689701, 48.1072545, 47.7151495, 47.6668843, 47.7298972, 47.6870196, 47.9377553, 48.1110035, 48.2975346, 48.5122204, 48.6321882, 48.7833893, 48.8992357, 48.8625155, 49.0330078, 49.2871946, 49.4129472, 49.3994906, 49.5998507, 49.5430448, 49.5739305, 49.8152317, 50.0603563, 50.2394639, 50.2839552, 50.4551427, 50.7433187, 51.0569928, 51.7285842, 52.0100318, 52.1248106, 52.2015284, 52.3792457, 52.6908591, 53.0772537, 53.201765, 53.143668, 
53.2130865, 53.3766022, 53.544438, 53.5603526, 53.4550332, 53.4256619, 53.2813132, 53.2709352, 52.8980965, 52.7570996, 52.5832555, 52.6436366, 52.5460138, 52.3208011, 52.1569626, 51.927405, 51.6806169, 51.0897903, 50.8957116, 50.6920742, 50.6037122, 50.1669916, 49.9780771, 49.9218918, 49.6098315, 49.5170501, 49.6271861, 49.6858293, 49.8456209, 49.9356216, 50.0363727, 49.885966, 49.9658121, 50.1734716, 50.2855939, 50.2474088, 49.9901682, 49.8367822, 49.608317, 49.5012845, 49.5229095, 49.375358, 49.3837001, 
49.3167396, 49.1761151, 49.1552349, 49.221972, 49.3287314, 49.3213079, 49.5415799, 49.6180247, 49.8650362, 49.9336353, 50.0499286, 50.2091492, 50.3387005, 50.2983553, 50.4406185, 50.4723484, 50.3121099, 50.1390107, 50.1977532, 50.1431321, 50.321321, 50.3042892, 50.4015644, 50.5889645, 50.6804548, 50.8172062, 51.3590227, 51.4980583, 51.5226129, 51.7275662, 51.7459139, 51.9159842, 52.0128374, 52.126052, 51.9600038, 51.7577071, 51.7342201, 51.4585821, 51.4472606, 51.359122, 50.9598666, 50.5969838, 50.4759733, 
50.1479983, 49.9787474, 49.9963503, 49.8589782, 49.7539319, 49.8926198, 49.9431444, 49.9006392, 49.9773074, 50.0439451, 49.8972626, 49.9630066, 50.0447893, 50.0361492, 50.2137919, 50.5012728, 50.5877231, 50.5863079, 50.6343993, 50.5895107, 50.792577, 50.7992309, 50.6964935, 50.6991253, 50.4633856, 50.4286763, 49.9919806, 49.920278, 49.7277386, 49.6646512, 49.5174225, 49.442815, 49.5029976, 49.4795105, 49.2815338, 49.1701564, 49.1158829, 49.2325734, 49.2569543, 49.5105204, 49.6288992, 49.5948852, 
49.4659297, 49.6156164, 49.5908382, 49.9120848, 50.0491838, 50.2123519, 50.2285396, 50.5530883, 50.8827267, 51.012998, 51.0011552, 50.8506244, 50.7465215, 50.7504691, 50.798064, 50.7553602, 50.9753343, 50.9476265, 51.1556584, 51.3162941, 51.2070023, 50.9694749, 50.9000565, 50.7445105, 51.9173746, 53.2906733, 54.0004745, 54.1213858, 54.1613337, 54.3012879, 54.3582676, 54.2596765, 54.0988174, 53.7937088, 53.8277974, 53.5757954, 53.5603029, 53.6505767, 53.5779803, 53.5215468, 53.5673292, 53.9391996, 
53.9854786, 54.098147, 54.1506578, 54.2542144, 54.1064891, 54.1847463, 54.6003384, 54.8885889, 55.0737544, 55.2893092, 55.2728235, 55.147195, 55.2098851, 55.35118, 55.3508076, 55.441851, 55.2354081, 55.205143, 54.9690557, 54.9715633, 54.8442961, 54.8132366, 54.6248434, 54.6971171, 54.5417697, 54.3540717, 54.3139252, 54.1874525, 54.1802028, 54.046679, 54.037741, 53.9623142, 54.08258, 54.073791, 53.9040931, 53.7955957, 53.6278593, 53.5633319, 53.282927, 53.1120374, 52.9901827, 52.9541576, 53.0362879, 
52.7646472, 52.5077046, 52.3468454, 52.1564909, 51.9133525, 51.7734479, 51.618175, 51.6155681, 51.4677436, 51.4071141, 51.2375653, 50.8062323, 50.6559746, 50.6703499, 50.8504009, 50.6741237, 50.5355351, 50.5278136, 50.6396876, 50.6999943, 50.8085413, 51.0842537, 51.1535481, 51.0701019, 51.1381797, 50.9271684, 50.8763956, 51.0871338, 51.0746454, 50.900851, 50.9378692, 50.6955997, 50.5608842, 50.6534918, 51.0268023, 50.7181434, 50.6199992, 50.8507237, 50.9715356, 51.1064001, 51.2293473, 51.4253377, 
51.5099508, 51.4624552, 51.4669242, 51.743456, 51.6832983, 51.5043645, 51.4746457, 51.6841921, 51.6809893, 51.5851044, 51.2794249, 51.2512454, 51.1072194, 51.0891945, 50.8487126, 50.7845825, 50.5955438, 50.6014777, 50.2565454, 50.0183229, 49.8349698, 49.8580596, 50.2448515, 50.4088141, 50.4207315, 50.191869, 50.0911427, 49.934554, 49.8637948, 49.337148, 49.1707771, 48.9478734, 48.4329205, 48.2689082, 47.9979379, 47.760634, 47.8371532, 47.7575305, 47.7666175, 47.6896514, 47.4113072, 47.0950262, 46.7593546, 
46.5976513, 46.3825187, 46.1676839, 45.9264573, 45.8259048, 45.7368724, 45.7156695, 45.6117156, 45.4208645, 45.1543631, 44.8401676, 44.7980597, 44.5700663, 44.3316203, 44.3588316, 44.2250347, 43.7096597, 43.364504, 43.3299437, 42.997475, 42.8399179, 42.6364791, 42.5633862, 42.3068656, 41.9496932, 41.8459131, 41.5936133, 41.5021229, 41.2185153, 41.1873812, 41.3242816, 41.52201, 41.8334248, 41.9123523, 42.1024834, 42.2179325, 42.446646, 42.5482909, 42.5219983, 42.7076852, 42.7533187, 42.5477695, 42.736833, 
42.8675264, 42.9343628, 43.1137931, 43.1889716, 43.2209746, 43.4043774, 43.4196961, 43.5609413, 43.5187838, 43.5696062, 43.3860793, 43.7829017, 43.9445553, 44.2737468, 44.418741, 44.6458158, 44.6737471, 44.7566718, 44.9141544, 45.0337498, 45.1416761, 45.4487212, 45.3478956, 45.3470763, 45.4583544, 45.6696139, 45.7891348, 46.0428499, 46.1920648, 46.3979367, 46.4282763, 46.6625015, 46.6453703, 46.8024805, 46.9104068, 47.0441044, 47.0212132, 47.2845614, 47.1128773, 47.1201519, 47.3053671, 47.6166329, 
47.6446883, 47.8653575, 47.8602927, 47.8277186, 48.2525715, 48.571807, 48.7063984, 48.8907446, 49.0504617, 49.0827627, 49.2843145, 49.4535903, 49.7193468, 49.7553471, 49.8886971, 49.7961143, 49.9776302, 50.0067035, 49.9230587, 50.0784309, 50.2928436, 50.436795, 50.2667992, 50.287307, 50.4510958, 50.3543668, 50.4881389, 50.6709954, 51.0786923, 51.2157416, 51.1692144, 51.2737393, 51.4284164, 51.8259339, 52.0045945, 52.1410728, 52.3668566, 52.3644483, 52.3548151, 52.2462184, 52.3269584, 52.1033594, 
52.035232, 52.1119498, 52.2895181, 52.7944902, 52.9338237, 53.2100575, 53.2308632, 53.1100512, 53.0775517, 53.3317881, 53.4598249, 53.5494532, 53.687446, 53.7992951, 53.7834053, 54.0898049, 54.2461702, 54.6378035, 54.8060117, 55.0622592, 55.3364075, 55.6239131, 55.6605837, 55.8634266, 55.7670204, 55.9571515, 56.0340679, 55.9695902, 56.114783, 56.0636378, 56.1707448, 56.2705277, 56.8692246, 56.834292, 57.2962872, 57.5180737, 57.7004834, 57.9553405, 58.2246225, 58.366265, 58.7872199, 58.9727579, 59.4617161, 
59.6966365, 59.6790832, 59.8136746, 59.9820566, 59.9287265, 59.8620639, 60.1478565, 60.1971396, 60.180356, 60.374112, 60.4840742, 60.6882578, 60.5249407, 60.5472609, 61.121577, 61.2907534, 61.5827281, 61.9624937, 62.4983268, 62.9085313, 63.2188288, 63.4053102, 63.4667838, 63.7570701, 63.8219203, 64.0488213, 64.2622657, 64.4022447, 64.7929594, 64.7896325, 65.0608759, 65.2151557, 65.4724459, 65.8506226, 66.1267323, 66.8518026, 66.995481, 67.5223015, 67.6735772, 67.8029547, 68.0745209, 68.1964253, 68.5392224, 
69.0518166, 69.1127688, 69.2965688, 69.3166545, 69.5407251, 69.5612825, 69.7895988, 69.7107954, 69.9416689, 69.773709, 69.6833359, 69.478755, 69.2987537, 69.2912308, 69.1945267, 69.1878976, 68.72625, 68.3742418, 68.3563161, 68.0220846, 68.0375027, 67.6573646, 67.2502636, 67.1931101, 66.8314439, 66.3807701, 66.2544464, 66.1009114, 66.0550048, 66.1039156, 66.2415856, 66.2740851, 66.3832032, 66.5933703, 66.5367133, 66.6610757, 66.7168637, 66.9644711, 67.0774126, 67.0389296, 66.7717331, 66.6675061, 66.5199794, 
66.3499836, 66.0789636, 65.8647496, 65.723852, 65.4343105, 65.3781252, 64.82387, 64.6950635, 64.4192765, 64.2838659, 64.3572816, 64.1996749, 64.0016485, 63.9114492, 63.8726186, 63.7815255, 64.0011272, 64.2706823, 64.4380712, 64.3867025, 64.8592744, 64.9697083, 65.1675112, 64.9999982, 64.6696895, 64.7683054, 64.7364762, 64.543912, 64.6322989, 64.5253905, 64.6720729, 64.7859331, 64.9275756, 65.3354463, 65.6209657, 65.8108485, 65.9847422, 66.0583069, 66.3534595, 66.5191849, 66.398795, 66.4122765, 66.1772816, 
66.3015447, 66.6661157, 66.906672, 67.0638567, 67.1969087, 67.738477, 68.2883377, 68.5453796, 68.5571232, 68.5279257, 68.4512576, 68.3154, 68.1249958, 67.8067533, 67.8203341, 67.7408356, 67.4924585, 67.3219414, 67.1781637, 66.8164727, 66.8355901, 66.9999996, 67.5764509, 67.6352182, 67.8289494, 68.0483276, 68.3537589, 68.337025, 68.551239, 68.3262497, 68.4208187, 68.6712813, 68.9053824, 68.8362122, 68.5999759, 68.4050034, 68.2470739, 68.2328973, 68.1432938, 68.4303774, 68.5495507, 68.6370934, 68.532072, 
68.7420653, 68.983714, 68.8341763, 68.6732675, 68.3920681, 68.342065, 68.5049352, 68.706636, 68.713712, 68.9883072, 69.5774703, 69.6662544, 69.8645786, 69.7803628, 69.6870849, 69.493751, 69.2220855, 68.7999388, 68.3141338, 68.2033026, 68.5883069, 68.9004168, 68.8887478, 68.9979155, 69.3124586, 69.5024655, 69.7058299, 69.9550014, 70.0958245, 70.2049426, 70.4454244, 70.6554178, 70.8287405, 70.8708235, 71.0166619, 71.2591548, 71.5183071, 71.7408384, 72.0041618, 72.6924622, 72.9512421, 72.8779009, 72.9003948, 
72.7087492, 72.5941194, 72.2657969, 72.0791665, 71.7074947, 71.4641577, 71.2900405, 71.1453939, 70.8699794, 70.579991, 70.3941054, 70.2808411, 69.7391239, 69.1824355, 68.945802, 68.8145624, 68.5091063, 68.2091371, 68.0866368, 67.8591399, 67.7283224, 67.585811, 67.3383029, 66.9778781, 66.8054492, 66.7386873, 66.7320831, 66.799565, 66.6125374, 66.4795846, 66.3237655, 66.3478733, 66.2362476, 66.3391587, 66.5941152, 66.6278809, 66.8170437, 67.0041707, 67.2608154, 67.4441685, 67.6079077, 67.7724414, 68.0133453, 
68.3666693, 68.7411963, 68.8795615, 68.9745774, 68.9633056, 68.744995, 68.5054069, 68.2387318, 67.7616661, 67.5045497, 67.6291354, 67.7070947, 67.8224941, 68.0933155, 68.1912114, 68.2450132, 68.5158098, 68.8716166, 69.1057922, 69.242047, 69.2520526, 69.0762223, 69.1566395, 69.3983379, 69.7357721, 70.0733306, 70.1158357, 70.4491486, 70.6783338, 70.8382992, 71.2174689, 71.3916358, 71.5758082, 71.8279094, 72.015384, 72.1899729, 72.4450038, 72.799172, 72.749144, 72.5049877, 72.2566603, 71.9391379, 71.7866457, 
71.53663, 71.3357981, 71.2054026, 71.1312669, 70.9746036, 70.9295909, 71.2524761, 71.2645672, 71.4716557, 71.5749889, 71.8995872, 72.0479084, 71.8120693, 71.8691732, 72.0749706, 72.0992025, 72.3016234, 72.3787633, 72.3241918, 72.2095868, 72.0708244, 71.7633324, 71.7004436, 71.7745546, 71.7245762, 71.5324589, 71.4158429, 71.2532954, 70.9433455, 70.8833367, 70.4958248, 70.1520843, 69.9900086, 69.7304094, 69.7295652, 70.2983199, 70.3070841, 70.4633749, 71.012466, 71.2474857, 71.6408073, 71.8587207, 
71.8979238, 72.0687389, 72.255841, 72.3545562, 72.5083394, 72.7091713, 72.9375124, 73.2874847, 73.543757, 73.6420501, 73.6570709, 73.7678525, 73.7279046, 73.8195687, 73.9782927, 74.2066834, 74.2804219, 74.5312072, 74.6437515, 74.8358192, 74.703363, 74.9307855, 75.1579099, 75.1132944, 75.4145795, 75.4370486, 75.5679158, 75.6562282, 75.6333122, 75.8362792, 76.0245234, 76.0774811, 76.082099, 76.1466264, 76.0854508, 75.9445532, 76.0478864, 76.2445472, 76.1566072, 76.4674509, 76.4637019, 76.6791325, 76.8549628, 
77.2345547, 77.6337605, 77.6836892, 77.4099629, 77.0937316, 76.9877666, 77.052865, 76.9741113, 76.7999197, 76.7091742, 76.4937435, 76.589827, 76.7545842, 76.6970582, 76.7554283, 76.6600152, 76.4541681, 76.2695736, 75.9412511, 75.9050025, 75.2974917, 74.9279551, 74.8491766, 74.6404743, 74.4816262, 74.0753941, 73.944949, 73.6670517, 73.6104196, 73.5374755, 73.1895888, 73.1320876, 73.158703, 73.2979123, 73.4970559, 73.6378791, 73.6816753, 73.80497, 74.0054543, 74.018762, 73.8949955, 73.771229, 73.6895457, 
73.649995, 73.5762565, 73.6050071, 73.7078934, 73.6695593, 73.5745434, 73.5654068, 73.2816005, 73.1828853, 73.0912211, 72.9245523, 72.9645746, 72.9095811, 72.9099784, 73.0708127, 73.5383197, 73.5974843, 73.774978, 73.7437199, 73.4628929, 73.3854054, 73.3470962, 73.3958331, 73.1666727, 72.9549166, 72.9137522, 72.62503, 72.5266623, 72.4478838, 72.4404107, 72.2141303, 72.087459, 72.1780307, 72.072463, 71.6862173, 71.6020512, 71.3208021, 71.0687506, 70.8937147, 70.838324, 70.7208141, 70.8700042, 71.6916298, 
71.8841692, 71.6074636, 71.4495838, 71.3620411, 71.5057939, 71.632068, 71.5229002, 71.2104427, 71.3824992, 71.5608371, 71.6162775, 71.4516445, 71.5307955, 71.6891967, 71.9458414, 72.1599809, 72.252514, 72.4911835, 72.4595529, 72.5003697, 72.6024615, 72.7908299, 72.8436882, 72.707061, 72.6620482, 72.5162595, 72.3362581, 72.4004131, 72.2237138, 72.3141366, 72.1428994, 72.1066012, 71.9400068, 71.76584, 71.6491743, 71.8116721, 72.3161973, 72.3312678, 72.1737603, 71.9291323, 71.8866768, 71.7375115, 71.6520791, 
71.6662558, 71.4075007, 71.3974703, 71.2933426, 70.8437861, 70.8187597, 70.8704015, 70.975423, 71.0887121, 71.0853852, 70.9628849, 70.7033602, 70.4875075, 70.2474726, 69.8874699, 69.7082133, 69.6378514, 69.4499796, 69.482504, 69.4979221, 69.6220858, 69.7045636, 69.6778738, 69.7537475, 69.5861848, 69.569575, 69.5053704, 69.4770667, 69.7637531, 69.5554232, 69.3157855, 69.0541504, 68.7987719, 68.7970588, 68.9587373, 69.104948, 69.5870786, 70.0766575, 70.0879541, 69.9779174, 69.9695257, 69.8478944, 69.9353875, 
69.8402971, 69.8837209, 69.6345493, 69.5862096, 69.466217, 69.4087407, 69.2416746, 68.9937693, 65.3755928, 65.3220641, 65.033764, 64.7966587)), list(c(-179.4924918, -179.5325747, -180, -180, -179.4924918, 65.3891487, 65.2391642, 65.033764, 65.3220641, 65.3891487)), list(c(-179.4392419, -178.6617673, -178.7300651, -177.5692274, -177.0000049, -176.800038, -176.2299646, -175.2508661, -175.2359077, -174.7893077, -174.9058841, -174.7026031, -174.8366906, -174.4392202, -174.4583435, -173.9749747, -174.2026189, 
-173.922531, -174.0409436, -173.5667109, -172.0267648, -171.4217139, -171.3524757, -170.175157, -169.6748144, -170.5150782, -170.4958652, -170.6699461, -171.7008614, -172.1667191, -172.2725023, -172.7667092, -172.9117244, -172.3192582, -173.0883132, -173.3641465, -173.6617455, -174.0533491, -174.9918273, -175.3466621, -175.7942026, -175.8791157, -176.0266836, -177.003319, -177.3251021, -177.7616702, -178.4451403, -178.409312, -178.6241476, -178.8259058, -178.474206, -178.732573, -179.7658619, -179.6609297, 
-179.2742077, -179.4686212, -180, -180, -179.4392419, 68.9249715, 68.6678551, 68.5654901, 68.2174792, 68.1420524, 67.9729256, 67.8962326, 67.655006, 67.5550245, 67.3716962, 67.103308, 66.7699951, 66.5862199, 66.5291409, 66.3362291, 66.4595486, 66.5925013, 66.6774868, 66.9691883, 67.0970762, 66.9512379, 66.7762517, 66.6675061, 66.2670589, 66.1369613, 65.8662144, 65.6833331, 65.5962124, 65.5116738, 65.5370975, 64.9658104, 64.8329569, 64.6729171, 64.4250366, 64.2361965, 64.3508015, 64.3221006, 64.5370595, 
64.7970808, 64.7654502, 64.9424722, 65.3841584, 65.4570527, 65.6004331, 65.4870447, 65.4453837, 65.4670831, 65.7024753, 65.7466935, 65.9482951, 66.1408096, 66.1916321, 66.077474, 65.7608702, 65.6333051, 65.4254718, 65.3755928, 68.9937693, 68.9249715)), list(c(102.4762398, 101.3733992, 100.8048485, 100.3482165, 100.0917305, 99.4132316, 100.0166253, 101.4615369, 103.3262668, 104.9298978, 105.4713533, 105.3312646, 104.7413512, 104.0749892, 102.4762398, 79.4145078, 79.2220926, 78.8425007, 78.6533379, 
78.3483287, 78.0187648, 77.9387201, 78.1850612, 78.1911689, 78.2978042, 78.4924043, 78.7824423, 78.8165557, 79.1308257, 79.4145078)), list(c(91.9447278, 91.1898698, 91.1564599, 93.1266595, 93.8348063, 92.9350675, 91.9447278, 80.0779308, 80.0595831, 79.8337496, 79.7020631, 79.9066936, 80.0303856, 80.0779308)), list(c(97.3897374, 96.3574338, 95.4522312, 94.2880346, 93.6497978, 94.3315212, 94.338239, 95.0799301, 96.8965605, 97.5465311, 99.4667053, 100.004802, 99.7881302, 100.1179299, 99.319854, 98.6022127, 
98.4097698, 97.7633372, 98.1424457, 97.3897374, 80.1678818, 80.0941433, 80.1141049, 79.8908287, 79.5703766, 79.4707924, 79.2466721, 79.0112551, 78.9870729, 78.8020811, 78.7904121, 78.9091633, 79.5416509, 79.7641077, 80.036245, 80.0474423, 79.7953907, 79.8778934, 80.0549651, 80.1678818)), list(c(56.9749847, 55.9025534, 56.1099099, 56.9800007, 56.9749847, 80.3495467, 80.3033174, 80.0611969, 80.0595831, 80.3495467)), list(c(53.057471, 52.6999939, 53.942565, 53.057471, 80.381649, 80.1545493, 80.2316644, 
80.381649)), list(c(58.0896487, 57.0174861, 57.3323275, 58.6897283, 58.0896487, 80.4695641, 80.4375115, 80.1542017, 80.321243, 80.4695641)), list(c(47.4601015, 46.1748499, 44.8824327, 46.2648238, 47.6249566, 47.4601015, 80.857076, 80.6662249, 80.5966575, 80.4428743, 80.7703775, 80.857076)), list(c(61.6499093, 59.4375102, 59.3871714, 61.0799254, 62.0722356, 62.2224907, 61.6499093, 80.8662127, 80.6808237, 80.4616689, 80.3587081, 80.589954, 80.7691361, 80.8662127)), list(c(50.9425698, 49.0700472, 49.6672606, 
49.1049351, 47.9222869, 47.5974135, 46.7273675, 46.9274687, 47.9348268, 48.747458, 51.0672972, 51.7524691, 50.9425698, 80.8941687, 80.7887252, 80.6691546, 80.5145521, 80.5300198, 80.3941622, 80.3083077, 80.1949938, 80.2462383, 80.37502, 80.5633386, 80.6991466, 80.8941687)), list(c(54.7200396, 54.8097895, 57.1700252, 57.7974239, 56.0849196, 54.7200396, 81.1095497, 80.990426, 80.6620539, 80.7724878, 81.0270966, 81.1095497)), list(c(56.1350793, 57.2776445, 57.6023387, 56.1350793, 81.1087304, 80.8641023, 
81.0250111, 81.1087304)), list(c(61.2197902, 59.9723375, 60.6299217, 61.4973702, 61.2197902, 81.1145649, 80.974139, 80.8912887, 80.9991902, 81.1145649)), list(c(64.5649017, 63.9547453, 63.3297202, 62.5675174, 63.434742, 64.5099052, 65.232249, 65.1998244, 64.5649017, 81.19456, 80.9537306, 80.9578768, 80.8066508, 80.6178604, 80.697061, 80.8466484, 81.1354451, 81.19456)), list(c(95.6805472, 94.8573019, 93.1799541, 92.5525106, 92.8897447, 91.612241, 92.4450704, 93.5797086, 94.9198223, 97.3624183, 97.3249777, 
97.8199012, 96.7475595, 95.6805472, 81.2796448, 81.1032931, 80.9620727, 80.7341289, 80.4753987, 80.3258361, 80.1395782, 80.0045647, 80.1520417, 80.2508066, 80.6129197, 80.795379, 80.9482933, 81.2796448)))"
Rwanda,RWA,24.209827,2198.0662,13650972,Rwanda,Africa,Sub-Saharan Africa,Sub-Saharan Africa,"list(c(29.0405361, 29.0625258, 29.3232216, 29.4319606, 29.5218001, 29.8791876, 29.9679075, 30.4588451, 30.5447883, 30.7676405, 30.8507622, 30.897966, 30.807813, 30.8392076, 30.7363355, 30.5700921, 30.4731317, 30.3343417, 30.1453025, 29.9157773, 29.8812478, 29.5911727, 29.3618266, 29.1460058, 29.1748028, 29.1156413, 28.8665001, 28.9181376, 29.0405361, -2.7441253, -2.6016387, -2.6436225, -2.8019989, -2.8300046, -2.7591958, -2.4847496, -2.3183042, -2.4135683, -2.3919433, -2.3225249, -2.0829617, -1.9376944, 
-1.6515791, -1.4495306, -1.3385257, -1.0574008, -1.1316606, -1.3505423, -1.4823281, -1.3575189, -1.3877095, -1.5089187, -1.835677, -2.1114888, -2.2560857, -2.4362857, -2.680889, -2.7441253))"
Saint Barthelemy,BLM,NA,NA,10897,NA,NA,NA,NA,list()
Saint Helena,SHN,NA,NA,5330,NA,NA,NA,NA,list()
Saint Kitts and Nevis,KNA,36.6352,NA,46695,St. Kitts & Nevis,Americas,Latin America & Caribbean,Latin America and the Caribbean,"list(c(-62.8108365, -62.8679379, -62.7708432, -62.7433449, -62.8108365, 17.4153577, 17.369178, 17.2920381, 17.3754098, 17.4153577))"
Saint Lucia,LCA,31.715399,10452.165,178747,St. Lucia,Americas,Latin America & Caribbean,Latin America and the Caribbean,"list(c(-60.9438226, -61.080418, -60.8861837, -60.9438226, 14.1066594, 13.8816453, 13.8379484, 14.1066594))"
Saint Martin (French part),MAF,NA,NA,28847,NA,NA,NA,NA,list()
Saint Pierre and Miquelon,SPM,92.00381,NA,5724,NA,NA,NA,NA,list()
Saint Vincent and the Grenadines,VCT,55.801003,NA,102012,St. Vincent & Grenadines,Americas,Latin America & Caribbean,Latin America and the Caribbean,"list(c(-61.1683766, -61.2813254, -61.1767067, -61.1196053, -61.1683766, 13.3804221, 13.242479, 13.1195567, 13.2358252, 13.3804221))"
Samoa,WSM,22.304953,NA,215224,Samoa,Oceania,East Asia & Pacific,Polynesia,"list(list(c(-171.8483845, -172.040066, -171.9667075, -171.7683978, -171.4950276, -171.6275477, -171.8483845, -13.7912438, -13.8238179, -13.9779239, -14.0446361, -14.0437175, -13.8704693, -13.7912438)), list(c(-172.3425466, -172.7929535, -172.5492761, -172.239585, -172.1862904, -172.3425466, -13.4462867, -13.5674959, -13.8029129, -13.7500794, -13.6700843, -13.4462867)))"
San Marino,SMR,NA,NA,34066,San Marino,Europe,Europe & Central Asia,Southern Europe,"list(c(12.5082278, 12.4047287, 12.4869547, 12.5082278, 43.9919515, 43.9446546, 43.8965136, 43.9919515))"
Sao Tome and Principe,STP,70.0242,3751.6428,226265,São Tomé & Príncipe,Africa,Sub-Saharan Africa,Sub-Saharan Africa,"list(c(6.6611348, 6.4921595, 6.5175976, 6.6138415, 6.7494517, 6.6611348, 0.4129497, 0.319498, 0.0806796, 0.0823182, 0.2429788, 0.4129497))"
Saudi Arabia,SAU,85.333565,53516.91,32175301,Saudi Arabia,Asia,Middle East & North Africa,Western Asia,"list(c(34.9604053, 34.8475909, 34.7750833, 34.805627, 34.663075, 34.8496063, 35.059605, 35.4291294, 35.5347782, 35.8173293, 35.8000869, 36.0466306, 36.2231298, 36.4828852, 36.6817772, 36.698303, 36.9679111, 37.115479, 37.2392659, 37.286201, 37.1731179, 37.4615807, 37.5008575, 37.7550146, 38.4636093, 38.6165515, 38.6824308, 38.9062683, 39.0867086, 39.1232535, 39.0605092, 38.9481874, 39.0846485, 39.1793249, 39.1032345, 39.3111283, 39.731932, 39.9983156, 40.1178926, 40.2844047, 40.5417865, 40.6314468, 
40.7366925, 40.7896289, 40.9616944, 40.9583803, 41.1597803, 41.1602281, 41.2569198, 41.3595232, 41.4714419, 41.6728867, 42.0429037, 42.3135867, 42.337726, 42.5339309, 42.7308523, 42.7712039, 42.9232952, 42.9921751, 43.2347329, 43.2663962, 43.1504467, 43.1601652, 43.2407341, 43.4846354, 43.6833483, 43.9666607, 44.0113566, 44.3661018, 45.2166662, 45.4000176, 46.3666658, 46.7499841, 47.000021, 47.1833277, 47.4666849, 47.6004142, 48.183341, 49.1166688, 50.7833129, 51.999998, 54.9999932, 55.6667135, 55.2133508, 
55.137977, 54.2209958, 52.5812678, 51.5906146, 51.590749, 51.3193046, 51.4017546, 51.3138408, 51.0986022, 50.9289103, 50.8117069, 50.5596098, 50.4907299, 50.3470135, 50.1925934, 50.0005984, 50.2202708, 50.2155683, 50.0216923, 50.0745391, 49.9534394, 49.78218, 49.502719, 49.2807178, 49.3087982, 49.1977304, 48.8493448, 48.8228318, 48.6199539, 48.5388028, 48.4302877, 47.7048089, 47.6062363, 47.5877399, 47.4660132, 46.5530179, 46.4260961, 44.7219218, 43.6610451, 42.0856289, 41.4408535, 40.4133867, 39.2009114, 
38.9959286, 38.2436682, 37.000918, 37.9971693, 37.6655334, 37.4996035, 36.7535234, 36.5045165, 36.0700981, 34.9604053, 29.3570954, 29.025446, 28.6622404, 28.5233539, 28.2005928, 28.0706442, 28.1101452, 27.7742006, 27.5314098, 27.1966817, 27.1140549, 26.8831069, 26.6370885, 26.1745719, 26.0481737, 25.7814241, 25.6050724, 25.307288, 25.1901506, 24.9901132, 24.7939241, 24.4368014, 24.2869906, 24.2635532, 23.7803302, 23.5331201, 23.3016755, 22.9658551, 22.555005, 22.3783058, 22.1242431, 21.9725951, 21.7108607, 
21.4055535, 21.3097183, 20.926303, 20.3902962, 20.2542399, 20.2688883, 20.1034112, 19.9633577, 19.7820405, 19.7977316, 19.6016667, 19.4957266, 19.3518248, 19.0894945, 18.8842433, 18.6123047, 18.5798051, 18.3042417, 17.9539218, 17.6841183, 17.4422213, 17.2095354, 16.8844157, 16.6772776, 16.4041224, 16.3946878, 16.5216819, 16.6428414, 16.7947129, 16.8776377, 17.0869607, 17.4805306, 17.5451076, 17.3666704, 17.330546, 17.402472, 17.433333, 17.433333, 17.3333267, 17.2333452, 17.2833236, 16.9500107, 16.9500107, 
17.1166547, 17.4505386, 18.166671, 18.6166744, 18.7888798, 18.9996428, 20.0000035, 22.0000049, 22.7057841, 22.6315242, 22.744441, 22.9392645, 24.1269756, 24.2536717, 24.421731, 24.6254677, 24.4853645, 24.4711134, 24.545274, 24.7445417, 25.0828698, 25.406475, 25.4744534, 25.7522514, 25.9886615, 26.1839319, 26.4201186, 26.5900647, 26.7240105, 26.8533632, 26.8985994, 27.1364992, 27.2041052, 27.3348483, 27.5513217, 27.6026903, 27.8708799, 28.0903326, 28.4137889, 28.5343277, 28.5244463, 28.6548666, 28.8363328, 
28.999923, 29.1011707, 29.061198, 29.1984956, 29.9837733, 31.1116742, 31.3731852, 31.9480475, 32.1542918, 31.9964617, 31.8163113, 31.5001048, 30.500613, 30.3326531, 29.9991416, 29.8684979, 29.4999296, 29.1850389, 29.3570954))"
Senegal,SEN,49.96104,2660.6816,17651046,Senegal,Africa,Sub-Saharan Africa,Sub-Saharan Africa,"list(c(-16.7471216, -16.7908769, -16.7159061, -16.3754027, -16.0405422, -15.6796167, -15.199741, -13.7082975, -13.058103, -12.751099, -12.4892835, -12.3594506, -12.0596124, -11.7697164, -11.4761481, -11.3768141, -11.4214651, -11.3969675, -11.6304786, -11.828251, -12.0726001, -11.9488133, -12.0089601, -11.9747888, -12.1026063, -12.2007312, -12.1728746, -12.2399632, -12.4536791, -12.4629497, -12.8454619, -12.9630236, -13.2517998, -13.3759002, -13.7168067, -13.8686292, -13.9962228, -14.3264704, -14.4938783, 
-15.1210083, -15.2295233, -15.7320156, -16.0561276, -16.2784871, -16.3875396, -16.5090871, -16.5257921, -16.6201997, -16.8450225, -17.1303055, -17.3696387, -17.2022756, -16.7996101, -16.7337755, -16.6415624, -16.4814546, -16.5452738, -15.4696179, -15.365447, -15.2169834, -15.067848, -14.8626861, -14.7100126, -14.5490091, -14.3207379, -14.0919293, -13.887663, -13.7914192, -13.8571642, -14.3541926, -14.5779405, -14.9810987, -15.0885389, -15.2273736, -15.3792409, -15.8021943, -15.8022391, -16.6787343, 
-16.7471216, 13.063719, 12.4862002, 12.3384501, 12.3767345, 12.4747049, 12.4261418, 12.6868583, 12.6748664, 12.6277185, 12.4673062, 12.4092092, 12.3072912, 12.4327708, 12.3821718, 12.4526082, 12.4126603, 12.6629491, 13.013269, 13.3957161, 13.3253541, 13.7156219, 13.8125744, 13.9857481, 14.1842958, 14.3750973, 14.4063803, 14.6101667, 14.7644713, 14.8964557, 14.9875489, 15.2002732, 15.5017569, 15.6603567, 16.0579239, 16.1833538, 16.1892876, 16.3475895, 16.6331834, 16.6149847, 16.6394152, 16.5541318, 
16.4898279, 16.4798968, 16.5164929, 16.2197513, 16.0606301, 15.8412519, 15.6171812, 15.27354, 14.9098876, 14.7398421, 14.6674692, 14.1268444, 13.9099738, 13.8231014, 13.8822411, 13.5917065, 13.59049, 13.772701, 13.7499836, 13.8250379, 13.7854128, 13.6152184, 13.649307, 13.4566931, 13.5539186, 13.5543407, 13.422828, 13.32235, 13.2292707, 13.3593434, 13.4802298, 13.5973921, 13.4183093, 13.3550233, 13.3479722, 13.1656619, 13.1687405, 13.063719))"
Serbia,SRB,NA,17097.686,6791172,Serbia,Europe,Europe & Central Asia,Southern Europe,"list(c(19.2241575, 19.4484876, 19.546299, 19.8451968, 19.9599818, 20.3529289, 20.6713979, 20.6152818, 21.1372557, 21.4112976, 21.7486213, 21.586946, 21.8516277, 22.3598077, 22.5200051, 22.4378239, 22.5355456, 22.7445591, 22.9832205, 22.768161, 22.5335303, 22.4962688, 22.3594046, 22.4094747, 22.6212649, 22.676127, 22.4655012, 22.6075605, 22.4644712, 22.2773578, 22.1803974, 21.9900146, 21.6294025, 21.3670048, 21.4814315, 20.9506797, 20.7660743, 20.8029326, 20.4044769, 20.2642538, 19.567796, 19.2847074, 
19.1046253, 18.8904615, 18.9787335, 18.984063, 19.2579257, 19.1060136, 19.0221754, 19.1785212, 19.3706058, 19.1707733, 19.1300634, 19.6234642, 19.5253394, 19.2534024, 19.5190694, 19.4756276, 19.2241575, 43.527548, 43.3881152, 43.2466714, 43.0998399, 43.1099448, 42.8334379, 43.0390863, 43.2043152, 43.1134704, 42.7761354, 42.7009817, 42.2628211, 42.3256106, 42.3117318, 42.3974125, 42.5721256, 42.8821748, 42.8861224, 43.111211, 43.3762724, 43.4710896, 43.5840063, 43.8198454, 44.0042413, 44.063381, 44.2154512, 
44.443966, 44.5522896, 44.714986, 44.6283619, 44.4801152, 44.6335757, 44.6598435, 44.8665844, 45.1921262, 45.3731455, 45.6121625, 45.7381138, 45.964692, 46.1263705, 46.1782357, 45.9966206, 46.0398705, 45.9214421, 45.7420366, 45.3985443, 45.2453073, 45.0792094, 44.8553622, 44.9221738, 44.8709292, 44.5241349, 44.3184864, 44.0488816, 43.9557278, 43.9512091, 43.7141535, 43.5755897, 43.527548))"
Serbia and Montenegro,OWID_SRM,62.94397,NA,NA,NA,NA,NA,NA,list()
Seychelles,SYC,NA,31055.39,125480,Seychelles,Africa,Sub-Saharan Africa,Sub-Saharan Africa,"list(c(55.4401889, 55.3997925, 55.4818393, 55.4401889, -4.5616178, -4.6514447, -4.7098148, -4.5616178))"
Sierra Leone,SLE,45.518158,1690.4982,8276759,Sierra Leone,Africa,Sub-Saharan Africa,Sub-Saharan Africa,"list(c(-13.3007503, -13.2442311, -13.1711413, -13.2628171, -13.1305658, -12.9919997, -12.8945467, -12.9510211, -12.7101652, -12.4767884, -12.4706528, -11.9560685, -11.4672806, -11.3135323, -11.1003986, -10.8268493, -10.6066395, -10.6060125, -10.2958735, -10.2792134, -10.3796222, -10.5404018, -10.6786992, -10.6160444, -10.4646697, -10.5616301, -10.5734535, -10.7304711, -10.6634274, -10.8149812, -10.9930032, -11.1572312, -11.2080627, -11.8946229, -12.1199383, -12.2224969, -12.4882983, -12.6776062, 
-12.7894801, -13.0013151, -13.3007503, 9.0356857, 8.6743422, 8.5298197, 8.3828393, 8.1957372, 8.207878, 8.0792453, 7.9066922, 7.7018879, 7.6134017, 7.3775627, 7.1901627, 6.9263924, 7.193291, 7.3906966, 7.562902, 7.7748568, 8.039496, 8.227343, 8.4846828, 8.4892263, 8.3114098, 8.3490735, 8.5413895, 8.6792333, 8.8178219, 9.0495396, 9.0811453, 9.3106781, 9.3902511, 9.752687, 9.8681113, 9.9999716, 9.9999468, 9.872332, 9.9329118, 9.8481746, 9.4613082, 9.3009953, 9.1164256, 9.0356857))"
Singapore,SGP,100,80320.086,5649833,Singapore,Asia,East Asia & Pacific,South-eastern Asia,"list(c(103.817294, 103.7084206, 103.8425081, 104.0172608, 103.817294, 1.4706378, 1.3022558, 1.2583851, 1.3249732, 1.4706378))"
Sint Maarten (Dutch part),SXM,NA,NA,42108,NA,NA,NA,NA,list()
Slovakia,SVK,61.831146,27519.287,5473145,Slovakia,Europe,Europe & Central Asia,Eastern Europe,"list(c(17.1608044, 17.3322877, 17.7121575, 18.2971892, 18.7932324, 18.8207306, 19.2388919, 19.4936313, 19.6313464, 19.9743579, 20.2873631, 20.5861713, 20.8358947, 21.1339416, 21.5088402, 21.7239893, 22.155228, 22.1609157, 22.565731, 22.0304558, 21.9349733, 21.6015908, 21.1240888, 20.92766, 20.6917305, 20.3249828, 19.9323492, 19.7906481, 19.5297284, 19.2336968, 19.0269674, 18.850916, 18.5974306, 18.3786987, 18.1842852, 18.0228786, 17.5199385, 17.2014695, 16.9403706, 16.8439476, 17.1608044, 48.0066772, 
47.9940647, 47.7552464, 47.7315855, 47.8228524, 48.036843, 48.0536514, 48.1089677, 48.2496915, 48.1659474, 48.2614102, 48.535484, 48.5826816, 48.4955113, 48.5545766, 48.3497226, 48.4039465, 48.5670401, 49.0879765, 49.2250258, 49.3461357, 49.4351681, 49.4362853, 49.2959836, 49.41975, 49.4029665, 49.2364466, 49.4105141, 49.5708022, 49.5107935, 49.3939043, 49.5169011, 49.510719, 49.3299728, 49.2862014, 49.0211898, 48.8129592, 48.8779087, 48.6166957, 48.350964, 48.0066772))"
Slovenia,SVN,56.78515,32673.762,2115184,Slovenia,Europe,Europe & Central Asia,Southern Europe,"list(c(13.7140748, 13.4370323, 13.5755088, 13.8679127, 13.7194938, 13.5855855, 13.6525844, 13.815469, 14.2455432, 14.5957651, 14.8036141, 14.9450464, 15.166152, 15.3616403, 15.3008217, 15.7002179, 15.6808259, 16.0017133, 16.3660873, 16.5967322, 16.3917494, 16.2913853, 16.1138112, 15.8763142, 15.5625028, 15.4883382, 15.0441565, 14.8187068, 14.5399625, 14.4175192, 14.4159069, 14.4151903, 14.411921, 14.3194839, 14.3188121, 14.2668163, 14.2229266, 14.2228818, 14.219702, 14.0946612, 13.7140748, 46.5228701, 
46.354364, 45.8536126, 45.6584911, 45.5933678, 45.478589, 45.4534137, 45.4339239, 45.5034168, 45.6277791, 45.4954967, 45.5227825, 45.4221555, 45.4951243, 45.7551208, 45.853414, 46.2270223, 46.3074395, 46.5467544, 46.4758214, 46.6337261, 46.8728176, 46.8690934, 46.7198288, 46.674543, 46.6205674, 46.6519993, 46.5092645, 46.4114679, 46.4454074, 46.4454074, 46.4454571, 46.4454074, 46.4314046, 46.4309328, 46.4390515, 46.4408391, 46.4408391, 46.4425274, 46.4848091, 46.5228701))"
Solomon Islands,SLB,24.219799,NA,781026,Solomon Islands,Oceania,East Asia & Pacific,Melanesia,"list(list(c(161.3533726, 161.5708506, 161.7870745, 162.1249804, 162.2695477, 162.0700287, 161.8358458, 161.3533726, -10.1796219, -10.5829491, -10.7483269, -10.8454283, -10.6900064, -10.4671027, -10.4479108, -10.1796219)), list(c(161.3629119, 161.3778703, 161.5237363, 161.3629119, -9.3717012, -9.6550358, -9.5792118, -9.3717012)), list(c(159.7066133, 159.594605, 159.6091603, 159.8208609, 160.3216961, 160.6141447, 160.8008551, 160.8024674, 160.5791226, 160.3475372, 159.9066249, 159.7066133, -9.2496231, 
-9.304989, -9.4979505, -9.8021404, -9.8120715, -9.9438077, -9.8829051, -9.764576, -9.5496419, -9.4096133, -9.4262727, -9.2496231)), list(c(157.9716267, 157.8687098, 158.0225029, 158.1112228, 157.9716267, -8.514572, -8.6716573, -8.7720857, -8.5333418, -8.514572)), list(c(157.3412273, 157.1945551, 157.3279261, 157.3412273, -8.4058511, -8.580018, -8.6275383, -8.4058511)), list(c(160.7049696, 160.5670753, 160.7070745, 160.667932, 160.8628829, 161.1428812, 161.2678773, 161.2270778, 161.1054406, 160.9317181, 
161.0054348, 160.7049696, -8.315478, -8.3916497, -8.5224672, -8.7416965, -9.1716639, -9.3491576, -9.3375382, -9.1383698, -8.9133557, -8.8020776, -8.6358556, -8.315478)), list(c(157.4858394, 157.4067036, 157.2112601, 157.5208168, 157.6758191, 157.9029259, 157.5879501, 157.4858394, -7.9571139, -7.9870811, -8.3091718, -8.2437754, -8.5146216, -8.4800117, -8.0108909, -7.9571139)), list(c(157.0887272, 156.9462649, 157.1491875, 157.1683557, 157.0887272, -7.8467048, -8.0233544, -8.1379098, -7.903759, -7.8467048
)), list(c(156.5975209, 156.5087114, 156.6808218, 156.7937258, 156.5975209, -7.557064, -7.6899919, -7.9228764, -7.7266874, -7.557064)), list(c(158.4449637, 158.5704076, 158.7774505, 159.0141414, 159.5362944, 159.6591408, 159.8487622, 159.8541812, 159.4129106, 159.101652, 158.9574878, 158.4449637, -7.527941, -7.7525082, -7.8787575, -8.0854239, -8.3675171, -8.3887696, -8.5600316, -8.3429624, -7.9900356, -7.9187798, -7.7570766, -7.527941)), list(c(156.4778991, 156.4466837, 156.6525174, 157.0321185, 
157.3466464, 157.2779456, 157.1374985, 157.1070892, 156.4778991, -6.5975201, -6.7687821, -6.9012383, -7.2950317, -7.4063097, -7.1975082, -7.1246138, -6.9691671, -6.5975201)))"
Somalia,SOM,44.45677,NA,17801848,Somalia,Africa,Sub-Saharan Africa,Sub-Saharan Africa,"list(c(42.9672296, 42.7547677, 42.7051007, 42.79812, 42.8536091, 43.0090144, 43.0874337, 43.255155, 43.2992686, 43.5206877, 43.6429966, 43.9953234, 44.8229577, 46.0636478, 47.0010063, 48.0010644, 46.7740787, 45.9948574, 44.970436, 44.0103713, 43.3257816, 43.0490078, 42.8441594, 42.5407382, 42.0788216, 41.9069352, 41.3308605, 40.9943878, 40.9943878, 40.9943878, 40.9943878, 41.5589078, 41.5591765, 42.1125002, 42.1779765, 42.583777, 42.8681643, 43.373702, 43.7759645, 44.3198385, 44.6361578, 45.0463473, 
45.3337352, 45.9382934, 46.340332, 46.6862545, 47.2174542, 47.4458149, 47.9810453, 48.2733597, 48.6464221, 48.9164333, 49.0502969, 49.0869761, 49.2110765, 49.6802484, 49.83122, 49.8379378, 50.1289086, 50.3344288, 50.4467058, 50.6239664, 50.6571524, 50.8447585, 50.8028393, 50.9005611, 50.8981427, 51.2166117, 51.1305342, 51.1264139, 51.1830674, 51.0771947, 51.1246225, 51.2830732, 50.7921804, 50.5728215, 50.4502886, 50.0749422, 49.5524308, 49.3869935, 48.9621144, 48.6596786, 48.3941011, 48.1584851, 
47.7009126, 47.4180032, 47.1462454, 46.6510531, 46.4334856, 46.2645551, 45.978869, 45.805236, 45.4621798, 45.3324365, 44.9986061, 44.5706367, 44.2747396, 43.9157845, 43.6772127, 43.468871, 43.2586931, 42.9672296, 10.9972288, 10.7108156, 10.5406461, 10.4529047, 10.2203678, 10.0864467, 9.9025971, 9.8448973, 9.6058059, 9.3796496, 9.3567833, 9.0031861, 8.7302295, 8.3173436, 8.0011371, 8.0013109, 6.7775002, 5.9954749, 4.9132819, 4.9592878, 4.7363095, 4.5809125, 4.2835005, 4.2108048, 4.1791991, 3.9826872, 
3.1575858, 2.8226839, 1.4539783, 0.4921503, -0.8395867, -1.5983732, -1.6620316, -0.8444529, -0.8095451, -0.3035302, -0.0241184, 0.5303354, 0.9078169, 1.375175, 1.6197782, 1.8858078, 2.0229068, 2.3776709, 2.7830091, 3.0827797, 3.6711731, 3.894499, 4.504145, 5.0060633, 5.4989939, 5.9283655, 6.2069083, 6.427081, 6.7445289, 7.4564654, 7.7704871, 7.9496195, 8.1968544, 8.5610034, 8.8979163, 9.0562927, 9.2072208, 9.4535371, 9.5914306, 9.9975385, 10.3103188, 10.4242535, 10.6824375, 11.0112317, 11.1432162, 
11.2338375, 11.4999665, 11.8040571, 11.9855729, 11.9056771, 11.6879872, 11.5080603, 11.4463881, 11.3307404, 11.2413107, 11.3255017, 11.2831952, 11.1337071, 11.0912516, 11.1778261, 11.0614086, 10.74046, 10.6817671, 10.7664795, 10.7781237, 10.8674789, 10.6648098, 10.6642387, 10.4333404, 10.378471, 10.440466, 10.7132488, 10.960732, 11.3492867, 11.4606889, 10.9972288))"
South Africa,ZAF,68.02588,11415.887,62378377,South Africa,Africa,Sub-Saharan Africa,Sub-Saharan Africa,"list(c(19.9993033, 19.9993481, 19.9992586, 19.9992138, 19.5503744, 19.4913473, 19.2950976, 19.2455202, 19.1179714, 18.9332763, 18.7394451, 18.1871067, 17.9245747, 17.5986265, 17.4300542, 17.4126327, 17.3433945, 17.0832808, 16.9001981, 16.7525854, 16.8019837, 16.4544937, 16.602823, 16.8167181, 16.9418933, 17.0797428, 17.2722752, 17.6032842, 17.8794758, 18.2263387, 18.3449753, 18.326255, 18.1279004, 17.8963151, 17.8860144, 18.2607787, 18.4400547, 18.4891843, 18.3300169, 18.4689413, 18.8115944, 18.8602313, 
19.041254, 19.3291345, 19.4048219, 19.6529778, 20.0880232, 20.6147444, 20.8457475, 20.8902642, 21.2898844, 21.5354875, 21.6967598, 21.9053254, 22.151466, 22.5615659, 22.9307768, 23.375675, 23.6465372, 24.1883958, 24.4739475, 24.8352762, 24.9841876, 25.2296117, 25.5896863, 25.6265895, 25.7875035, 26.0555889, 26.467525, 27.1424859, 27.9147206, 28.5096499, 28.8841455, 29.4244814, 29.8558097, 30.226812, 30.6243272, 31.0489376, 31.2322443, 31.7815373, 32.0131226, 32.3565371, 32.5561009, 32.6007519, 32.7137007, 
32.8428618, 32.8911405, 32.3318603, 32.1346254, 32.014914, 31.9774734, 31.4938806, 31.1507349, 30.8028866, 30.8049915, 30.9615165, 31.1266851, 31.4148344, 31.868824, 31.9756372, 31.9305383, 32.0057778, 32.0302306, 31.9853109, 31.9080561, 31.8805578, 31.7676986, 31.6899959, 31.560387, 31.5628502, 31.3095439, 31.2576824, 30.8398346, 30.2889293, 29.7734045, 29.375307, 29.0364607, 28.9178241, 28.6464694, 28.3459593, 27.9352771, 27.9209906, 27.7517913, 27.6042234, 27.5628417, 27.1921529, 26.9710921, 26.8440807, 
26.7328338, 26.3927334, 25.8581748, 25.8846878, 25.5818937, 25.3342304, 25.0373479, 24.8867794, 24.6859168, 24.2656506, 24.1944866, 23.9458828, 23.6606446, 23.3519836, 23.0065985, 22.8630613, 22.7660113, 22.721405, 22.5794353, 22.2483368, 22.0517289, 21.7870024, 21.6939383, 21.414343, 21.1334489, 20.8839942, 20.7630736, 20.622134, 20.646542, 20.8630347, 20.6971943, 20.5169331, 20.3813676, 19.9993033, -24.7623397, -26.3090108, -27.2475255, -28.4284834, -28.5439078, -28.6805847, -28.7349078, -28.9027684, 
-28.9703, -28.8605364, -28.8348396, -28.9175409, -28.7703371, -28.695233, -28.7229408, -28.3766182, -28.237682, -28.0345659, -28.0739676, -28.2938424, -28.3722733, -28.6337098, -28.8743406, -29.0929988, -29.3715168, -29.8249713, -30.3328483, -30.9176168, -31.3202985, -31.7502163, -32.2786506, -32.5245698, -32.7775648, -32.7422349, -32.9794891, -33.4311063, -33.6986504, -33.8693165, -34.0581318, -34.1090535, -34.0997431, -34.3855356, -34.3401505, -34.4481513, -34.606478, -34.784369, -34.7308652, -34.4527444, 
-34.473128, -34.3768956, -34.4363829, -34.3565616, -34.3944985, -34.3438995, -34.089241, -33.9978996, -34.0697512, -34.0988245, -33.9796263, -34.0596214, -34.1602981, -34.2142985, -33.9806939, -33.9722525, -34.0501869, -33.8795704, -33.7426452, -33.7056767, -33.7721406, -33.4884336, -33.0318012, -32.6038945, -32.2797679, -31.6900089, -31.4218193, -31.0586634, -30.5142152, -29.7910317, -29.5135565, -28.9577868, -28.87804, -28.5811246, -28.146862, -27.8207988, -27.4313007, -27.1067023, -26.8586232, 
-26.8640605, -26.8400769, -26.8222505, -27.3173908, -27.3149577, -27.2016438, -26.8249816, -26.4666423, -26.261689, -25.9211513, -25.7179111, -25.9992346, -25.9526825, -25.8402127, -25.644694, -25.0661323, -24.3052852, -24.1815684, -23.9527556, -23.8847027, -23.6255007, -23.4811768, -23.186496, -22.4219991, -22.3631573, -22.2922988, -22.3560566, -22.1416439, -22.1954705, -22.2165245, -22.4605318, -22.5564415, -22.5718844, -22.9655039, -23.0670247, -23.2192935, -23.2157183, -23.3495896, -23.4981094, 
-23.7027151, -24.2733815, -24.3046645, -24.6364877, -24.7561079, -24.8878689, -25.6378663, -25.770968, -25.7225787, -25.807738, -25.8232553, -25.7083524, -25.6214552, -25.638487, -25.4150619, -25.2846664, -25.3083769, -25.4795644, -25.7409761, -26.0184513, -26.1570151, -26.3469476, -26.6331125, -26.676288, -26.8610563, -26.8226478, -26.8735695, -26.7976214, -26.8663446, -26.7865978, -26.4351607, -26.1325846, -25.5904701, -25.3232736, -25.0328135, -24.7623397), c(28.6513958, 28.7038843, 28.9045229, 
29.354437, 29.4464711, 29.1619942, 29.1694733, 28.8555724, 28.4008214, 28.1795367, 28.0856217, 27.7420729, 27.365562, 27.0964465, 27.0141309, 27.3000409, 27.6137627, 27.766257, 28.0073368, 28.1702214, 28.3441231, 28.6513958, -28.5705728, -28.6706287, -28.7587425, -29.124406, -29.3775748, -29.6771715, -29.9160147, -30.0900078, -30.1436358, -30.439136, -30.6551624, -30.60362, -30.2598794, -29.7297568, -29.6619769, -29.5134324, -29.1644283, -28.9161258, -28.8722054, -28.7056607, -28.694811, -28.5705728
))"
South Korea,KOR,86.09601,41320.9,51782473,South Korea,Asia,East Asia & Pacific,Eastern Asia,"list(list(c(126.7641263, 126.3087036, 126.1829014, 126.4683187, 126.8358278, 126.9212335, 126.7641263, 33.5670667, 33.4674825, 33.2599471, 33.2278945, 33.310422, 33.4466024, 33.5670667)), list(c(128.6841662, 128.4728687, 128.7212038, 128.6841662, 35.0412159, 34.8775015, 34.8149603, 35.0412159)), list(c(126.6903648, 126.5328545, 126.6081836, 126.6511776, 126.3254533, 126.2008155, 126.1974566, 126.455734, 126.5500073, 126.5424386, 126.6679273, 126.7016059, 126.4666617, 126.4874421, 126.2991643, 126.4032455, 
126.3441288, 126.4070971, 126.2553641, 126.4599887, 126.4783059, 126.7078759, 126.9541508, 127.0199854, 127.1791079, 127.2908475, 127.579579, 127.7524507, 127.7708575, 128.2008421, 128.4295164, 128.520386, 129.025431, 129.1816425, 129.4362923, 129.5195484, 129.3853713, 129.4112573, 129.4787041, 129.4283205, 129.0587066, 128.876206, 128.6139427, 128.3604125, 128.2820381, 128.0843105, 127.3828367, 127.1104967, 126.9646754, 126.6903648, 37.8428813, 37.6557792, 37.4410686, 37.1842004, 36.9975204, 36.858758, 
36.6754048, 36.592629, 36.3537114, 36.1453567, 36.0333337, 35.7977678, 35.642917, 35.5203919, 35.2110627, 35.1363807, 34.9737091, 34.8524751, 34.6674834, 34.5053828, 34.351252, 34.4558266, 34.4695563, 34.624581, 34.692038, 34.4753909, 34.7333018, 34.7362563, 34.9661863, 34.8936892, 34.9458275, 35.100008, 35.0907969, 35.1545795, 35.5124719, 35.9258047, 36.0274992, 36.589178, 36.7666717, 37.0662437, 37.6749959, 37.8308398, 38.1457802, 38.6182775, 38.4371838, 38.3165456, 38.3360354, 38.2956903, 38.1898246, 
37.8428813)), list(c(131.8669306, 131.8647809, 131.8635269, 131.8669306, 37.2407581, 37.2428685, 37.2407333, 37.2407581)))"
South Sudan,SSD,NA,NA,11021133,South Sudan,Africa,Sub-Saharan Africa,Sub-Saharan Africa,"list(c(27.9055396, 27.1423515, 26.7027828, 26.3938978, 26.3082681, 26.2139053, 25.9322051, 25.9333695, 25.76735, 25.3875698, 25.09848, 24.9703042, 24.8099276, 24.4978181, 24.1303091, 24.1003029, 23.696249, 23.6087383, 23.5045674, 23.4408378, 23.5699541, 23.5061797, 23.7913284, 23.9574822, 24.2586193, 24.153284, 24.2261947, 24.418951, 24.8606247, 24.9072015, 25.2960284, 25.2020686, 25.3662519, 25.5980612, 25.8168827, 26.047841, 26.0890884, 26.4171862, 26.2844423, 26.47066, 26.5743382, 26.8152389, 
27.190675, 27.2847243, 27.2382819, 27.3135213, 27.401659, 27.4583126, 27.445907, 27.5587662, 27.7714073, 27.7925013, 28.2064528, 28.6678768, 28.7241273, 29.0352067, 29.2214244, 29.4459336, 29.4902712, 29.825893, 29.838209, 29.9656683, 30.0593145, 30.1633062, 30.277106, 30.5778847, 30.8501352, 30.9719067, 31.2905549, 31.5452047, 31.8024969, 31.9543642, 32.1005885, 32.4152508, 32.7200155, 33.0286317, 33.1942929, 33.5124484, 33.9920553, 34.3769859, 34.6564916, 35.2448375, 35.5660832, 35.5218352, 35.7020964, 
35.9489984, 35.8093127, 35.8613086, 35.4890075, 35.3209279, 35.3058352, 35.1260218, 35.0062656, 34.9611667, 35.0110129, 34.8783585, 34.529928, 34.4605107, 34.3059114, 34.1902307, 34.0405131, 34.0040578, 33.7238355, 33.470171, 33.319916, 33.0047163, 33.1722137, 33.1869033, 33.3113172, 33.6755121, 33.7675461, 34.0212554, 34.1455349, 34.1455349, 34.1066612, 33.8775838, 33.9950112, 33.8036879, 33.5171509, 33.2710999, 33.1363854, 33.2620532, 32.7315701, 32.7457223, 32.0966026, 32.3911114, 32.3911114, 
32.4697098, 32.1488672, 31.988625, 31.8397135, 31.3648539, 31.281777, 30.8379088, 30.0000187, 29.537475, 29.5375198, 29.1174775, 29.0000053, 29.0000053, 27.8333455, 27.8333455, 27.9055396, 9.6125094, 9.6263632, 9.4888919, 9.5640704, 9.645282, 9.9166744, 10.1791537, 10.3740269, 10.4207031, 10.389147, 10.3171713, 9.9043847, 9.7914183, 9.8356117, 9.734662, 9.6635801, 9.6715498, 9.2249974, 9.1852978, 9.0200938, 8.9429291, 8.8119874, 8.7071645, 8.7298571, 8.5989651, 8.3821938, 8.28904, 8.2860358, 8.1776129, 
8.0550382, 7.7533807, 7.4931856, 7.3455349, 7.2163063, 7.1506865, 7.0025888, 6.8515366, 6.646062, 6.4698841, 6.2842468, 6.0309787, 5.9881756, 5.7323254, 5.5889201, 5.4457135, 5.2123076, 5.1527954, 5.0694238, 5.0180054, 4.8919548, 4.7913279, 4.6063858, 4.3520004, 4.4286685, 4.5365204, 4.4913338, 4.3411258, 4.5201092, 4.694723, 4.5602061, 4.3377244, 4.2957158, 4.1327711, 4.1155406, 3.9564691, 3.7537503, 3.5006311, 3.6902657, 3.793723, 3.6508888, 3.7999051, 3.586858, 3.5299031, 3.7440178, 3.7650718, 
3.8907251, 3.7776098, 3.7490579, 4.2186256, 4.6170617, 4.7600449, 4.9871197, 4.8979631, 4.76002, 4.5877898, 4.6310397, 4.7906823, 5.320656, 5.4186512, 5.3359003, 5.5035622, 5.6244238, 5.8899321, 6.2834027, 6.4724165, 6.6068837, 6.7551552, 6.9195896, 6.9429028, 7.1315443, 7.2280002, 7.4186278, 7.6563786, 7.7524373, 7.7215267, 7.8588243, 8.2034835, 8.3831621, 8.4676758, 8.445877, 8.3676447, 8.4886801, 8.6077045, 9.0328056, 9.4999899, 9.4999899, 10.0632824, 10.3357176, 10.6425393, 10.8279034, 11.6261164, 
12.1874476, 12.2363831, 11.9510623, 11.9510623, 11.7062356, 11.1808054, 11.0433092, 10.7374807, 10.6502855, 10.3791662, 9.8161964, 9.7596139, 9.7500056, 10.2880731, 10.0819529, 9.7500056, 9.7500056, 9.6735608, 10.1666653, 10.1666653, 9.7944473, 9.6125094))"
Spain,ESP,81.25485,34123.387,47828339,Spain,Europe,Europe & Central Asia,Southern Europe,"list(list(c(1.5332955, 1.2903795, 1.4020743, 1.613327, 1.5332955, 39.1195503, 39.0291772, 38.8483069, 39.0253786, 39.1195503)), list(c(3.2137335, 2.7774789, 2.3562273, 2.4779093, 2.6591558, 2.7891231, 3.0516103, 3.2337526, 3.4549029, 3.2408287, 3.2137335, 39.9557746, 39.8570842, 39.604983, 39.4792055, 39.5645385, 39.3629122, 39.2654383, 39.3632846, 39.6554082, 39.7320764, 39.9557746)), list(c(4.095379, 3.8299807, 3.8233524, 4.3137078, 4.095379, 40.0891494, 40.0545892, 39.9229275, 39.8891369, 40.0891494
)), list(c(-5.3396519, -5.1750655, -4.9124887, -4.6408652, -4.4175652, -3.6000076, -3.4249863, -3.2591907, -2.7000001, -2.5633598, -2.3708722, -2.1933428, -1.9938238, -1.8020975, -1.6675174, -1.3533478, -0.9192428, -0.6650409, -0.6354825, -0.3759063, -0.0909368, 0.2337574, -0.0075463, -0.2037512, -0.3362712, -0.3187601, 0.0549741, 0.3874609, 0.6033714, 0.8737409, 0.7020336, 0.9857939, 1.4649082, 2.1108033, 2.2541166, 2.9358401, 3.2016862, 3.2120764, 3.1112197, 3.2912122, 3.1728444, 2.8375809, 2.454173, 
2.3101432, 2.0854548, 1.7257832, 1.5156501, 1.4385744, 1.3354784, 0.7071839, 0.6765059, 0.1757155, -0.0073672, -0.2850815, -0.5542418, -0.8195057, -1.1149103, -1.4399627, -1.3776662, -1.7818993, -2.3275199, -2.7358732, -3.0362937, -3.4170592, -3.5958426, -4.2766703, -4.6283701, -5.2166712, -5.4117116, -5.6691829, -5.8104361, -6.1225456, -7.2374782, -7.3666841, -7.724206, -8.0671278, -8.4358909, -8.7133812, -8.9146469, -9.2900381, -9.1033726, -8.7833808, -8.9100787, -8.7725876, -8.7400733, -8.9013008, 
-8.8427663, -8.6361712, -8.2072166, -8.0854003, -8.2167559, -8.0944469, -7.7011863, -7.4057818, -7.0712348, -6.5463946, -6.5507836, -6.1966654, -6.4372974, -6.6516851, -6.8170776, -6.7933861, -6.8492783, -6.7889076, -7.0120285, -6.8724324, -7.0151187, -7.4964274, -7.2963262, -7.2416433, -6.9512099, -7.0328985, -7.255482, -7.2812783, -7.004415, -7.2041579, -7.5244631, -7.4185008, -7.0566795, -6.5241811, -6.3691788, -6.2195955, -6.0275109, -5.6071551, -5.3537593, -5.3396519, 36.1532022, 36.4154332, 
36.5062284, 36.5062532, 36.7179348, 36.7429116, 36.6945471, 36.7529172, 36.6820835, 36.8153838, 36.8403854, 36.7204176, 36.8499689, 37.2216655, 37.3570762, 37.5520736, 37.5545812, 37.9770506, 38.1416587, 38.4437135, 38.5295679, 38.7475061, 38.8704284, 39.0633154, 39.4325044, 39.5174899, 40.0379297, 40.338743, 40.6228969, 40.6974796, 40.8066473, 41.0378684, 41.1653838, 41.2870896, 41.4470549, 41.7145494, 41.8903797, 42.0682707, 42.1990882, 42.3024463, 42.4359204, 42.4580171, 42.3686123, 42.4285217, 
42.3611391, 42.5043954, 42.4287451, 42.6031603, 42.7242702, 42.861245, 42.6909016, 42.7376523, 42.6836519, 42.8379814, 42.7811258, 42.949607, 43.0243138, 43.0455167, 43.2352754, 43.3484652, 43.2979407, 43.4279141, 43.371704, 43.4174616, 43.5137189, 43.38958, 43.3979222, 43.4753848, 43.5553799, 43.5429164, 43.6425006, 43.5570682, 43.57122, 43.6787243, 43.7520656, 43.7016652, 43.3820572, 43.2911876, 43.3225202, 43.0445485, 42.7553545, 42.5953643, 42.4762407, 42.3895173, 42.2270443, 42.1124393, 41.8843465, 
42.0468195, 42.1412147, 42.0184413, 41.9098447, 41.8098384, 41.9079081, 41.8176591, 41.9492215, 41.9360131, 41.6875368, 41.5904602, 41.3048663, 41.2361181, 41.033598, 40.662249, 40.4514115, 40.3344478, 40.2284084, 40.0078633, 39.6701559, 39.5862132, 39.4609819, 39.2093027, 39.0232186, 38.8779761, 38.7269735, 38.4191836, 38.022262, 38.0030453, 37.5524956, 37.2362394, 37.2095496, 36.9787506, 36.7787132, 36.3999655, 36.1845846, 36.0066687, 36.1549154, 36.1532022)), list(c(-15.4195926, -15.689559, -15.8173766, 
-15.7875495, -15.5985551, -15.4283257, -15.3679998, -15.4195926, 28.1810037, 28.169285, 28.0049996, 27.8340107, 27.7342775, 27.8048381, 27.9913195, 28.1810037)), list(c(-16.1538941, -16.3801947, -16.5195669, -16.916276, -16.7057846, -16.5409744, -16.4341164, -16.360534, -16.1538941, 28.5866399, 28.5476603, 28.4175627, 28.3599375, 28.0087238, 28.0283129, 28.1398889, 28.3797004, 28.5866399)), list(c(-13.8747648, -13.9756216, -14.199459, -14.2223891, -13.9269846, -13.8224555, -13.8747648, 28.7466052, 
28.7327265, 28.3318076, 28.2150922, 28.2418566, 28.590662, 28.7466052)), list(c(-17.9090789, -18.0048301, -17.8322272, -17.7242495, -17.9090789, 28.8554998, 28.7844179, 28.4569147, 28.7426576, 28.8554998)), list(c(-13.4634109, -13.7517393, -13.6408954, -13.4652471, -13.4634109, 29.2259302, 29.0783788, 28.9187858, 29.0179728, 29.2259302)))"
Sri Lanka,LKA,19.098562,10705.481,22834913,Sri Lanka,Asia,South Asia,Southern Asia,"list(c(80.2174904, 79.9866664, 80.0232561, 80.172481, 80.3857939, 80.155373, 80.0558151, 79.9291619, 79.9612283, 79.8662384, 79.7467958, 79.8377549, 79.8645366, 80.0966593, 80.2574837, 80.5950313, 80.8533535, 81.3191218, 81.6987676, 81.827884, 81.8795663, 81.868773, 81.7929066, 81.5679047, 81.4328767, 81.3545918, 81.1945736, 81.227043, 81.0262252, 80.8137633, 80.3642074, 80.2174904, 9.8320614, 9.8078791, 9.6453565, 9.6537483, 9.4728779, 9.4432832, 9.0204166, 8.9062336, 8.7199757, 8.5107768, 7.9924474, 
7.3124643, 6.806648, 6.1287753, 5.9971136, 5.915455, 6.0420767, 6.1945937, 6.4849794, 6.7600214, 7.015822, 7.3158408, 7.5808029, 7.8716106, 8.1449644, 8.4908401, 8.4658386, 8.6516993, 8.8908156, 9.2874393, 9.6612214, 9.8320614))"
Sudan,SDN,47.43403,NA,49383296,Sudan,Africa,Sub-Saharan Africa,Northern Africa,"list(c(23.696249, 24.1003029, 24.1303091, 24.4978181, 24.8099276, 24.9703042, 25.09848, 25.3875698, 25.76735, 25.9333695, 25.9322051, 26.2139053, 26.3082681, 26.3938978, 26.7027828, 27.1423515, 27.9055396, 27.8333455, 27.8333455, 29.0000053, 29.0000053, 29.1174775, 29.5375198, 29.537475, 30.0000187, 30.8379088, 31.281777, 31.3648539, 31.8397135, 31.988625, 32.1488672, 32.4697098, 32.3911114, 32.3911114, 32.0966026, 32.7457223, 32.7315701, 33.2620532, 33.1363854, 33.2710999, 33.5171509, 33.8036879, 
33.9950112, 33.8775838, 34.1066612, 34.2334039, 34.3336336, 34.2945807, 34.4655714, 34.6028387, 34.7627226, 34.9531053, 35.045005, 35.0868793, 35.2697829, 35.6617, 36.0090556, 36.1599376, 36.1431879, 36.2823809, 36.3908512, 36.4972165, 36.4656428, 36.5604087, 36.524043, 36.4333525, 36.5342988, 36.7047969, 36.7677652, 36.9669706, 36.901987, 37.0027542, 36.9924983, 37.0780384, 37.4604162, 37.5116507, 37.9531005, 38.0041558, 38.3448384, 38.4520995, 38.5822458, 38.3980435, 38.1102077, 38.1109242, 37.7498195, 
37.5146066, 37.4345751, 37.2481782, 37.2670329, 37.1820302, 37.1860161, 37.2358174, 37.0947882, 37.128422, 36.9113472, 36.892806, 36.4527446, 36.1890034, 35.9611352, 35.6629092, 35.6196017, 35.2073073, 34.9471937, 34.6876622, 34.1494312, 33.9994897, 33.5533375, 33.1657198, 31.3150077, 30.0000187, 24.9999969, 24.9999969, 23.9999836, 23.9999836, 23.9999836, 23.5897493, 23.3229178, 23.1195921, 22.919043, 23.0046727, 22.668827, 22.7171056, 22.409833, 22.4701589, 22.5390837, 22.2051637, 22.072375, 22.2169422, 
22.2909277, 22.13288, 21.926061, 21.815038, 21.94505, 22.1529439, 22.2013121, 22.4766528, 22.3864102, 22.496224, 22.6320582, 22.5608494, 22.7859856, 22.9436302, 22.9738604, 22.8768104, 23.001896, 23.3024061, 23.6701839, 23.696249, 9.6715498, 9.6635801, 9.734662, 9.8356117, 9.7914183, 9.9043847, 10.3171713, 10.389147, 10.4207031, 10.3740269, 10.1791537, 9.9166744, 9.645282, 9.5640704, 9.4888919, 9.6263632, 9.6125094, 9.7944473, 10.1666653, 10.1666653, 9.6735608, 9.7500056, 9.7500056, 10.0819529, 10.2880731, 
9.7500056, 9.7596139, 9.8161964, 10.3791662, 10.6502855, 10.7374807, 11.0433092, 11.1808054, 11.7062356, 11.9510623, 11.9510623, 12.2363831, 12.1874476, 11.6261164, 10.8279034, 10.6425393, 10.3357176, 10.0632824, 9.4999899, 9.4999899, 10.0493789, 10.1189711, 10.5848892, 10.8139502, 10.9059868, 10.7562753, 10.9492864, 11.4209645, 11.8075329, 11.9442098, 12.636582, 12.7242241, 12.6971866, 12.9477733, 13.373818, 13.5470662, 13.8348201, 13.9780515, 14.2576619, 14.3388984, 15.1673268, 15.2290486, 15.7392346, 
15.8374532, 16.4327736, 16.6863397, 16.7455788, 16.989313, 17.0795372, 17.1176726, 17.3392109, 17.4672974, 17.5633312, 17.6523388, 17.8992013, 18.021205, 18.1543067, 18.2702028, 18.4179032, 18.6947329, 18.7302863, 18.8376912, 19.5523339, 19.8257622, 20.0304672, 20.333813, 20.5674423, 21.0366873, 21.2721539, 21.6147275, 22.0655999, 22.3492076, 22.65953, 22.6959523, 22.9545336, 23.1464026, 22.7855806, 22.8602129, 22.2958775, 22.2038906, 21.7694294, 21.7249629, 22.0000049, 22.0000049, 22.0000049, 22.0000049, 
20.0000035, 20.0000035, 19.499997, 15.698815, 15.7643106, 15.6883128, 15.717982, 15.4941099, 15.2313824, 14.8517409, 14.6977591, 14.6051018, 14.2420204, 14.1172857, 13.9197311, 13.7769217, 13.5579407, 13.3537323, 13.1692619, 13.04845, 12.8050881, 12.6305985, 12.6705712, 12.7569967, 12.6328578, 12.4603545, 12.160137, 12.0515155, 11.6320502, 11.4068623, 11.4266004, 11.1918289, 10.9373194, 10.7064211, 10.4707807, 9.891797, 9.6715498))"
Suriname,SUR,74.2856,NA,623128,Suriname,Americas,Latin America & Caribbean,Latin America and the Caribbean,"list(c(-54.5544232, -54.3489477, -54.1796589, -54.2129344, -53.9995768, -53.9799608, -54.1955577, -54.355576, -54.3977638, -54.4633744, -54.4369063, -54.2588395, -54.0535432, -54.0005621, -54.0175805, -54.1705675, -54.8267632, -55.042181, -55.2121864, -55.668057, -55.9634168, -55.9313057, -56.4721342, -56.9570258, -57.1488417, -57.1701147, -57.2647911, -57.3556159, -57.6749806, -57.9221961, -57.8346406, -58.0705253, -58.039713, -57.8572124, -57.8295351, -57.6666058, -57.6601119, -57.3356864, -57.1991805, 
-57.0683623, -56.8730532, -56.662293, -56.5002594, -55.9895267, -55.9087786, -56.1418866, -55.9127197, -55.7510892, -55.3473935, -55.0158472, -54.6942432, -54.5544232, 2.3257312, 2.5230872, 2.8581876, 3.1546561, 3.43665, 3.5953739, 3.8075273, 4.0509884, 4.5732407, 4.7464641, 5.0149765, 5.2735081, 5.4314127, 5.6263108, 5.8304199, 5.8825582, 6.0022778, 6.015511, 5.9100674, 5.9981812, 5.9096702, 5.8034321, 5.9492705, 6.0056543, 5.8424614, 5.6021037, 5.4749855, 5.0142564, 5.0109295, 4.8284206, 4.6400274, 
4.1347077, 3.9820417, 3.796181, 3.6591813, 3.5337514, 3.375226, 3.3689943, 2.8301819, 2.6915436, 2.2896068, 2.0076377, 1.9342468, 1.8380392, 2.0394669, 2.2641335, 2.5184195, 2.4112877, 2.4389707, 2.5849331, 2.3271464, 2.3257312))"
Svalbard and Jan Mayen,SJM,100,NA,2400,NA,NA,NA,NA,list()
Sweden,SWE,87.42421,47126.13,10487289,Sweden,Europe,Europe & Central Asia,Northern Europe,"list(list(c(17.0941189, 16.3707898, 16.4741545, 16.7924444, 17.1441442, 17.0941189, 57.3666739, 56.5283393, 56.2308281, 56.8041759, 57.3182846, 57.3666739)), list(c(18.7383255, 18.4683143, 18.1057316, 18.1474716, 18.3441243, 18.7525224, 18.7540899, 19.0291171, 18.7383255, 57.9304134, 57.8212457, 57.5341869, 57.1691442, 57.0724896, 57.3616339, 57.5099799, 57.9133319, 57.9304134)), list(c(11.2636861, 11.1274042, 11.173354, 11.2807494, 11.4090596, 11.5683165, 12.1066818, 12.0975008, 12.607517, 12.7274523, 
12.9441689, 12.8566582, 12.6208183, 12.5658218, 13.0591778, 12.9041307, 12.9540665, 13.3716456, 13.7182846, 14.2025044, 14.361627, 14.2041167, 14.3390999, 14.7491551, 15.9966525, 16.0957626, 16.3732978, 16.4899638, 16.7290731, 16.6424581, 16.7974604, 16.8241525, 16.7049337, 16.8025211, 17.135008, 17.6274683, 18.4016288, 18.6490682, 18.4624922, 18.8616197, 18.9507874, 18.8033539, 18.4449363, 18.4641492, 18.1216304, 17.9924245, 17.6507567, 17.2633182, 17.1408749, 17.2499273, 17.0857888, 17.1766584, 
17.4623893, 17.5258054, 17.3599651, 17.4874691, 17.8874923, 18.1132556, 18.4607903, 18.5307899, 19.0975492, 19.2657632, 19.6107899, 20.0074543, 20.2183488, 20.7658055, 20.9457981, 21.6191019, 21.2507867, 21.1175053, 21.5299341, 21.5174838, 21.988268, 22.2633847, 22.3690783, 22.7673549, 23.0750306, 23.4908183, 24.1457153, 23.935403, 23.7293454, 23.6496274, 23.8684041, 24.0002971, 23.5544136, 23.7579632, 23.395291, 23.5478301, 23.3880358, 23.0693876, 22.8153648, 22.1103978, 21.4224939, 20.7728816, 
20.550343, 20.3059938, 20.227485, 19.9213767, 18.9858096, 18.1260642, 18.1527115, 17.8985096, 17.2823072, 16.7433148, 16.4079617, 16.0885522, 16.4039758, 16.3879874, 16.0406318, 15.6254263, 15.3778974, 15.4830087, 15.0400811, 14.5178385, 14.6248756, 14.5046716, 14.3268287, 13.6543311, 14.1141428, 14.1579429, 13.9664853, 13.2108212, 12.6829356, 12.1505715, 12.2131367, 11.9749232, 12.2184662, 12.074705, 12.058851, 12.3002443, 12.1374046, 12.5684641, 12.8718853, 12.6817712, 12.2250944, 12.6064422, 12.4488423, 
11.9402145, 11.691118, 11.8170546, 11.7772852, 11.6275228, 11.2636861, 59.0968719, 59.0241017, 58.7203835, 58.6441374, 58.1733283, 57.927881, 57.435422, 57.2316108, 56.8224739, 56.6458243, 56.5716389, 56.4304185, 56.4249813, 56.1458178, 55.6916433, 55.5733141, 55.4200026, 55.337053, 55.426284, 55.3850202, 55.5562326, 55.778317, 55.9558604, 56.1474812, 56.1995451, 56.4183274, 56.6603982, 57.2895837, 57.4474387, 57.7949779, 57.8774806, 58.3049652, 58.4037549, 58.5974364, 58.6620631, 58.8983242, 59.127857, 
59.3499911, 59.501664, 59.7037124, 59.8624364, 60.1220852, 60.1770291, 60.3358027, 60.4279138, 60.6032972, 60.534996, 60.6912123, 60.9466653, 61.3061963, 61.4133033, 61.652072, 62.0049492, 62.2474917, 62.3970791, 62.5149614, 62.5141669, 62.7678819, 62.8783407, 63.118326, 63.2199709, 63.4574485, 63.4766652, 63.6608128, 63.6562197, 63.8649716, 64.1266316, 64.443285, 64.6207788, 64.7782862, 65.0562331, 65.3949833, 65.4104261, 65.5678839, 65.8066526, 65.8683248, 65.7387735, 65.8216734, 65.8376128, 66.1044866, 
66.1984349, 66.4596976, 66.5644211, 66.8065913, 67.1675374, 67.434734, 67.4918875, 67.6261809, 68.0477317, 68.3008261, 68.3934088, 68.4863889, 68.6938994, 69.0329475, 69.0600843, 68.9294902, 68.4916275, 68.3572099, 68.516927, 68.5355478, 68.1975177, 67.9699463, 68.1189874, 67.9167156, 67.5334244, 67.4349326, 67.2020481, 67.0450124, 66.9132514, 66.5951827, 66.484724, 66.2824273, 66.1549366, 66.1339075, 65.8111713, 65.3105937, 65.1179301, 64.5796391, 64.46275, 64.1949328, 64.0077065, 64.0960686, 63.9734194, 
63.5954413, 63.4783287, 63.2680623, 63.0005678, 62.902076, 62.6121621, 62.2660381, 61.7232036, 61.5685762, 61.3569691, 61.0593834, 61.0108451, 60.512353, 60.0383908, 59.6947744, 59.5888839, 59.3441317, 59.0889519, 58.9059215, 59.0968719)))"
Switzerland,CHE,76.046135,63323.254,8792128,Switzerland,Europe,Europe & Central Asia,Western Europe,"list(c(9.6070292, 9.5145474, 9.5308492, 9.5618407, 9.2676454, 8.8984345, 8.6137337, 8.4708235, 8.4305614, 8.2000509, 8.0381517, 7.5894467, 7.3824934, 6.9891879, 7.0622777, 6.6297403, 6.4355508, 6.4378348, 6.1133645, 6.0316312, 6.515851, 6.8211083, 6.8050751, 7.0441844, 7.1172742, 7.583132, 7.8691316, 8.1661932, 8.2879647, 8.792114, 9.0174294, 9.2492386, 9.4103317, 9.5414186, 9.9957665, 10.1269878, 10.2960527, 10.4704023, 10.3557068, 10.1063865, 9.7843794, 9.6070292, 47.0607638, 47.0867089, 47.2705337, 
47.5043865, 47.6564566, 47.6480152, 47.8007805, 47.762223, 47.5658353, 47.6216729, 47.5528255, 47.5905637, 47.4325101, 47.4952995, 47.343726, 46.9972296, 46.930567, 46.7624085, 46.5762995, 46.2390141, 46.4540723, 46.4281025, 46.2035352, 45.9225097, 45.8589754, 45.9733818, 45.9175689, 46.178633, 46.4078927, 46.006353, 46.0500996, 46.2339989, 46.4671814, 46.3063967, 46.350466, 46.6076073, 46.5487903, 46.855165, 46.992264, 46.8413608, 47.0385181, 47.0607638))"
Syria,SYR,62.55012,2494.7612,22462118,Syria,Asia,Middle East & North Africa,Western Asia,"list(c(38.7936777, 40.6400904, 40.9777276, 41.2274958, 41.2087307, 41.2680714, 41.3822742, 41.3695103, 41.2558897, 41.2834776, 41.399427, 41.8171852, 42.3705537, 42.3524604, 42.341264, 42.1837538, 42.0342601, 41.5175261, 41.2182252, 40.7627129, 40.4188057, 40.1818462, 39.8166212, 39.2094654, 38.7476383, 38.5524636, 38.2430412, 37.4711647, 37.0853833, 36.9173932, 36.670536, 36.5439277, 36.6251236, 36.3659953, 36.3023552, 36.1067326, 35.9176934, 35.7340284, 35.9111547, 35.9511033, 35.8721466, 35.9756905, 
36.4083623, 36.5509142, 36.5927438, 36.2504937, 36.0627085, 35.9356075, 36.0470336, 35.6252895, 35.6703436, 35.6309772, 35.9352493, 36.0783834, 36.2013194, 36.3958224, 36.8381678, 37.5875172, 38.7936777, 33.3747259, 34.3151772, 34.3980275, 34.7786125, 35.1427863, 35.4847144, 35.6255127, 35.8429047, 36.0594029, 36.3488699, 36.5236575, 36.5877876, 37.067783, 37.0998853, 37.2351222, 37.2864164, 37.1819908, 37.0779376, 37.0620974, 37.1261531, 37.0165136, 36.877354, 36.7561696, 36.669322, 36.7067127, 
36.8455744, 36.9240054, 36.6347618, 36.6347369, 36.7859381, 36.801232, 36.5017346, 36.2138068, 36.1662865, 36.0103432, 35.866789, 35.928784, 35.5629219, 35.422496, 35.1891646, 34.9031983, 34.6339659, 34.6095105, 34.4176911, 34.186619, 33.8530827, 33.8114465, 33.6445542, 33.5641122, 33.2417732, 33.1530884, 32.6831979, 32.7203651, 32.5124821, 32.5299361, 32.3792066, 32.3111289, 32.7334493, 33.3747259))"
Taiwan,TWN,80.385735,53142.984,23420051,Taiwan,Asia,East Asia & Pacific,NA,"list(c(121.5399088, 121.4206901, 121.0383571, 120.9035978, 120.7111549, 120.5275795, 120.4274394, 120.1563981, 120.1550545, 120.051645, 120.1630711, 120.3253286, 120.5896969, 120.7160813, 120.9008211, 120.8941929, 121.0358043, 121.2010625, 121.4623853, 121.5979507, 121.6165367, 121.8723509, 121.8175336, 121.946829, 121.8919669, 121.5399088, 25.29475, 25.1638083, 25.0271066, 24.7486383, 24.5857929, 24.313606, 24.0847932, 23.7387189, 23.3629753, 23.0542419, 22.970622, 22.5294821, 22.3676546, 22.1053244, 
22.0341431, 22.3341123, 22.6682445, 22.7958096, 23.3144122, 23.8605488, 24.0600896, 24.531569, 24.7754274, 25.0204527, 25.1196894, 25.29475))"
Tajikistan,TJK,33.21207,5507.5454,10182185,Tajikistan,Asia,Europe & Central Asia,Central Asia,"list(c(74.8898634, 75.1286144, 75.1486782, 74.9637593, 74.9164659, 74.6979579, 74.6507541, 74.5066794, 74.1868669, 73.989408, 73.8037277, 73.7172023, 73.8536187, 73.5576767, 73.5998198, 73.3912989, 73.1617737, 72.598642, 72.3424695, 72.2762319, 72.0411085, 71.7942066, 71.7836372, 71.5951802, 71.5459611, 71.0985549, 71.0578002, 70.8290363, 70.5346171, 70.3049575, 69.7003098, 69.3555517, 69.2979577, 69.5280651, 69.678141, 69.9952664, 70.4212204, 70.6595236, 70.9878006, 70.6323388, 70.561757, 70.3283803, 
70.5887178, 70.7945963, 70.5518594, 70.0654899, 69.6638544, 69.3842591, 69.3380854, 69.2726987, 68.7738341, 68.9348824, 68.6358502, 68.5454285, 68.1169218, 67.7070457, 67.4553518, 67.4728628, 67.7038212, 68.0943947, 68.1960576, 68.0812278, 68.1404789, 68.4044888, 68.2686995, 68.1347016, 67.8602118, 67.7865398, 68.0161546, 68.2943615, 68.5421592, 68.822471, 68.9733083, 69.2507539, 69.4020837, 69.380318, 69.5366639, 70.1445362, 70.2962244, 70.1778565, 70.4928771, 70.6104388, 70.7696957, 71.1642999, 
71.3735373, 71.2573191, 71.5770869, 71.5924483, 71.4939204, 71.5068634, 71.4310417, 71.5673685, 71.8428435, 72.3443505, 72.6777778, 72.7951604, 73.0944613, 73.3058931, 73.7756025, 73.8426014, 74.3750999, 74.8038754, 74.8898634, 37.2340794, 37.3229132, 37.420834, 37.5382942, 38.024571, 38.2281587, 38.445948, 38.4714957, 38.640275, 38.5244534, 38.6117478, 38.907397, 38.9524842, 39.3553397, 39.4590453, 39.4529129, 39.350821, 39.3650225, 39.3318526, 39.2254904, 39.3668598, 39.2771819, 39.4616026, 39.4467556, 
39.5987512, 39.5171671, 39.4099608, 39.3880627, 39.6229335, 39.5276196, 39.5979319, 39.5681634, 39.874414, 40.1215745, 40.1018364, 40.217509, 40.0586113, 40.0897949, 40.2233684, 40.177288, 40.3556508, 40.4554584, 40.5668855, 40.729706, 40.9796721, 40.7550552, 40.6371481, 40.7866361, 40.3214133, 40.2021903, 40.2024386, 39.9264282, 39.8434289, 39.5390901, 39.5580585, 39.6593062, 39.5744696, 39.3244043, 39.0005508, 39.0229206, 38.938531, 38.6525647, 38.410196, 38.1751514, 37.9185067, 37.9334779, 37.546239, 
37.1722583, 36.9243281, 37.1047019, 37.1646858, 37.3144221, 37.317898, 37.0935542, 37.1664982, 37.4293499, 37.5911028, 37.5230499, 37.7696394, 37.9153039, 38.1212255, 38.3459169, 38.4555315, 38.3869323, 38.2559658, 37.9229012, 37.9345703, 37.7975706, 37.5416956, 37.3126842, 37.0576533, 36.7621034, 36.6803704, 36.9894017, 37.0219758, 37.2162531, 37.3242787, 37.4638108, 37.4394796, 37.2339056, 37.4240119, 37.3550155, 37.2340794))"
Tanzania,TZA,33.277195,3057.3286,64711777,Tanzania,Africa,Sub-Saharan Africa,Sub-Saharan Africa,"list(list(c(39.3030222, 39.184296, 39.1997918, 39.3456579, 39.4941663, 39.5805125, 39.4560091, 39.3030222, -5.720479, -5.9088721, -6.2198649, -6.2957634, -6.4765841, -6.3890165, -6.1934978, -5.720479)), list(c(39.712316, 39.7437105, 39.6309857, 39.7999162, 39.8759618, 39.712316, -4.9112425, -5.1613575, -5.4064325, -5.3873896, -4.9830941, -4.9112425)), list(c(30.7728356, 30.8490156, 31.0871396, 31.211643, 31.484834, 31.67871, 31.9492586, 31.9882667, 32.2552325, 32.4374643, 32.5455763, 32.7556646, 
32.9596622, 33.0422017, 33.1444467, 33.3257381, 33.4437924, 33.758589, 33.9180698, 33.9705583, 34.0942108, 34.3270501, 34.5361084, 34.6245148, 34.6237535, 34.6166326, 34.6165878, 34.6167221, 34.6174835, 34.6350842, 34.6811236, 34.6461462, 34.6406823, 34.6353977, 34.6291277, 34.6272019, 34.6271571, 34.6255001, 34.6249179, 34.6248731, 34.620305, 34.6201706, 34.6197676, 34.6194541, 34.6186927, 34.6185136, 34.6185136, 34.6187375, 34.6173939, 34.6163639, 34.6154682, 34.6141246, 34.6141246, 34.6141246, 
34.6141694, 34.6136767, 34.6136767, 34.6130497, 34.6130497, 34.6124227, 34.6122436, 34.6167669, 34.6209768, 34.6291725, 34.634278, 34.6380848, 34.6375026, 34.6376369, 34.6381744, 34.6370995, 34.6350842, 34.6369204, 34.6373682, 34.6372339, 34.6364277, 34.6446235, 34.6587309, 34.704412, 34.7053973, 34.7086218, 34.7591845, 34.7608864, 34.7636631, 34.7631704, 34.7639318, 34.7693508, 34.7720379, 34.7710527, 34.7869067, 34.7861453, 34.7859662, 34.7928631, 34.8815382, 34.8841806, 34.9284734, 34.9336237, 
34.9330415, 34.9323249, 34.9599127, 34.9599127, 34.9603606, 34.9591066, 35.5255972, 35.8115072, 35.9501628, 36.1864058, 36.2174869, 36.3861039, 36.6330954, 36.8362868, 37.414959, 37.7528201, 37.8302989, 37.9441434, 38.2156773, 38.4890026, 38.6635314, 38.8829798, 39.236471, 39.5217541, 39.9991217, 40.2048211, 40.2050002, 40.4213585, 40.2917048, 39.9586357, 39.8192187, 39.74174, 39.6288808, 39.6171918, 39.5119461, 39.4374679, 39.3597653, 39.2652681, 39.4474551, 39.4436035, 39.2802264, 39.3157412, 39.5498793, 
39.3559137, 39.0484619, 38.9113738, 38.859781, 38.7792568, 39.0885449, 39.1047572, 39.2206618, 39.206017, 38.4728799, 37.7859613, 37.7440422, 37.5853227, 37.7120654, 37.6728782, 36.9692099, 35.7488524, 34.9578526, 34.0818053, 33.9340582, 32.2478877, 30.7990351, 30.4731317, 30.5700921, 30.7363355, 30.8392076, 30.807813, 30.897966, 30.8507622, 30.7676405, 30.5447883, 30.4200162, 30.4122683, 30.8311014, 30.8283695, 30.8230401, 30.7818375, 30.6370463, 30.491225, 30.2597292, 30.2272598, 30.0538059, 29.7616707, 
29.4146286, 29.3414045, 29.3513916, 29.4586079, 29.6319274, 29.5047369, 29.5711088, 29.7458167, 30.037504, 30.1883413, 30.3819486, 30.4558445, 30.6969243, 30.7728356, -8.2032813, -8.3718123, -8.6285315, -8.5834939, -8.6798256, -8.9166826, -8.9358993, -9.0752576, -9.1325601, -9.1194511, -9.2577666, -9.2851516, -9.4006753, -9.4177816, -9.4933822, -9.4860083, -9.6143679, -9.5846491, -9.7137783, -9.5270238, -9.5458433, -9.7578973, -10.0929481, -10.5989382, -10.606461, -10.6161935, -10.6170376, -10.6172114, 
-10.6198183, -10.6390598, -10.751331, -10.9689217, -10.9761466, -10.9911922, -10.9968281, -10.9976474, -10.9977467, -10.9989384, -11.0002543, -11.0002543, -11.0091675, -11.0091923, -11.0093909, -11.0095399, -11.0096889, -11.009962, -11.0099868, -11.0108558, -11.0126682, -11.0155731, -11.0168889, -11.0203896, -11.0204145, -11.0207372, -11.0239152, -11.0262738, -11.0262987, -11.0278628, -11.0278876, -11.0312394, -11.0318104, -11.0481223, -11.0481719, -11.0491154, -11.0759294, -11.0831791, -11.0864067, 
-11.097182, -11.0993171, -11.0997144, -11.1021972, -11.1036123, -11.1145366, -11.1148097, -11.114909, -11.1223077, -11.1351933, -11.1708956, -11.1799081, -11.1832102, -11.2181925, -11.2198808, -11.226634, -11.2269319, -11.2298368, -11.2324685, -11.2386258, -11.2462231, -11.2923531, -11.2924028, -11.2931724, -11.3223202, -11.3700144, -11.3698902, -11.404227, -11.4538329, -11.4544288, -11.4553971, -11.5257838, -11.5258087, -11.5324873, -11.5735276, -11.5775994, -11.4194216, -11.4314383, -11.5740242, 
-11.7085163, -11.6787229, -11.7361496, -11.584005, -11.6853519, -11.546813, -11.3111974, -11.2586866, -11.2712495, -11.4168147, -11.2728385, -11.1717646, -11.1730556, -10.9816335, -10.8069204, -10.6349384, -10.6346157, -10.4813787, -10.2679094, -10.1180738, -9.9830604, -9.6552096, -9.4230451, -9.0668658, -9.0666424, -8.7462151, -8.7235473, -8.314758, -8.0095502, -7.8142301, -7.6355198, -7.4429307, -7.0163895, -6.8458972, -6.4846034, -6.441999, -6.1595085, -6.0275986, -5.2334574, -5.0235137, -4.8093741, 
-4.678358, -4.1584892, -3.6768552, -3.5440017, -3.4404451, -3.3113903, -3.0609277, -2.6505246, -1.9634159, -1.5172112, -1.0224929, -0.999999, -0.999999, -0.9994031, -1.0574008, -1.3385257, -1.4495306, -1.6515791, -1.9376944, -2.0829617, -2.3225249, -2.3919433, -2.4135683, -2.6609523, -2.8650614, -3.0052639, -3.0083425, -3.2424188, -3.2825901, -3.4535293, -3.5226002, -3.8804181, -4.0177157, -4.2541009, -4.4661301, -4.4444307, -4.7977796, -4.951389, -5.1844473, -5.7483358, -5.9458407, -6.337772, -6.6416639, 
-6.8222115, -6.9624884, -7.283884, -7.580278, -7.9702727, -8.2032813)))"
Thailand,THA,41.008335,16421.072,71735273,Thailand,Asia,East Asia & Pacific,South-eastern Asia,"list(list(c(98.2933277, 98.2783246, 98.4478822, 98.4399551, 98.2933277, 8.1986917, 7.9229544, 7.8800024, 8.0645224, 8.1986917)), list(c(105.2064924, 105.4302851, 105.5235283, 105.518378, 105.5731058, 105.480803, 105.6346857, 105.4334649, 105.342237, 105.4078924, 105.0410999, 105.0149005, 104.7350813, 104.7624451, 104.7295279, 104.801498, 104.7960342, 104.707807, 104.4568295, 104.2711493, 103.9730576, 103.793916, 103.4034768, 103.246504, 103.0833507, 103.0792753, 102.6883435, 102.5967125, 102.2998749, 
102.0882638, 101.9069277, 101.7862311, 101.7105885, 101.3054149, 101.1159727, 100.9676882, 101.0284172, 101.1839569, 101.1822999, 101.0524222, 101.1832851, 101.2457608, 101.3553507, 101.2661829, 101.1227801, 100.9126917, 100.7789625, 100.4855285, 100.4039743, 100.5008451, 100.5699938, 100.27235, 100.0846544, 99.9646295, 99.6816305, 99.4000647, 99.076938, 98.9851727, 98.8297673, 98.6085274, 98.3231996, 98.0836873, 98.0259141, 97.8633431, 97.8033306, 97.8359344, 97.7357942, 97.7670992, 97.4439725, 
97.6771253, 97.7353464, 97.6717959, 97.9226837, 98.0569504, 98.3150487, 98.533064, 98.4642736, 98.6525067, 98.9316989, 98.8051353, 98.6251428, 98.548291, 98.5802678, 98.3059572, 98.1913066, 98.2457656, 98.4942351, 98.5971519, 98.9681542, 99.1048841, 99.2103089, 99.1273215, 99.2325225, 99.4130524, 99.4010052, 99.5878947, 99.5654572, 99.3937499, 99.2233862, 99.0115065, 98.7796077, 98.8082703, 98.7477652, 98.5967041, 98.5604279, 98.4395521, 98.3725531, 98.2679344, 98.2095342, 98.2854007, 98.6203955, 
98.7075032, 98.7445407, 98.909978, 99.0437072, 99.3178834, 99.3403657, 99.6637611, 99.6845416, 99.9637786, 100.1209305, 100.178435, 100.423232, 100.8125963, 100.8347203, 101.1269899, 101.0847125, 100.9841692, 101.1113598, 101.2761253, 101.581293, 101.6901216, 101.8122962, 101.9434278, 101.9449057, 102.0928767, 102.0905479, 101.8174913, 101.5683501, 101.3775194, 101.0317313, 100.7558084, 100.5916699, 100.4201418, 100.184481, 100.1459208, 100.3047746, 100.2879353, 100.2028878, 100.0920887, 99.957016, 
99.8820452, 99.6928716, 99.3791499, 99.2245507, 99.2966552, 99.1753763, 99.1629259, 99.4962637, 99.4852913, 99.8286162, 100.0229401, 99.9679884, 100.0941041, 99.9507908, 100.0599776, 100.2591383, 100.6316633, 100.976287, 100.8837156, 100.8757885, 101.074994, 101.4558043, 101.7558218, 102.0866963, 102.2691521, 102.5395664, 102.6278832, 102.7678823, 102.9102999, 102.769002, 102.7050036, 102.7653296, 102.6432893, 102.5110828, 102.4857343, 102.3511989, 102.3650824, 102.6862833, 102.8684256, 102.951816, 
103.1636062, 103.5336232, 103.9297053, 104.2448602, 104.5615378, 104.8087533, 105.0026293, 105.1028142, 105.2064924, 14.3433426, 14.4246287, 14.5495869, 14.8219972, 15.0008565, 15.0984297, 15.6626161, 15.7553726, 15.9222401, 16.0161387, 16.1084236, 16.2438343, 16.5454669, 16.6895425, 17.0082815, 17.1647461, 17.4017769, 17.5208012, 17.6669872, 17.8697804, 18.3368902, 18.342824, 18.4484414, 18.3705318, 18.1288086, 18.0364493, 17.8700039, 17.959359, 18.0528853, 18.2202741, 18.0308879, 18.071233, 17.9021558, 
17.6498312, 17.479165, 17.5714251, 17.8287898, 18.0651005, 18.3399192, 18.4263695, 18.560514, 18.8886378, 19.0511108, 19.117252, 19.5721217, 19.6268669, 19.4925983, 19.5432718, 19.7525451, 19.8707005, 20.0987932, 20.4006245, 20.3522848, 20.4631905, 20.3162846, 20.0860814, 20.1011271, 19.7390388, 19.7958447, 19.7091461, 19.6988426, 19.8101207, 19.637369, 19.5770127, 19.4048321, 19.0932435, 19.0406831, 18.5776451, 18.4950183, 18.1574102, 17.9581425, 17.8827405, 17.5403407, 17.4386461, 17.0729578, 16.9002062, 
16.7519099, 16.4507489, 16.3298625, 16.1046746, 16.0424065, 15.6852342, 15.375607, 15.3135127, 15.1523556, 14.8315559, 14.5348392, 14.3276514, 14.0822785, 13.8950523, 13.41101, 13.1031704, 12.7399897, 12.6150812, 12.4599076, 11.8724576, 11.6266626, 11.4612103, 11.1069428, 10.8567036, 10.678614, 10.4679255, 10.3614144, 9.9316952, 9.7283309, 9.5050299, 9.0954213, 8.8566774, 8.5483164, 8.2458396, 8.3966187, 8.3104167, 8.0757942, 8.0462243, 7.8341703, 7.5383225, 7.3774882, 7.1700025, 6.8908638, 6.6383157, 
6.4228354, 6.6964623, 6.5176031, 6.4421763, 6.289113, 6.1938737, 5.9092729, 5.8089687, 5.6809567, 5.8115508, 5.9343738, 5.7602069, 5.7406923, 5.8716092, 5.9839797, 6.1463782, 6.241692, 6.4586123, 6.838651, 6.890268, 6.8453297, 7.0012233, 7.1670728, 7.1626286, 7.5151831, 7.7275847, 7.7557145, 8.2241402, 8.4724676, 8.413303, 8.6274674, 9.2166553, 9.3250037, 9.1862413, 9.2549894, 9.4028884, 9.6482862, 10.3624075, 10.9298711, 11.1441596, 11.9240993, 12.1841703, 12.7306048, 13.0470596, 13.2637564, 13.4120279, 
13.4804284, 13.5245722, 13.4666738, 13.1083346, 12.6537132, 12.6745933, 12.6295806, 12.7070432, 12.4687214, 12.2654564, 12.1049945, 12.1458114, 12.0224422, 11.6516393, 12.075375, 12.1801234, 12.4569034, 12.6120273, 12.6698761, 12.9482947, 13.2722972, 13.5772816, 13.7503808, 14.005511, 14.2062188, 14.3346777, 14.4163114, 14.3320459, 14.3746752, 14.3528764, 14.4368191, 14.3627827, 14.2129471, 14.3433426)))"
Togo,TGO,51.42974,1586.5889,9089693,Togo,Africa,Sub-Saharan Africa,Sub-Saharan Africa,"list(c(-0.1362596, -0.0046353, -0.0592287, 0.2844993, 0.3484081, 0.3594253, 0.5670056, 0.4569679, 0.5275945, 0.3826241, 0.4714784, 0.6470819, 0.7290392, 0.5847406, 0.6274659, 0.5386117, 0.6582783, 0.5351632, 0.7495957, 1.0034842, 1.0834709, 1.1994651, 1.6290467, 1.8005748, 1.7668514, 1.6098786, 1.6328983, 1.631286, 1.6328983, 1.6182982, 1.4117031, 1.3628423, 1.3548257, 0.7753921, 0.8017259, 0.9167349, 0.9167796, 0.5051122, -0.1362596, 11.139492, 11.1077373, 10.632335, 10.4224659, 10.3076871, 9.4992202, 
9.4059174, 9.0353381, 8.8778307, 8.7395648, 8.5995113, 8.4911381, 8.3429659, 8.0930992, 7.8674644, 7.4221534, 7.3173057, 6.8753216, 6.4441128, 6.3354665, 6.1692445, 6.1122648, 6.2347899, 6.2875489, 6.4310783, 6.6120479, 7.0000067, 7.6425992, 8.8674775, 9.0591479, 9.3276851, 9.5983079, 9.9920764, 10.3806559, 10.7230806, 11.0000096, 11.000084, 11.0092455, 11.139492))"
Tokelau,TKL,NA,NA,2280,NA,NA,NA,NA,list()
Tonga,TON,26.568401,NA,105012,Tonga,Oceania,East Asia & Pacific,Polynesia,"list(c(-175.3321516, -175.3420939, -175.128378, -175.122959, -175.3321516, -21.0808524, -21.1583399, -21.27292, -21.1733607, -21.0808524))"
Trinidad and Tobago,TTO,18.860535,25773.006,1495868,Trinidad & Tobago,Americas,Latin America & Caribbean,Latin America and the Caribbean,"list(c(-60.9291777, -61.3575053, -61.6182908, -61.4670504, -61.4603774, -61.6216497, -61.8207656, -61.1608078, -60.9979233, -61.0403799, -60.9291777, 10.8354262, 10.8103005, 10.7436628, 10.5399012, 10.2999408, 10.2486466, 10.0828715, 10.0719722, 10.1491617, 10.6665725, 10.8354262))"
Tunisia,TUN,71.39383,10913.846,12119284,Tunisia,Africa,Middle East & North Africa,Northern Africa,"list(list(c(10.7924989, 10.7295754, 10.919152, 11.0482683, 10.7924989, 33.9028872, 33.7607978, 33.6778979, 33.779518, 33.9028872)), list(c(9.5564217, 9.943905, 10.2720029, 10.292649, 10.1391246, 10.3121306, 10.527011, 10.6573365, 11.1706221, 11.5485661, 11.5992184, 11.4831794, 11.5625839, 11.1791313, 11.1052354, 10.69836, 10.7442202, 10.5194423, 10.3315675, 10.1479921, 10.0368348, 10.0897711, 10.4407543, 10.5978615, 10.9204956, 11.1308526, 11.0376094, 11.0484923, 10.6815654, 10.4732685, 10.5684823, 
10.811264, 11.022248, 11.1365404, 11.0388634, 10.4102107, 10.3513179, 10.2024512, 10.0636612, 9.9131375, 9.6532478, 9.0266552, 8.8669504, 8.6419485, 8.5723072, 8.2091424, 8.4069595, 8.2648106, 8.2643628, 8.3559937, 8.3345415, 8.4538946, 8.3081629, 8.2742603, 8.1486373, 7.8554272, 7.8041479, 7.6542064, 7.5539319, 7.5246422, 7.7433742, 7.8103283, 8.1045684, 8.3232108, 8.3573373, 9.0754265, 9.5564217, 30.2280289, 30.3834011, 30.8007312, 31.0919858, 31.4899999, 31.7032456, 31.7409094, 31.9784367, 32.2685989, 
32.4084289, 32.5181925, 32.6562101, 33.1664706, 33.2051274, 33.5616791, 33.4907461, 33.6766565, 33.6470122, 33.7086843, 33.8568317, 34.0353186, 34.2821563, 34.4950296, 34.5439155, 34.8837581, 35.2460698, 35.3335381, 35.6243706, 35.7887057, 36.0885755, 36.3942551, 36.4596266, 36.7862112, 36.874896, 37.0792534, 36.7152534, 36.8752436, 36.9860996, 37.2676218, 37.1573368, 37.3321491, 37.1377973, 36.9956335, 36.9409627, 36.7732014, 36.4476348, 36.422534, 35.9380696, 35.7305094, 35.6698799, 35.2795625, 
35.2197772, 34.9471434, 34.6455853, 34.5340092, 34.4056248, 34.2192675, 34.1979405, 34.0188081, 33.7973195, 33.4251512, 33.2143882, 33.049929, 32.8231769, 32.5017317, 32.0864624, 30.2280289)))"
Turkey,TUR,73.08345,27361.988,87058421,Turkey,Asia,Europe & Central Asia,Western Asia,"list(list(c(43.4740661, 43.2448992, 43.1882008, 42.6008402, 42.491116, 41.954766, 41.7856115, 41.5495476, 41.4049356, 40.7542036, 40.2724918, 39.590858, 39.4375127, 39.1591266, 38.3791888, 37.9057623, 37.7641509, 37.5833074, 37.3032642, 37.1024465, 36.8374512, 36.6665949, 36.4599551, 36.1262142, 36.1370075, 35.9375333, 35.5758464, 35.2832633, 35.0953886, 35.0324651, 34.799984, 34.306628, 34.103347, 33.609991, 33.3517136, 32.984115, 32.6074249, 32.1266536, 31.3846042, 31.3316679, 30.9999872, 30.7516969, 
30.2578482, 30.1483479, 29.5774236, 29.2474447, 29.1616359, 29.0849633, 29.0699154, 29.0945473, 29.0620779, 29.0479257, 29.0062305, 29.0191287, 29.2833626, 29.2716288, 28.9949894, 28.9332751, 28.6383184, 28.1541434, 28.0320584, 27.7166796, 27.7557772, 27.483258, 27.3116404, 27.0250138, 26.7407608, 26.3494259, 26.1874371, 26.1370088, 26.1416217, 26.7750216, 26.9312331, 26.6491299, 26.7653928, 26.8912398, 26.7279074, 26.7574658, 26.955462, 26.7974591, 26.4783183, 26.5145497, 26.3207633, 26.6154065, 
26.7720658, 27.275409, 27.2045137, 27.609105, 27.4592083, 27.6470383, 27.89085, 28.0733057, 28.0596014, 27.8291805, 27.4253953, 27.4783316, 27.7133207, 28.2687045, 28.564109, 28.8295969, 29.0908749, 29.1003694, 29.314578, 29.809188, 30.186729, 30.4649807, 30.5854535, 30.6391512, 31.2441572, 31.6782621, 32.0332761, 32.3728838, 32.6683331, 33.1408639, 33.5300043, 33.9820682, 34.297447, 34.6400106, 34.8266761, 35.3442163, 35.6308429, 36.0063685, 36.1919592, 36.1785684, 36.0287612, 35.7820384, 35.9804377, 
35.9176934, 36.1067326, 36.3023552, 36.3659953, 36.6251236, 36.5439277, 36.670536, 36.9173932, 37.0853833, 37.4711647, 38.2430412, 38.5524636, 38.7476383, 39.2094654, 39.8166212, 40.1818462, 40.4188057, 40.7627129, 41.2182252, 41.5175261, 42.0342601, 42.1837538, 42.341264, 42.3524604, 42.580239, 42.7892077, 42.9596161, 43.1500437, 43.5140594, 43.9188299, 44.0210302, 44.2702162, 44.1923344, 44.2695444, 44.6489216, 44.7714545, 44.784711, 44.8154337, 44.5864012, 44.6282308, 44.389211, 44.2227437, 44.421994, 
44.3038053, 44.3176888, 44.229148, 44.2242216, 44.1140495, 44.0722199, 44.4218596, 44.4671824, 44.6140338, 44.807865, 44.7671551, 44.487515, 44.2436137, 43.9100968, 43.6547304, 43.5907321, 43.7494515, 43.6714354, 43.4740661, 41.1230276, 41.176606, 41.304469, 41.5849236, 41.4448453, 41.5233258, 41.4614302, 41.5199493, 41.3769909, 41.0970826, 40.9487118, 41.003755, 41.1104151, 41.079579, 40.9087391, 40.9804169, 41.1237476, 41.0312393, 41.1437588, 41.1579355, 41.3428776, 41.3661909, 41.2378809, 41.466644, 
41.5991002, 41.7295453, 41.6228852, 41.7170321, 41.9216378, 42.0904171, 41.9529208, 41.9428904, 41.9812245, 41.9870342, 42.0262124, 41.8970832, 41.8304206, 41.5954009, 41.3058097, 41.1378498, 41.0737197, 41.0887156, 41.2108435, 41.1378995, 41.1678914, 41.2320464, 41.2212215, 41.1770529, 41.1378498, 41.1199738, 41.097455, 41.0457884, 41.021631, 40.9745575, 40.8529014, 40.6586986, 40.6462599, 40.4629067, 40.3620563, 40.4045863, 40.4808324, 40.5220465, 40.3062435, 40.3078573, 40.4454032, 40.3887462, 
40.4020787, 40.0582885, 40.0036922, 39.8391337, 39.4520687, 39.5695537, 39.4849655, 39.3237339, 39.1658045, 38.8216419, 38.7258066, 38.6137341, 38.4424969, 38.35627, 38.6728987, 38.4291396, 38.2312125, 38.1124613, 38.2100096, 37.944129, 37.3658156, 37.2579141, 37.0837224, 36.9799423, 37.0279096, 36.9437186, 36.8016541, 36.8137452, 36.748324, 36.6487398, 36.7537613, 36.7516509, 36.8195549, 36.650006, 36.6795511, 36.3916234, 36.2508002, 36.152085, 36.3071096, 36.2636858, 36.5724937, 36.857889, 36.8245949, 
36.6320307, 36.530361, 36.162463, 36.052898, 36.1228875, 36.132049, 36.2599865, 36.5845848, 36.7970858, 36.7870802, 36.5487584, 36.5870924, 36.9109956, 36.791574, 36.591189, 36.5279527, 36.3191263, 36.0099708, 35.928784, 35.866789, 36.0103432, 36.1662865, 36.2138068, 36.5017346, 36.801232, 36.7859381, 36.6347369, 36.6347618, 36.9240054, 36.8455744, 36.7067127, 36.669322, 36.7561696, 36.877354, 37.0165136, 37.1261531, 37.0620974, 37.0779376, 37.1819908, 37.2864164, 37.2351222, 37.0998853, 37.160912, 
37.3802405, 37.3122869, 37.3721963, 37.2393926, 37.2237759, 37.3284746, 37.2385733, 37.0804452, 36.9756968, 37.1894391, 37.1604651, 37.1446498, 37.2805074, 37.4741392, 37.7024306, 37.8628428, 37.8884403, 38.2679328, 38.3923448, 38.6272652, 38.8815016, 39.0943005, 39.188944, 39.4125429, 39.4116739, 39.6841339, 39.7822285, 39.6284949, 39.7147962, 39.9616836, 40.0491767, 40.0216179, 40.1140765, 40.3459183, 40.6768725, 40.9370179, 41.1230276)), list(c(26.357756, 26.6024187, 26.6354703, 26.3307056, 26.3015055, 
26.0364207, 26.081654, 26.2974301, 26.7840683, 26.8294807, 26.2490618, 26.2736938, 26.5549014, 26.736551, 27.292517, 27.5029188, 27.7607036, 27.9599539, 28.2365933, 28.6133282, 28.9732685, 29.0299668, 29.0696019, 29.0353858, 29.1070425, 28.6332129, 28.2740787, 27.9944386, 28.030043, 27.8646953, 27.538568, 27.2393567, 26.9582387, 26.6422329, 26.357756, 41.711148, 41.5946064, 41.385631, 41.2205511, 40.9024825, 40.7299791, 40.6071313, 40.5895532, 40.6553965, 40.5857794, 40.3420451, 40.2449437, 40.3028917, 
40.4778779, 40.6954189, 40.9666375, 41.0120971, 40.9628637, 41.0753335, 40.9578981, 40.9970763, 41.0437525, 41.1199738, 41.1532927, 41.2058283, 41.3495066, 41.4920429, 41.7957859, 41.9824907, 42.0055806, 41.9198254, 42.1048917, 41.996866, 41.9719886, 41.711148)))"
Turkmenistan,TKM,56.738125,17234.555,7230147,Turkmenistan,Asia,Europe & Central Asia,Central Asia,"list(c(66.553732, 66.5432522, 66.6731746, 66.4168678, 66.1470357, 65.9234222, 65.5640641, 65.0345662, 64.5359703, 64.3305845, 64.1993184, 63.7051563, 63.4155291, 62.4698405, 62.3389327, 62.1347113, 61.8874958, 61.4590339, 61.3305893, 60.999043, 60.469142, 60.0907502, 60.1745884, 59.9791001, 60.0569372, 59.8671366, 59.4475422, 59.1705444, 59.0148256, 58.6263122, 58.6261331, 58.5895882, 58.2758664, 58.3238764, 58.0027202, 57.8646468, 57.280466, 57.1235379, 56.9862707, 56.9920032, 57.1068778, 57.0455218, 
56.7858112, 55.9985733, 55.4996191, 55.3154616, 54.7794698, 54.2148602, 53.5705774, 52.9847843, 52.445568, 52.5810886, 52.5551579, 52.7672616, 52.940178, 52.8627888, 52.7367179, 52.735867, 52.8351115, 53.1744953, 53.4950692, 53.4601366, 53.0962999, 53.537481, 53.7413441, 53.9731086, 53.8604285, 53.8697887, 53.8141652, 53.8994366, 54.2445977, 54.7987275, 54.8248822, 55.1274972, 55.4654479, 55.8145501, 56.3352252, 56.4529661, 56.7641351, 57.0660335, 57.2171394, 57.5102151, 57.7330673, 58.2034932, 58.3998772, 
58.5563574, 58.839222, 59.2178378, 59.3536272, 59.3902169, 59.5508621, 60.0429641, 60.3459822, 61.095242, 61.2274485, 61.1409679, 61.2626499, 61.2741149, 61.5877471, 62.0642638, 62.265619, 62.5775046, 63.1025239, 63.0949104, 63.2482108, 63.3058496, 63.5707105, 63.9892301, 64.2838285, 64.5799496, 64.6181515, 64.7981889, 64.7557323, 65.1326015, 65.5311916, 65.70684, 66.0719754, 66.3089797, 66.553732, 37.3547424, 37.772867, 37.9745182, 38.0242234, 38.171179, 38.2739908, 38.2883661, 38.6066333, 38.8393937, 
38.9952873, 38.964054, 39.2239511, 39.4205871, 39.9582574, 40.4288927, 40.5404191, 41.1053006, 41.2971696, 41.148774, 41.242201, 41.2213456, 41.4164423, 41.6199059, 41.945398, 42.0893991, 42.3179388, 42.2900572, 42.5323266, 42.5272121, 42.7859175, 42.7857437, 42.6474034, 42.6870285, 42.4482846, 42.4890766, 42.1714301, 42.1296201, 41.9270255, 41.898399, 41.647142, 41.3591149, 41.2420023, 41.2825709, 41.3186457, 41.2515859, 41.3908697, 42.0525547, 42.377153, 42.2889151, 42.1211787, 41.7610518, 41.6870154, 
41.5405812, 41.3892559, 40.9472718, 40.6734959, 40.4956298, 40.0813287, 39.9579843, 40.0056288, 39.9280172, 39.6765366, 39.4330755, 39.2980372, 39.0514229, 38.8832892, 38.6495357, 38.3756605, 37.8147018, 37.3492803, 37.3200332, 37.5223051, 37.7267618, 37.9483249, 38.0946101, 38.1252228, 38.0776031, 38.2643576, 38.2726749, 38.1811846, 38.2798253, 37.9204929, 37.9190281, 37.7749277, 37.6278976, 37.7052858, 37.6891974, 37.5169423, 37.528512, 37.3422044, 37.177348, 37.0217523, 36.6290514, 36.6434763, 
36.1809597, 35.9488697, 35.8175556, 35.6051539, 35.4369458, 35.4344133, 35.2954771, 35.2243704, 35.428405, 35.6184368, 35.6809283, 35.8579503, 35.9514269, 36.0363131, 36.151514, 36.3516507, 36.6359783, 36.9226895, 37.1128702, 37.2460712, 37.238027, 37.5386914, 37.4486411, 37.3234594, 37.3547424))"
Turks and Caicos Islands,TCA,96.6446,NA,45824,NA,NA,NA,NA,list()
Tuvalu,TUV,NA,NA,9968,Tuvalu,Oceania,East Asia & Pacific,Polynesia,"list(c(179.1950271, 179.2100302, 179.2070744, 179.1950271, -8.5445887, -8.5371156, -8.530859, -8.5445887))"
USSR,OWID_USS,NA,19354.709,NA,NA,NA,NA,NA,list()
Uganda,UGA,18.201967,2122.0278,47312665,Uganda,Africa,Sub-Saharan Africa,Sub-Saharan Africa,"list(c(29.5911727, 29.8812478, 29.9157773, 30.1453025, 30.3343417, 30.4731317, 30.7990351, 32.2478877, 33.9340582, 33.9289975, 33.9842627, 33.9124717, 34.1099305, 34.1386827, 34.2493027, 34.4437161, 34.5261213, 34.8067018, 34.7723066, 34.9907699, 35.0330473, 34.986157, 34.898915, 34.7765613, 34.7672011, 34.6000172, 34.5742208, 34.460645, 34.4015283, 34.4630186, 34.3080611, 33.9920553, 33.5124484, 33.1942929, 33.0286317, 32.7200155, 32.4152508, 32.1005885, 31.9543642, 31.8024969, 31.5452047, 31.2905549, 
30.9719067, 30.8501352, 30.938676, 30.7804043, 30.8865458, 30.8079474, 30.7415306, 30.8818881, 30.9835509, 31.3146047, 31.0307548, 30.7148385, 30.475774, 30.2350525, 30.1425258, 29.9895389, 29.9801787, 29.8727833, 29.8238777, 29.7181393, 29.7283056, 29.6516778, 29.6748766, 29.5892021, 29.5911727, -1.3877095, -1.3575189, -1.4823281, -1.3505423, -1.1316606, -1.0574008, -0.9994031, -0.999999, -0.999999, -0.4581576, -0.1321192, 0.096619, 0.3784888, 0.5825483, 0.6286038, 0.8558772, 1.1063895, 1.2281697, 
1.4156442, 1.6637482, 1.9144591, 1.9816927, 2.5852062, 2.6943988, 2.8191584, 2.9212254, 3.0941756, 3.1707445, 3.3676288, 3.6673497, 3.7096314, 4.2186256, 3.7490579, 3.7776098, 3.8907251, 3.7650718, 3.7440178, 3.5299031, 3.586858, 3.7999051, 3.6508888, 3.793723, 3.6902657, 3.5006311, 3.5073595, 3.0213061, 2.8118838, 2.7009285, 2.4457486, 2.3394361, 2.4038394, 2.1476912, 1.7499999, 1.500009, 1.2099461, 1.1264255, 0.8878554, 0.8421226, 0.5087353, 0.385515, 0.1721203, 0.0747209, -0.0825878, -0.4640169, 
-0.5229333, -0.9005141, -1.3877095))"
Ukraine,UKR,72.95766,7749.0996,41048717,Ukraine,Europe,Europe & Central Asia,Eastern Europe,"list(c(23.6178297, 23.63655, 23.8579691, 24.0708789, 24.0985115, 23.9977443, 23.6864857, 23.2786698, 22.6407017, 22.7468432, 22.7384683, 22.565731, 22.1609157, 22.155228, 22.48664, 22.8960233, 23.3319197, 24.0090302, 24.2282548, 24.5828656, 24.8829726, 25.1156328, 25.2298804, 26.1850187, 26.3346915, 26.6302752, 26.8822827, 27.2866053, 27.5817859, 27.8693978, 28.230189, 28.8411067, 29.0327883, 29.1750267, 29.2175281, 29.3983715, 29.5518959, 29.5958752, 29.8840692, 29.9742671, 29.9377669, 29.6789969, 
29.4480833, 29.1635616, 28.9306775, 29.0670939, 28.9787771, 28.7765262, 28.7857072, 28.5215629, 28.5152481, 28.2129019, 28.3497661, 28.7857968, 28.962296, 29.4241231, 29.6733987, 29.7512357, 29.5928298, 29.8003653, 30.1633062, 30.5532976, 30.7466361, 30.7591761, 31.1891607, 31.7974361, 31.9812354, 31.9579022, 32.2283165, 32.5400229, 33.0174801, 33.1987714, 33.6133499, 32.9416584, 32.5624604, 32.49994, 32.9757849, 33.2799674, 33.4132935, 33.6012131, 33.5379313, 33.731673, 33.9766044, 34.3520404, 34.4624812, 
35.1641342, 35.5849826, 35.8333177, 36.4324568, 36.4925141, 36.3474989, 35.9683009, 35.4208441, 34.9774238, 35.1003597, 35.0287479, 34.8483523, 34.6441308, 34.4911439, 33.9098293, 34.3798969, 34.4933384, 34.898288, 35.2112932, 35.4582847, 35.9240977, 36.1666554, 36.6182715, 36.8095947, 36.9575209, 37.5374919, 38.2296504, 38.2208724, 38.350347, 38.6165515, 38.8429865, 39.4774613, 39.7380676, 40.0194991, 39.8447464, 39.7046577, 39.8531661, 39.6932822, 39.9381688, 40.1857425, 40.0291727, 39.5915745, 
39.2858693, 39.1798623, 38.9490831, 38.5823802, 38.3500783, 38.056286, 37.7556864, 37.6263909, 37.3315238, 36.6887189, 36.3611585, 36.0675901, 35.7386413, 35.4764676, 35.4871713, 35.3076714, 35.0618443, 34.8174055, 34.3841963, 34.2227002, 34.4150087, 34.1005704, 34.115036, 33.7894014, 33.360178, 33.3111828, 32.9077111, 32.5498309, 32.2907473, 32.0675817, 31.7817612, 31.4054742, 31.2542339, 30.9899105, 30.7467257, 30.5350251, 30.6181916, 30.4527543, 30.180683, 29.7425922, 29.5373854, 29.3512573, 29.1172535, 
28.6324963, 28.2799008, 27.9453538, 27.5507944, 27.2675267, 27.2024983, 26.4692717, 25.9876942, 25.4097386, 25.2640069, 24.9669005, 24.3881835, 24.3193931, 23.9966247, 23.7814308, 23.6178297, 51.5078901, 51.3186776, 51.1578929, 50.8343125, 50.5992432, 50.4120417, 50.331997, 50.0858792, 49.5297867, 49.3599896, 49.1591577, 49.0879765, 48.5670401, 48.4039465, 48.2537632, 47.9540423, 48.0204318, 47.9673749, 47.8964419, 47.9648921, 47.7240627, 47.7547746, 47.8930157, 47.9948096, 48.1833517, 48.2598212, 
48.4152431, 48.371571, 48.4913402, 48.406901, 48.2096691, 48.1255774, 47.9426216, 47.993742, 47.6121639, 47.3003767, 47.2514908, 46.9636376, 46.8860508, 46.7539174, 46.4936726, 46.3613406, 46.4987375, 46.5155707, 46.4577965, 46.1956152, 46.0033737, 45.9707004, 45.8323103, 45.7378407, 45.4998913, 45.4674414, 45.3201878, 45.2375858, 45.3268665, 45.4430605, 45.2893766, 45.4091457, 45.5632766, 45.7324779, 45.827891, 46.1512231, 46.377851, 46.5495599, 46.6262778, 46.6104128, 46.6575111, 46.2708682, 46.1279098, 
46.0628859, 46.1070545, 46.1750081, 45.8878997, 45.6520855, 45.4653807, 45.33789, 45.3479205, 45.1412541, 45.1878806, 45.0033358, 44.6408006, 44.3870607, 44.38788, 44.548342, 44.7087542, 44.8946398, 45.1287409, 44.9961854, 45.0778936, 45.361253, 45.4812704, 45.368751, 45.2570756, 45.3587454, 45.4933119, 45.635004, 45.6904196, 45.9487526, 45.9191579, 46.0636804, 46.1984207, 45.9804825, 46.2362582, 46.3841573, 46.4362211, 46.6562449, 46.6686836, 46.7779258, 46.7291641, 46.8454077, 47.0795585, 47.1201519, 
47.3053671, 47.6166329, 47.6446883, 47.8653575, 47.8602927, 47.8277186, 48.2525715, 48.571807, 48.7063984, 48.8907446, 49.0504617, 49.0827627, 49.2843145, 49.4535903, 49.7193468, 49.7553471, 49.8886971, 49.7961143, 49.9776302, 50.0067035, 49.9230587, 50.0784309, 50.2928436, 50.436795, 50.2667992, 50.287307, 50.4510958, 50.3543668, 50.4881389, 50.6709954, 51.0786923, 51.2157416, 51.1692144, 51.2737393, 51.4284164, 51.8259339, 52.0045945, 52.1410728, 52.3668566, 52.3644483, 52.3548151, 52.2462184, 
52.3269584, 52.1033594, 52.035232, 52.1119498, 52.1421404, 52.0419852, 52.0773151, 51.9016337, 51.6576512, 51.2899022, 51.2737641, 51.5123591, 51.4570924, 51.4828388, 51.3845457, 51.6565091, 51.5727402, 51.6232151, 51.5568256, 51.6367462, 51.6061336, 51.7734231, 51.8002123, 51.9320726, 51.9216946, 51.9679736, 51.8981579, 51.8821936, 51.750805, 51.5800148, 51.667483, 51.5078901))"
United Arab Emirates,ARE,86.99315,77203.67,10242033,United Arab Emirates,Asia,Middle East & North Africa,Western Asia,"list(c(56.3749499, 56.3603946, 56.3687247, 56.2706895, 56.1415731, 56.1915089, 56.0865767, 56.0291618, 56.0262507, 55.9689254, 55.6432907, 55.5055308, 55.2642718, 55.0452264, 54.7334752, 54.6690738, 54.6123307, 54.4873346, 54.415678, 53.8043572, 53.5791762, 53.4373856, 53.1508486, 52.9688407, 52.5622788, 52.3159143, 52.0956596, 51.8295448, 51.7217463, 51.590749, 51.5906146, 52.5812678, 54.2209958, 55.137977, 55.2133508, 55.2324742, 55.5726641, 55.4947823, 55.7305327, 56.0181446, 55.7653309, 55.837122, 
55.8124452, 55.9783751, 56.081292, 56.3749499, 24.9809021, 25.0793691, 25.5333201, 25.6258532, 25.8278768, 25.9719772, 26.0505571, 25.8822, 25.8825228, 25.8180947, 25.5735907, 25.4940426, 25.2452434, 24.9969905, 24.8123712, 24.7569556, 24.4550002, 24.4226496, 24.2715974, 24.0493143, 24.0464591, 24.1252873, 24.0584261, 24.1447026, 24.131817, 23.997176, 23.9445659, 23.9872449, 24.2193598, 24.2536717, 24.1269756, 22.9392645, 22.744441, 22.6315242, 22.7057841, 23.1104024, 23.6315374, 23.9532308, 24.0572344, 
24.0660234, 24.5296325, 24.6709025, 24.910714, 24.8774199, 24.7433251, 24.9809021))"
United Kingdom,GBR,89.40352,38406.53,68179267,United Kingdom,Europe,Europe & Central Asia,Northern Europe,"list(list(c(-4.3609564, -4.5509361, -4.7791625, -4.4642316, -4.3109311, -4.3609564, 54.4149742, 54.3532772, 54.0949194, 54.1432342, 54.3007417, 54.4149742)), list(c(-37.7158722, -37.6817009, -36.8916864, -36.4941711, -36.3075951, -35.9633745, -35.9100799, -36.0925804, -36.255868, -36.7000496, -37.1716399, -37.4608641, -37.7158722, -53.9716708, -54.0754261, -54.3687414, -54.5533607, -54.7408353, -54.8679535, -54.5745885, -54.5408972, -54.2883987, -54.1062622, -54.0354534, -54.0575501, -53.9716708)), 
    list(c(-4.5542055, -4.3633748, -4.0891538, -4.2858961, -4.5791509, -4.5542055, 53.2477957, 53.1303603, 53.2616496, 53.4125032, 53.4033417, 53.2477957)), list(c(-6.267919, -5.903321, -5.8200201, -5.6025422, -5.5292285, -5.7075192, -6.0225397, -6.3667156, -7.2568703, -7.5477067, -7.8934948, -8.1600128, -7.8591444, -7.4888139, -7.3361853, -7.055963, -6.6356967, -6.6267844, -6.267919, 54.1023181, 54.0953911, 54.2403853, 54.2550089, 54.6416767, 54.7458043, 55.1441412, 55.2462578, 55.0666537, 54.7900226, 
    54.6578147, 54.4401, 54.2175934, 54.1234217, 54.1472563, 54.411697, 54.1683351, 54.0384859, 54.1023181)), list(c(-5.2600682, -5.3992165, -5.320842, -5.0841512, -5.2600682, 55.7203938, 55.6133116, 55.4658347, 55.4524525, 55.7203938)), list(c(-6.1225456, -6.4558833, -6.2659036, -6.0225845, -6.1225456, 55.9358244, 55.8533217, 55.5799928, 55.6833011, 55.9358244)), list(c(-5.7008462, -6.0958535, -5.9641396, -5.7008462, 56.1458674, 55.8916558, 55.7916495, 56.1458674)), list(c(-6.1174848, -6.2509005, 
    -5.8316644, -5.665824, -6.1174848, 56.6532975, 56.2866657, 56.3104011, 56.3899741, 56.6532975)), list(c(-6.3550714, -6.6150059, -6.787564, -6.3150332, -5.7834305, -6.1442665, -6.148342, -6.3550714, 57.7095952, 57.6070813, 57.4316482, 57.16038, 57.1653952, 57.3724588, 57.5887336, 57.7095952)), list(c(-6.2584245, -6.54841, -7.0391237, -7.1359049, -7.0883428, -6.9775437, -6.3642076, -6.380823, -6.196755, -6.2584245, 58.5162247, 58.3662153, 58.2391716, 58.1241694, 57.8079132, 57.7341995, 58.0191727, 
    58.1916761, 58.3404193, 58.5162247)), list(c(-3.3333105, -3.7899873, -4.5958559, -5.0158982, -5.3158261, -5.1975926, -5.8124962, -5.8725086, -5.6133803, -5.6258306, -5.9208769, -6.1467297, -5.903321, -5.6766621, -5.3275598, -5.6008852, -5.5341549, -5.7107885, -5.6675706, -5.8000459, -5.5625041, -5.4075914, -5.1808428, -4.8942163, -4.9091746, -4.624205, -4.8492069, -5.0675358, -4.4068167, -4.3643153, -3.9766529, -3.5658363, -3.2767466, -3.642509, -3.2442324, -3.0541631, -2.8001403, -3.052506, 
    -2.9574714, -3.1008295, -3.0450717, -3.6000076, -3.7800897, -4.128341, -4.3541491, -4.7275698, -4.5391576, -4.1533761, -4.0500561, -4.0558783, -4.2041627, -4.9141905, -5.1384311, -5.059967, -4.7117157, -4.4332849, -4.231661, -3.8417144, -3.5608652, -2.9650401, -3.0567159, -3.405012, -3.7900769, -4.2050137, -4.3117373, -4.5275134, -4.5658944, -4.8000325, -5.0258853, -5.1558974, -5.5183457, -5.0974972, -4.9591999, -4.755068, -4.3050195, -3.8275623, -3.6574673, -3.4425421, -3.2633557, -2.7933777, 
    -2.4266748, -1.9525765, -1.9666839, -1.5866797, -1.3108464, -0.9342012, -0.7299797, -0.2733925, 0.2599569, 0.3716965, 0.9449944, 1.0024541, 1.3716202, 1.4198989, 1.0249812, 0.7016753, 0.9208103, 1.2833034, 1.585784, 1.7658213, 1.6924629, 1.4032835, 0.9833307, 0.4907809, 0.3674866, 0.0324918, 0.3441982, 0.3191184, 0.1324528, -0.1591897, -0.169983, -0.4692391, -0.7725706, -1.1650699, -1.522547, -1.6533204, -1.8334025, -2.132569, -2.6550356, -3.1016356, -3.1742328, -2.8366852, -2.5392653, -2.4108655, 
    -2.1975079, -1.9692367, -1.7741962, -1.8283418, -2.1099972, -3.0367416, -3.2775527, -4.0067487, -3.9149834, -3.9800566, -3.1092491, -3.022455, -3.3333105, 58.6487306, 58.5645396, 58.536658, 58.6141455, 58.2383026, 57.9308106, 57.8591577, 57.4708265, 57.339562, 57.2124935, 56.8824827, 56.7628873, 56.549567, 56.500408, 56.6483071, 56.2507896, 56.1566427, 55.9658412, 55.6724762, 55.2979244, 55.3224791, 55.8791674, 55.9366934, 55.8183394, 55.6975026, 55.5066763, 55.325806, 54.9874779, 54.6762617, 
    54.8624949, 54.7662128, 54.9758089, 54.9628984, 54.5133171, 54.1083016, 54.1950002, 54.1253334, 53.9200325, 53.7042047, 53.5741568, 53.4420482, 53.292883, 53.3287343, 53.2379143, 53.0341775, 52.8533072, 52.8007965, 52.9045765, 52.7037447, 52.4783581, 52.2649386, 52.0224457, 51.8612141, 51.6195902, 51.6504015, 51.7378697, 51.5395951, 51.6212537, 51.3999637, 51.3912492, 51.2020615, 51.181231, 51.2445915, 51.1987346, 50.9937813, 51.0207691, 50.77917, 50.596239, 50.534964, 50.3458261, 50.1253554, 
    50.0082925, 50.1991932, 50.3295887, 50.3587613, 50.216672, 50.228341, 50.5891879, 50.6686864, 50.7162565, 50.6337538, 50.5941535, 50.7145433, 50.7170758, 50.8383098, 50.8392036, 50.7687424, 50.825449, 50.7354235, 50.8170821, 50.9095903, 51.0266781, 51.1362431, 51.391274, 51.36374, 51.4720636, 51.5841362, 51.9345554, 52.0899773, 52.4783333, 52.7316759, 52.8970537, 52.9804254, 52.9491672, 52.7908405, 52.9033103, 53.1024787, 53.2766208, 53.6491367, 53.9066007, 54.0962601, 54.3974955, 54.5574608, 
    54.6320931, 55.1608006, 55.5845611, 55.6387104, 55.911667, 56.0595164, 55.9512425, 56.0624709, 56.369516, 56.5666485, 56.7683246, 56.9083532, 57.3258322, 57.4758417, 57.6170869, 57.6979261, 57.6654017, 57.7241939, 57.5995585, 57.8212457, 57.9695916, 58.3707836, 58.643343, 58.6487306)), list(c(-3.2149875, -3.3626002, -2.9175228, -3.2149875, 59.1545717, 58.9808269, 58.9666006, 59.1545717)), list(c(-1.3067262, -1.5517023, -1.4799561, -1.6991807, -1.270853, -1.0742003, -1.3067262, 60.641234, 60.4912246, 
    60.3429283, 60.249129, 60.1349957, 60.365025, 60.641234)))"
United States,USA,85.54355,58487.465,341533996,United States,Americas,North America,Northern America,"list(list(c(-67.0783482, -67.2683727, -67.1966713, -67.2154363, -66.9300189, -66.7791817, -66.45919, -66.1558136, -65.8304477, -65.6217029, -65.6699816, -65.8350606, -66.3408222, -66.9134036, -67.0783482, 18.5129191, 18.3654173, 18.2854222, 17.9516624, 17.9404154, 17.9970724, 17.9854282, 17.9270829, 18.0191443, 18.2421226, 18.3628849, 18.4337185, 18.482952, 18.4821327, 18.5129191)), list(c(-155.8500525, -155.8275254, -156.0635445, -155.8875827, -155.8840446, -155.6569378, -155.5537075, -155.2977141, 
-154.9777224, -154.8138078, -154.9807678, -155.0823859, -155.2700367, -155.5975524, -155.8500525, 20.2719173, 20.0341417, 19.7274442, 19.3373006, 19.0382004, 18.9230243, 19.0812021, 19.26242, 19.3464123, 19.5298648, 19.6390325, 19.8482562, 20.0159678, 20.1248376, 20.2719173)), list(c(-156.991946, -156.9634177, -156.806624, -156.991946, 20.9344217, 20.7350795, 20.8135104, 20.9344217)), list(c(-156.5952368, -156.6917046, -156.4668371, -156.4391597, -156.0497058, -156.0134297, -156.2432236, -156.482512, 
-156.5952368, 21.0334597, 20.8869261, 20.784164, 20.600786, 20.6543644, 20.8040759, 20.9407031, 20.9025676, 21.0334597)), list(c(-157.2442222, -156.8752352, -156.711231, -157.2442222, 21.2231439, 21.0471149, 21.1497033, 21.2231439)), list(c(-157.9667003, -158.1191498, -158.2651055, -158.1115811, -157.6511423, -157.9667003, 21.7108607, 21.5874666, 21.5816321, 21.3001348, 21.3022452, 21.7108607)), list(c(-159.4033713, -159.7320962, -159.7630877, -159.4473058, -159.3313116, -159.2962894, -159.4033713, 
22.2387488, 22.1433357, 21.9812848, 21.8689391, 21.9633095, 22.1491454, 22.2387488)), list(c(-71.8981983, -72.0909099, -72.3660714, -72.4241581, -71.8737902, -71.8981983, 41.0815901, 40.9928556, 41.000006, 40.8562284, 41.0488671, 41.0815901)), list(c(-72.2306851, -72.5899984, -73.1175705, -73.6325131, -73.9083464, -74.0019031, -73.6883157, -73.2367445, -72.8812827, -72.5845794, -72.4014071, -72.2306851, 41.1609148, 40.9962818, 40.9778845, 40.9028798, 40.7928679, 40.5708579, 40.5937243, 40.7145362, 
40.7424923, 40.8158336, 41.0748121, 41.1609148)), list(c(-80.6121394, -80.3534141, -80.3100618, -80.1200373, -80.0445291, -80.0422451, -80.0992121, -80.3075538, -80.3767025, -80.7467195, -80.5708472, -80.9437753, -81.2217135, -81.3084181, -81.4439835, -81.4613602, -81.404214, -81.4650774, -81.2075165, -81.1679262, -80.8578321, -80.7290293, -80.4605408, -80.1956351, -80.0012664, -79.6995919, -79.5646983, -79.3782119, -79.2040414, -79.1412523, -78.9338063, -78.7203143, -78.3752427, -78.1552568, -77.9741446, 
-77.8614198, -77.7011776, -77.1177133, -76.9029673, -76.512976, -76.3426123, -76.6013376, -76.5138269, -76.0629723, -75.9214056, -75.7318738, -75.7265891, -75.853914, -76.4663096, -75.8420906, -75.9168375, -76.0384746, -75.9495756, -75.996242, -76.2679998, -76.3831431, -76.2463237, -76.3107251, -76.2389341, -76.5191564, -76.3235785, -76.5121699, -76.5632252, -76.4106414, -76.4261371, -76.3335657, -76.1887297, -76.2780318, -76.1701885, -76.1488259, -76.3416271, -76.0897091, -75.9121798, -75.8958779, 
-75.6817141, -75.9267351, -75.8209071, -75.4646392, -75.4271539, -75.0938161, -75.0525239, -75.1950759, -75.4034176, -75.4091949, -74.8891916, -74.8637983, -74.6142092, -74.4238264, -74.4100773, -74.2213516, -73.9808988, -74.1129709, -73.9013599, -73.6642212, -73.3783559, -73.1379927, -72.961986, -72.6873171, -71.8488, -71.4907855, -71.3828526, -71.2145939, -71.1938582, -70.6213216, -70.416518, -69.9503019, -70.01121, -70.2665316, -70.473485, -70.7639183, -71.0472308, -70.7654858, -70.8098682, -70.4546751, 
-70.2509463, -70.019764, -69.8058242, -69.6511354, -69.371764, -69.0731797, -69.0591619, -68.8872755, -68.5652237, -68.1139211, -67.8948757, -67.8431038, -67.5677631, -67.2105547, -66.9821044, -67.2089872, -67.3806049, -67.4999132, -67.8035135, -67.7811208, -67.7900331, -68.2235558, -68.5799133, -68.9047418, -69.0407551, -69.0353361, -69.2243305, -69.9970131, -70.0564433, -70.208848, -70.3135115, -70.2586942, -70.4167867, -70.8256774, -71.1328605, -71.3824496, -71.5009965, -72.3118811, -73.065306, 
-74.150098, -74.9724924, -75.2183195, -75.7668512, -75.912762, -76.1617689, -76.438901, -76.7966468, -78.6903528, -79.2006377, -79.0522189, -78.935329, -80.0799096, -81.2456737, -82.39742, -82.6796576, -83.0690667, -83.1496356, -83.0633789, -82.8281212, -82.5233565, -82.4552379, -82.1227063, -82.5185197, -83.5970866, -83.4337095, -83.5718724, -83.9554146, -84.1081777, -84.1110887, -84.5567483, -84.7627611, -84.8600798, -88.368658, -88.6792448, -89.3374559, -89.9938308, -90.132576, -90.7614527, -90.8857769, 
-91.4296061, -91.7154266, -92.2889037, -92.984645, -93.3487503, -93.4674764, -93.7934694, -93.8481523, -94.5877385, -94.8255938, -95.1534678, -95.1532438, -96.8024216, -98.7817126, -99.7570043, -101.2690492, -102.4566686, -104.6851455, -106.2295702, -107.4156669, -108.8355882, -110.2865905, -111.5757832, -113.6948046, -115.2625625, -117.134906, -118.7217872, -120.0372689, -121.7595812, -122.7633117, -122.7143613, -122.4917778, -122.4851496, -122.3842929, -122.3125466, -122.474625, -122.8026781, -123.0305463, 
-123.6731273, -124.0480707, -124.5863464, -124.6884124, -124.6829486, -124.4360914, -124.3401611, -124.1749477, -124.0012699, -124.1121586, -123.8958899, -123.9904318, -123.8646744, -123.9948208, -123.9273292, -123.9335992, -124.0766885, -124.0825106, -124.1749029, -124.2713707, -124.3839164, -124.5492641, -124.3924704, -124.4388233, -124.3561047, -124.2111791, -124.2571289, -124.1505845, -124.0704186, -124.1611538, -124.1481213, -124.4138331, -124.3661814, -124.1141291, -123.8544186, -123.7694607, 
-123.8288461, -123.6936838, -123.7421863, -123.3366097, -123.133911, -122.9711608, -122.9601884, -122.5392056, -122.4935245, -122.2582667, -122.3925782, -122.5200374, -122.4042224, -122.3983555, -122.0670778, -121.9416787, -121.7924089, -121.8267146, -121.973342, -121.8888767, -121.7196775, -121.2818553, -121.0073208, -120.887072, -120.8988058, -120.63184, -120.6481418, -120.4727174, -120.0019332, -119.5989542, -119.2776637, -119.1343952, -118.8526054, -118.5710843, -118.4596582, -118.4283532, -118.164612, 
-117.4805597, -117.3482636, -117.2537664, -117.2607082, -117.1213808, -117.1246949, -115.8793919, -114.7195395, -114.8137232, -113.1553196, -111.8793387, -111.0749928, -109.9328754, -108.2084581, -108.2084581, -106.5279754, -106.3820645, -106.2185082, -105.9539161, -105.7693554, -105.6487483, -105.3923967, -105.122475, -104.8720798, -104.8594503, -104.7062395, -104.6799952, -104.5081088, -104.2089423, -104.1684563, -103.4159719, -103.1539773, -102.9062692, -102.6771471, -102.4045831, -102.3007258, 
-102.1439769, -101.4509675, -100.7973245, -100.6642223, -100.6515032, -100.3359901, -100.2939814, -100.0885507, -99.7105171, -99.5391681, -99.4495525, -99.208831, -99.1110197, -98.8046427, -98.6700626, -98.4618552, -98.2499755, -97.6675413, -97.5202421, -97.2284204, -97.204281, -97.3476391, -97.4939083, -97.558041, -97.535066, -97.4121301, -97.190935, -97.0309615, -96.6537788, -96.4025327, -96.572135, -96.3976063, -96.1771726, -95.8117684, -95.6950577, -95.3930249, -95.1075179, -94.8978327, -94.9108204, 
-95.0250232, -94.8090232, -94.6910585, -94.7614611, -94.5640023, -94.068183, -93.4771948, -93.1804915, -92.6673404, -92.2571956, -92.2013482, -91.9093026, -91.6214668, -91.5324334, -91.3437973, -91.2362675, -91.2896069, -90.6928414, -90.5820423, -90.4037964, -90.1686282, -90.0257628, -89.5113576, -89.4113518, -89.18008, -89.1034074, -89.1384296, -89.520046, -89.6929625, -89.5946585, -89.3095994, -89.4583765, -89.5987788, -90.0153278, -90.3699834, -90.4088572, -90.2237143, -90.1015397, -89.7529301, 
-89.5013257, -89.3362915, -88.8213041, -88.4750234, -88.3554911, -88.1089027, -88.0874953, -87.9223267, -87.9096076, -87.7509329, -87.5634612, -87.0690751, -86.9900289, -86.5916627, -86.331146, -85.7904518, -85.7196909, -85.4211962, -85.2317987, -84.883413, -84.4452326, -84.3425397, -84.0041859, -83.6423199, -83.408764, -83.239296, -83.0622145, -82.8063107, -82.6550256, -82.6742386, -82.852574, -82.6929589, -82.6112703, -82.4038243, -82.6612956, -82.5855187, -82.4492367, -82.3442149, -82.0645748, 
-82.0408834, -81.8466938, -81.8050434, -81.650489, -81.3475605, -81.1200954, -81.0912984, -80.8688045, -80.7067709, -80.5596509, -80.3742393, -80.6121394, 24.9384218, 25.1630138, 25.6054944, 25.9380128, 26.5427926, 26.8137629, 27.0296901, 27.4063771, 27.6488452, 28.3996867, 28.5730094, 29.1088425, 29.6946786, 29.9638366, 30.5599514, 30.7494867, 31.0654698, 31.1771699, 31.4730425, 31.727552, 31.9689277, 32.1487304, 32.3989944, 32.5592328, 32.6065794, 32.8492213, 33.0171812, 33.0114459, 33.190777, 
33.3955316, 33.6430645, 33.7971457, 33.9013975, 33.9128928, 33.8457833, 34.1545415, 34.3444244, 34.6864766, 34.7259279, 34.7184548, 34.9954831, 35.0692464, 35.315091, 35.3850805, 35.5600419, 35.6230548, 35.8049679, 35.9613829, 36.020895, 36.1800411, 36.3827599, 36.4938641, 36.6770931, 36.920306, 36.9650953, 37.2923006, 37.386373, 37.8148756, 37.8897065, 38.0270786, 38.1402187, 38.5106243, 38.768709, 38.9988625, 39.2048337, 39.3873675, 39.3200346, 39.1681383, 38.9031514, 38.6354087, 38.48242, 38.2773425, 
38.3417458, 37.9797072, 37.8863299, 37.6038395, 37.4521418, 37.8526138, 37.9833817, 38.3267746, 38.5421556, 38.8088307, 39.0655251, 39.26303, 39.1546816, 38.9409145, 39.2462713, 39.3551163, 39.5363094, 39.6417777, 40.288864, 40.5482895, 40.8059521, 40.9863011, 41.1105393, 41.146763, 41.2494507, 41.2482589, 41.3085408, 41.3620446, 41.6645711, 41.6447833, 41.4812428, 41.7251757, 41.629837, 41.6751973, 41.8052204, 41.7126128, 41.7614739, 42.2452182, 42.3037373, 42.6480241, 42.9114964, 43.3463549, 43.6745036, 
43.8597436, 43.9106654, 43.8368028, 43.9704755, 44.0439905, 44.2072332, 44.4312542, 44.3847269, 44.4787745, 44.4124099, 44.5425323, 44.5320301, 44.6396585, 44.8142474, 45.169235, 45.1520293, 45.4908043, 45.6775588, 45.943365, 47.0671446, 47.3446198, 47.2870442, 47.1804089, 47.2449611, 47.414932, 47.4597958, 46.6954728, 46.4165079, 46.3294617, 46.022218, 45.8911025, 45.7954659, 45.4002077, 45.2444631, 45.2353265, 45.013391, 45.003733, 45.0159234, 44.9913191, 44.9834487, 44.8777321, 44.5152217, 44.3677696, 
44.2806737, 44.0940185, 43.6310798, 43.6310798, 43.4504329, 43.2457031, 42.8282489, 42.3935394, 42.2075545, 41.6765629, 41.6765629, 41.8635657, 42.040985, 42.3177898, 42.373404, 42.6073313, 42.9267407, 43.5911567, 45.33861, 45.821262, 45.9981599, 46.1057635, 46.0567534, 46.2414224, 46.5041996, 46.4608006, 46.6342723, 46.888906, 48.3055788, 48.2439314, 47.9740535, 48.0281284, 48.1117235, 48.0984903, 48.2460666, 48.0487603, 48.1996139, 48.342895, 48.6238957, 48.6265026, 48.5465075, 48.5163666, 48.6307978, 
48.7175957, 49.294345, 49.3844698, 48.9988696, 49.0001855, 49.0000613, 48.9991427, 48.9994158, 48.9987455, 48.9989193, 48.9992668, 48.9992668, 48.9991427, 48.9991427, 48.9965854, 48.9974048, 48.99954, 48.9987206, 49.0000117, 48.999391, 48.9972558, 49.0019482, 48.8004709, 48.7479601, 48.4904464, 48.3096754, 47.9446326, 47.7468049, 48.088013, 48.0800681, 48.1625212, 48.175084, 48.372589, 48.2871814, 47.9986082, 47.746929, 47.4085513, 47.0675418, 46.9798998, 46.845805, 46.547971, 46.3109402, 46.1576039, 
45.9464685, 45.6688194, 45.4047512, 44.7705009, 44.4488322, 43.784292, 43.4220299, 43.2688426, 42.8472918, 42.5679545, 42.4373356, 42.1010682, 41.9967915, 41.7827761, 41.7219729, 41.3772889, 41.0685058, 40.9041708, 40.4437894, 40.2592197, 40.1036985, 39.8303695, 39.5581081, 39.3657922, 39.0183027, 38.9499021, 38.5647985, 38.4518321, 38.246283, 38.0279972, 37.8229694, 38.1113192, 38.0597023, 37.6388963, 37.5205423, 37.3471948, 37.1805011, 36.9462262, 36.976094, 36.8033424, 36.6569826, 36.5673544, 
36.3005799, 36.1938701, 35.6659572, 35.4591666, 35.4301181, 35.2486767, 35.0724244, 34.5778054, 34.4473851, 34.4569438, 34.417269, 34.2604816, 34.0980335, 34.031942, 34.0386206, 33.9634173, 33.7813304, 33.760922, 33.3028992, 33.1441504, 32.8789401, 32.7252065, 32.6724227, 32.5343058, 32.6360748, 32.7187265, 32.4940599, 31.9825085, 31.5889137, 31.3323435, 31.3340566, 31.3333615, 31.7836876, 31.7838863, 31.7327162, 31.4792743, 31.3648927, 31.1648553, 31.1158701, 30.8564447, 30.7520936, 30.5113386, 
30.3902288, 30.2348069, 29.9210086, 29.6323858, 29.4805639, 29.3961991, 29.0378847, 28.9713214, 29.2620547, 29.7414542, 29.765115, 29.8777338, 29.8035484, 29.7520308, 29.2468104, 29.076467, 28.9450536, 28.4303987, 28.2845603, 28.1478089, 27.6576838, 27.60274, 27.068918, 26.7248298, 26.4264, 26.3676823, 26.236691, 26.2261143, 26.0725545, 26.0288328, 25.8859986, 25.9588433, 26.0754842, 26.195452, 26.8008277, 26.8458901, 27.2271702, 27.321764, 27.8371638, 28.0481503, 28.320933, 28.442167, 28.5825929, 
28.6780309, 28.5934179, 28.7396534, 28.7273389, 28.8604406, 29.1705643, 29.3311504, 29.4960316, 29.5521424, 29.7613412, 29.7004387, 29.5220759, 29.4803901, 29.6679888, 29.7677468, 29.7694847, 29.5864792, 29.5346636, 29.7262596, 29.8314549, 29.718563, 29.5396044, 29.489775, 29.3786955, 29.2527939, 29.1213308, 29.2640905, 29.3087557, 29.1063597, 29.4277056, 29.2492932, 29.137593, 29.024726, 29.0930272, 29.2880245, 29.41554, 29.5651521, 29.6984276, 29.8650965, 30.0213625, 29.878429, 30.0388909, 30.056469, 
30.211295, 30.3762011, 30.363812, 30.1792672, 30.1809306, 30.2984156, 30.3985709, 30.3170861, 30.4051503, 30.3695969, 30.5650908, 30.6328458, 30.4085268, 30.2856045, 30.2712541, 30.4616334, 30.3629679, 30.401873, 30.3871253, 30.1642215, 30.1926245, 29.9462088, 29.674444, 29.7303313, 29.9289287, 30.0722098, 30.1004638, 29.8871932, 29.5374692, 29.4331925, 29.1700678, 29.1509504, 28.8571633, 28.4371767, 27.8555364, 27.7084566, 27.873462, 27.8800662, 27.4534506, 27.4150668, 27.059682, 26.8930132, 26.8817662, 
26.5305029, 26.3963584, 26.091374, 25.892578, 25.8188643, 25.3280441, 25.1159155, 25.1759491, 25.1496813, 25.2400792, 25.1855326, 24.9384218)), list(c(-176.5666165, -176.775003, -176.8692315, -176.4241541, -176.6300326, -176.5666165, 51.9996041, 51.9654163, 51.6658444, 51.7500105, 51.8629272, 51.9996041)), list(c(-174.1533549, -174.3308395, -174.0825492, -174.0100416, -174.1533549, 52.4220736, 52.1183057, 52.1316631, 52.362909, 52.4220736)), list(c(172.7908486, 172.6366524, 172.7550202, 173.1150053, 
173.3040893, 172.7908486, 53.0074877, 52.9253822, 52.7920571, 52.7829205, 52.9241408, 53.0074877)), list(c(-167.970685, -168.2284698, -168.7698805, -168.6530354, -168.4624287, -168.2692245, -167.8411208, -167.970685, 53.556107, 53.5310806, 53.1806614, 52.9741688, 53.0519791, 53.2431281, 53.3859623, 53.556107)), list(c(-166.6597714, -167.031535, -167.1615471, -167.0000061, -167.2982321, -167.6925228, -167.5061707, -167.0548682, -166.6627272, -166.5246986, -166.2748856, -166.3284042, -166.576157, -166.6597714, 
54.0131615, 53.9546921, 53.8386223, 53.7192007, 53.4392675, 53.3901085, 53.2586703, 53.4551821, 53.4836347, 53.6371697, 53.6859811, 53.9521349, 53.8814998, 54.0131615)), list(c(-163.7688735, -164.3483966, -164.5558426, -164.7225339, -164.9524174, -164.854203, -164.4491638, -164.1666574, -163.5966736, -163.3341863, -163.4466873, -163.7688735, 55.0561267, 54.8970303, 54.8874716, 54.6549843, 54.5774969, 54.4199646, 54.4208336, 54.6045343, 54.6136958, 54.7566789, 54.973773, 55.0561267)), list(c(-131.5466702, 
-131.6334195, -131.3817255, -131.3642144, -131.5466702, 55.2770939, 55.014565, 55.0170478, 55.1608254, 55.2770939)), list(c(-160.7125383, -160.8408933, -160.4700253, -160.7125383, 55.4016797, 55.2025113, 55.1787263, 55.4016797)), list(c(-131.2634025, -131.6026072, -131.7341867, -131.6400478, -131.8316397, -131.5575083, -131.1866403, -131.0658989, -130.9343641, -131.0724823, -131.2634025, 55.9737116, 55.899998, 55.7258063, 55.6012702, 55.4478842, 55.2949947, 55.1920588, 55.2608317, 55.5878383, 55.8291643, 
55.9737116)), list(c(-132.4335108, -132.6900416, -132.3533449, -132.1077417, -132.3801714, -132.4335108, 56.3528814, 56.2395178, 55.9137277, 56.1124989, 56.2270791, 56.3528814)), list(c(-133.6183535, -133.6258774, -133.2742224, -133.2517401, -133.4003381, -133.0645819, -133.2817911, -133.0163033, -132.6291782, -132.6100548, -132.1983874, -131.9531425, -131.9875377, -132.4708618, -132.8007959, -133.0958421, -133.0392334, -133.2050737, -133.6183535, 56.3595601, 56.204163, 56.1524964, 55.8908365, 55.6317587, 
55.4200771, 55.3389151, 55.202412, 55.1124609, 54.9620543, 54.7070482, 54.8049938, 55.1674793, 55.7824633, 56.009116, 56.0466308, 56.1849463, 56.3370909, 56.3595601)), list(c(-132.7333939, -133.0709415, -132.873393, -132.6591844, -132.7333939, 56.4578781, 56.3341364, 56.2320198, 56.2766105, 56.4578781)), list(c(-132.3902033, -132.3676314, -132.1343891, -131.9215688, -132.0335323, -132.1535124, -132.2459495, -132.3902033, 56.4904521, 56.2825195, 56.1758345, 56.2046844, 56.3537752, 56.3446137, 56.4433786, 
56.4904521)), list(c(-132.9207312, -132.9141477, -132.9508718, -132.5425185, -132.9207312, 56.8116987, 56.6399898, 56.5091474, 56.5833825, 56.8116987)), list(c(-134.2516191, -134.4208183, -134.2933143, -134.1092015, -134.2941652, -134.2183883, -133.9608275, -133.8825426, -133.8966948, -133.7408863, -133.7350194, -134.2516191, 56.9378983, 56.8425099, 56.5820914, 56.4983473, 56.3533035, 56.1103885, 56.093307, 56.2233301, 56.5120523, 56.5616333, 56.7795715, 56.9378983)), list(c(-133.8933358, -134.0332902, 
-133.7250323, -133.6625567, -133.1616767, -132.932465, -132.9982547, -132.9757725, -133.1066354, -133.4349572, -133.8933358, 57.0987326, 57.0270796, 56.8203884, 56.4441483, 56.4595167, 56.6658107, 56.8137842, 56.9166953, 57.0029719, 57.0129278, 57.0987326)), list(c(-135.7457946, -135.8274831, -135.5708628, -135.7457946, 57.3250129, 56.9894159, 57.093345, 57.3250129)), list(c(-135.4174728, -135.5342283, -135.6959036, -135.4258476, -135.3775242, -134.7750261, -134.6225766, -134.6291153, -134.8633429, 
-135.0333483, -135.4174728, 57.5624906, 57.4516098, 57.3557994, 57.1624903, 56.8208601, 56.2187866, 56.2641469, 56.7266139, 57.2695725, 57.4079129, 57.5624906)), list(c(-153.2689352, -153.2070418, -153.7579919, -154.0117012, -154.33335, -154.6292023, -154.789982, -154.5308536, -154.4996382, -154.311629, -153.9657066, -153.698069, -153.4016792, -152.7108195, -152.5188693, -152.3266055, -152.1538682, -152.4618127, -152.5148834, -153.0272732, -153.2689352, 57.9991367, 57.7917503, 57.8893731, 57.6478981, 
57.6387367, 57.5107992, 57.3462407, 57.1799442, 56.9908311, 56.9180857, 56.9957221, 56.8562894, 57.1549178, 57.2747119, 57.4339076, 57.4441118, 57.6219531, 57.7199732, 57.9116188, 57.9288492, 57.9991367)), list(c(-135.7824738, -136.3525024, -136.4275628, -136.0175524, -136.0209561, -135.7174902, -135.5541578, -135.6300243, -135.0299894, -134.8525049, -135.0358563, -134.9683647, -135.2958804, -135.7824738, 58.2866671, 58.0482957, 57.8466941, 57.620811, 57.5024819, 57.3658298, 57.4549615, 57.701253, 
57.4537201, 57.5833708, 57.8424486, 58.0470543, 58.0908008, 58.2866671)), list(c(-134.9550187, -134.9175333, -134.7725181, -134.7358389, -134.5658783, -134.6425509, -134.4875486, -133.8691965, -133.9408979, -134.1025733, -134.1818434, -134.6933375, -134.9550187, 58.4104088, 58.2158087, 58.0774683, 57.7475072, 57.4766362, 57.2441737, 57.0475129, 57.3616587, 57.6141324, 57.7149828, 58.1594248, 58.1587048, 58.4104088)), list(c(-152.6491948, -153.0420972, -153.2213284, -152.8469224, -152.2225242, -151.967964, 
-152.2966441, -152.6491948, 58.4783376, 58.3076466, 58.1581337, 57.9916635, 58.1949782, 58.2315495, 58.427093, 58.4783376)), list(c(-160.6820394, -161.0520117, -160.8801701, -160.6820394, 58.8214078, 58.7055862, 58.5757121, 58.8214078)), list(c(-147.1134052, -147.4359049, -147.910048, -147.4666277, -147.3642035, -146.9150059, -147.1134052, 60.3812376, 60.0949733, 59.8391479, 59.8574708, 60.0433067, 60.2881831, 60.3812376)), list(c(-166.1600558, -166.5044108, -166.9384262, -167.3007849, -167.3099659, 
-166.6199571, -166.133095, -165.70526, -165.6400525, -165.6980944, -166.0680218, -166.1600558, 60.4260269, 60.3797479, 60.2200556, 60.2362185, 60.0601399, 59.8482101, 59.8201298, 59.8892504, 59.9797476, 60.2983376, 60.321353, 60.4260269)), list(c(-146.540376, -146.7316992, -146.61154, -146.2017087, -146.540376, 60.4858866, 60.3900018, 60.2350268, 60.345138, 60.4858866)), list(c(-171.6750202, -171.8542962, -171.4366723, -171.095094, -170.5983343, -169.8342505, -169.3816939, -168.866617, -168.7054791, 
-169.5466834, -170.0300075, -170.1041721, -170.4784437, -170.9084284, -171.4834282, -171.6750202, 63.7879062, 63.4866708, 63.308755, 63.4236828, 63.3662561, 63.075796, 63.1503538, 63.1449165, 63.3008101, 63.3711968, 63.4796197, 63.6066635, 63.6979055, 63.5728977, 63.6461893, 63.7879062)), list(c(-141.0019888, -141.3658703, -142.7645185, -143.8839297, -144.907948, -145.8750888, -146.9614036, -147.6802093, -148.1088504, -149.2464445, -149.8689616, -150.2938856, -150.5862447, -151.3263683, -151.717524, 
-152.4251334, -152.2638612, -153.1264729, -153.8963788, -154.1738243, -154.6087354, -154.9392965, -155.514565, -155.5701885, -156.8100724, -157.3299862, -157.8238349, -158.6712643, -159.2238714, -159.6825188, -160.8712578, -161.3213511, -162.0051794, -162.316438, -163.0057302, -162.9223845, -163.1580453, -163.69238, -164.2929523, -165.3346608, -166.2328321, -166.2403113, -166.3661583, -165.8747728, -165.339632, -163.9932931, -163.7435249, -162.4412997, -161.8216041, -161.7177467, -161.8877073, -161.5547278, 
-161.1277886, -160.3202181, -160.241351, -160.778955, -161.0867651, -161.584734, -162.06976, -162.0079113, -162.2898355, -162.6275174, -161.8763766, -161.5184069, -161.5627444, -161.8392495, -162.7633963, -163.1625687, -163.771068, -163.9315341, -163.7528851, -163.994995, -164.657819, -164.9505812, -165.3901051, -166.2378929, -167.5385506, -168.0753932, -167.3993128, -166.5434189, -166.5547944, -166.8774284, -166.3912381, -166.4853322, -166.2136192, -165.0079065, -164.303656, -163.6094822, -163.1444754, 
-162.6328469, -162.5460528, -161.6963841, -161.3834237, -161.1981912, -160.881021, -160.7927489, -161.0842571, -161.4746515, -160.9827286, -160.7847771, -161.1391641, -161.9733818, -162.3871094, -162.6912471, -163.0796709, -163.4646462, -163.7296862, -164.0545596, -164.4199637, -164.7980869, -164.8438128, -165.288084, -165.7133662, -165.6225414, -166.1045667, -166.1550399, -165.7508068, -165.60718, -165.2063058, -163.5178065, -163.7811895, -164.6566098, -165.2759919, -165.0243875, -164.7126363, -164.3920624, 
-164.1375469, -164.1694789, -163.6682407, -163.1492226, -162.212715, -161.7091479, -162.0386341, -161.8065562, -161.7314063, -161.9734714, -161.6344458, -161.2939872, -160.7513672, -160.3412225, -160.2491885, -159.874469, -159.6195505, -159.0531942, -158.7539829, -158.8976993, -158.7252307, -158.185477, -157.117569, -157.0440762, -157.4814057, -157.7105278, -157.9354849, -158.4447845, -158.6946871, -158.6443931, -158.9848517, -159.2760912, -159.8180842, -160.3613759, -160.5613875, -160.5238574, -160.9537973, 
-161.0773154, -161.3762132, -161.8041825, -162.2689655, -162.636161, -163.3331563, -163.3221838, -162.8830182, -162.4700967, -162.253201, -161.7155074, -161.6168004, -161.3868721, -161.4915804, -161.243111, -160.9129978, -160.127193, -160.0371296, -158.5172921, -158.2016893, -158.4091801, -158.0855608, -157.8662466, -157.3945668, -157.2057963, -157.0013061, -156.5708736, -156.3708172, -156.1825841, -155.8165082, -155.566113, -155.0824306, -155.0226869, -154.2217447, -153.8609983, -153.4264007, -153.3298882, 
-153.6979346, -154.0664737, -154.2258202, -154.1157825, -153.7027715, -153.5639367, -153.0479193, -153.0300499, -152.7005637, -152.5727013, -152.7713246, -152.3968738, -152.3348908, -151.9096982, -151.8054826, -151.4836994, -151.1695298, -151.0235742, -150.5844533, -149.7396214, -150.0580008, -150.3681845, -151.0813473, -151.4154912, -151.268819, -151.4205072, -151.7221369, -151.8714067, -151.4823111, -151.8912466, -151.9933125, -151.6995203, -151.4169692, -151.16635, -150.7344396, -150.2597591, 
-149.8083222, -149.1962849, -149.0989662, -148.4276329, -148.3688745, -148.1263615, -148.2154845, -147.938845, -148.3996421, -148.2997258, -147.6022379, -147.1085236, -146.537241, -146.6578481, -145.9646596, -145.7021723, -145.7405086, -145.2979393, -144.594674, -144.2295386, -143.8949469, -142.8826624, -141.9413179, -140.8912793, -140.2762861, -139.8264167, -139.486406, -139.7480871, -139.3181472, -138.1662218, -137.6798523, -137.1167206, -136.4904863, -136.0404825, -136.2055615, -136.4579273, -136.0854023, 
-135.848801, -135.1712874, -135.0504564, -135.1471928, -134.7331518, -134.5188536, -134.2247478, -133.7304513, -133.6688266, -133.483012, -133.5363514, -133.0812421, -132.7763431, -132.4563513, -132.3472541, -132.1114141, -132.0623293, -131.9931359, -131.9395725, -131.888965, -131.9681904, -131.9846714, -132.2237359, -131.9387664, -131.7596248, -131.2322766, -130.907045, -130.8781584, -131.0971591, -130.9488298, -130.839643, -130.4881671, -130.266345, -130.1015347, -130.0033203, -130.0743948, -130.1482907, 
-130.1748484, -130.0140688, -130.1046697, -130.4269007, -130.4687751, -130.7828999, -131.0882916, -131.5820954, -131.8364318, -131.8739171, -132.1246706, -132.0462066, -132.5547449, -133.1734552, -133.3784828, -133.8416983, -134.2592326, -134.4845928, -134.9611095, -135.1022283, -135.0301238, -135.4803962, -136.1941412, -136.5856553, -136.8299149, -137.4528798, -137.6085987, -138.6275115, -138.7087074, -139.2001824, -139.0761716, -139.6942998, -139.9824043, -140.4595032, -140.5217102, -141.0032428, 
-141.0029293, -141.0027054, -141.0025711, -141.0025711, -141.0025263, -141.0023471, -141.0022128, -141.0019888, 69.6463177, 69.6320914, 70.0464173, 70.0776506, 69.9633932, 70.1605257, 70.1542443, 70.2030557, 70.3425878, 70.4917531, 70.5092815, 70.4184118, 70.5018083, 70.4109635, 70.5455549, 70.5672047, 70.8393171, 70.8976375, 70.8859437, 70.7675897, 70.8651132, 71.0444193, 70.9421289, 71.1604892, 71.2863412, 71.007997, 70.8648897, 70.7850932, 70.8700787, 70.7872036, 70.3376222, 70.2459581, 70.2322283, 
70.0442821, 69.7635048, 69.6930684, 69.3319732, 69.0715299, 68.9250956, 68.8576386, 68.8746208, 68.5621384, 68.4289622, 68.1076411, 68.0217867, 67.5220532, 67.1188502, 66.9837871, 67.0472469, 66.9346529, 66.7133878, 66.5579907, 66.6371913, 66.6210533, 66.3839977, 66.3629934, 66.4914275, 66.4405802, 66.6479666, 66.7613054, 66.9314501, 66.8573392, 66.4913033, 66.3947481, 66.2398973, 65.9988692, 66.0953996, 66.05786, 66.0810244, 66.2140516, 66.5506417, 66.5945869, 66.5493755, 66.4427402, 66.4115813, 
66.1720926, 65.8223189, 65.5758288, 65.4004702, 65.3363649, 65.129624, 65.0958334, 64.8854428, 64.7356072, 64.5775536, 64.4337263, 64.5620859, 64.5619121, 64.6455072, 64.3888377, 64.5286181, 64.7754558, 64.7694971, 64.9178927, 64.8111333, 64.6243043, 64.4944302, 64.5020027, 64.23354, 63.7530729, 63.5072034, 63.4341353, 63.4405656, 63.2209143, 63.0542703, 63.0417819, 63.1959376, 63.2613588, 63.2136646, 62.9406087, 62.5345505, 62.4189772, 62.1094741, 61.8501729, 61.7982332, 61.6329547, 61.4794445, 
61.1112486, 60.9748697, 60.7998587, 60.7546721, 60.8202423, 60.5790901, 60.3661423, 60.2923541, 60.0750118, 59.9895546, 59.8604253, 59.7931172, 59.8448335, 60.0203907, 59.4964998, 59.2348647, 59.0141458, 58.8097635, 58.630656, 58.5954998, 58.7675315, 58.902098, 59.0498233, 58.8900566, 58.7745081, 58.931792, 58.4189744, 58.5085033, 58.7182732, 58.8700205, 58.6102972, 58.8682826, 58.7205325, 58.4869776, 57.6355587, 57.4713727, 57.206361, 56.9760337, 56.783246, 56.8266202, 56.6895709, 56.5470346, 56.2762381, 
55.9959325, 55.8655122, 55.8197049, 55.9437445, 55.9681502, 55.8956779, 55.6901784, 55.3664242, 55.0920773, 54.8788316, 54.9325837, 55.0488273, 55.0189844, 55.380725, 55.604324, 55.6233421, 55.3555248, 55.3536628, 55.5242792, 55.6655244, 55.7838536, 55.9783544, 56.291954, 56.4515966, 56.5088495, 56.4715582, 56.862248, 56.7645259, 56.9063422, 57.0278989, 57.1411633, 57.4803603, 57.5635334, 57.7896647, 57.8745261, 57.9952884, 58.1303515, 58.6106448, 58.7187201, 58.9257341, 59.0732359, 59.0721435, 59.1464778, 
59.2984238, 59.4670292, 59.6216069, 59.7002365, 59.8829441, 59.9196644, 60.0744159, 60.1964693, 60.2984121, 60.4697486, 60.720087, 60.8555225, 61.010572, 61.0447102, 61.1804188, 61.2935838, 61.0121361, 60.9092747, 61.0371129, 60.7842172, 60.7188456, 60.5438347, 60.2155122, 60.0096899, 59.7775005, 59.4761162, 59.4247723, 59.3127494, 59.1623428, 59.2564152, 59.2005031, 59.4206758, 59.4804114, 59.8495508, 60.001745, 59.9538026, 59.9477446, 60.0847194, 60.1634731, 60.3347351, 60.4421401, 60.7792764, 
60.9525991, 60.8480246, 61.0051347, 60.8097153, 60.683764, 60.6909144, 60.5905109, 60.472132, 60.3350827, 60.1792388, 60.1792884, 59.9873697, 60.0913733, 60.0121975, 59.7342506, 59.6976544, 59.8158843, 59.70838, 59.5433746, 59.3450255, 59.0083112, 58.6285208, 58.396108, 58.3013652, 58.3838431, 58.6122089, 58.7392775, 58.8063621, 58.5188317, 58.20841, 58.3329958, 58.6221897, 58.3717519, 58.3545959, 58.2033203, 57.8029973, 57.612171, 57.4333862, 57.180118, 57.0810304, 56.8359554, 56.67095, 56.515553, 
56.3651463, 56.3722471, 56.3352785, 56.2388971, 56.198254, 56.1753132, 55.9634081, 55.6930336, 55.5330434, 55.8776033, 56.0037284, 55.7111331, 55.3129452, 55.1913636, 54.8297222, 54.7659893, 54.833496, 54.9934862, 55.2096617, 55.2762498, 55.4661078, 55.5920342, 55.7765791, 55.911816, 56.1215362, 56.140306, 56.2418019, 56.3655932, 56.4047714, 56.6109909, 56.598006, 56.8047717, 56.8724274, 57.0438135, 57.495257, 58.1524482, 58.4293524, 58.7282291, 58.8598412, 59.1303894, 59.2797285, 59.4263365, 59.5624672, 
59.7968414, 59.6388126, 59.1646766, 59.1587924, 58.9071629, 59.242611, 59.767346, 59.9051153, 60.0870781, 60.3512953, 60.3339903, 60.1807533, 60.3068784, 60.2186156, 60.3051653, 61.5958371, 62.3997108, 63.5171345, 64.798347, 65.6589025, 67.0787285, 68.098728, 69.6463177)))"
United States Virgin Islands,VIR,96.5534,NA,86487,NA,NA,NA,NA,list()
Uruguay,URY,93.65732,20181.94,3390863,Uruguay,Americas,Latin America & Caribbean,Latin America and the Caribbean,"list(c(-58.213973, -58.3528973, -58.3557188, -58.435392, -58.4173435, -58.0737947, -57.8571229, -57.6171627, -57.2179456, -56.8979538, -56.1616818, -55.7021387, -55.0596025, -54.9288291, -54.2213541, -53.7913246, -53.7700516, -53.5533798, -53.3693566, -53.5322411, -53.5204177, -53.2413151, -53.0779379, -53.38951, -53.6452347, -53.7453748, -54.081131, -54.4566118, -54.5863552, -54.8364369, -54.9825716, -55.2465368, -55.3493193, -55.5676034, -55.6678331, -55.9300517, -56.0183685, -56.0128151, -56.1877917, 
-56.3835935, -56.6608599, -56.8522279, -57.1152078, -57.2028081, -57.5494471, -57.6129976, -57.6484677, -57.6437204, -57.8914285, -57.8046344, -57.8062466, -57.9814919, -57.9805962, -58.0872303, -58.2047024, -58.1041144, -58.2027766, -58.1128923, -58.213973, -33.0873658, -33.1285302, -33.3245703, -33.5263208, -33.9167624, -34.194039, -34.4782425, -34.4315663, -34.4449237, -34.6566053, -34.9303315, -34.760733, -34.8849215, -34.954911, -34.6682247, -34.4040572, -34.2636561, -34.0611359, -33.744259, 
-33.6889676, -33.1521166, -32.9305784, -32.7345631, -32.5874337, -32.3845163, -32.0919954, -31.9293487, -31.651501, -31.4566527, -31.4419795, -31.3116585, -31.2521959, -31.0437916, -30.8455915, -30.9538406, -31.0858995, -31.0468951, -30.8057925, -30.6046627, -30.4987971, -30.1983065, -30.0884933, -30.1136438, -30.2846079, -30.2744782, -30.1891699, -30.1938375, -30.3424069, -30.5126758, -30.7059601, -30.891498, -31.3912563, -31.5897544, -31.8239796, -31.8672792, -32.2451828, -32.4577582, -32.8851435, 
-33.0873658))"
Uzbekistan,UZB,43.37431,12559.401,34938911,Uzbekistan,Asia,Europe & Central Asia,Central Asia,"list(c(67.7865398, 67.8602118, 68.1347016, 68.2686995, 68.4044888, 68.1404789, 68.0812278, 68.1960576, 68.0943947, 67.7038212, 67.4728628, 67.4553518, 67.7070457, 68.1169218, 68.5454285, 68.6358502, 68.9348824, 68.7738341, 69.2726987, 69.3380854, 69.3842591, 69.6638544, 70.0654899, 70.5518594, 70.7945963, 70.5887178, 70.3283803, 70.561757, 70.6323388, 70.9878006, 71.2039797, 71.734642, 72.1725089, 72.3860009, 72.4746312, 72.6586545, 72.7565106, 72.9885886, 72.8639508, 72.6751803, 72.4441324, 72.2099495, 
71.8862854, 71.9079167, 71.6824222, 71.4520909, 70.9642435, 70.7693374, 70.7143857, 70.4873685, 70.2095646, 70.4992366, 70.6779304, 70.836829, 71.2703069, 70.9435526, 70.7925362, 70.640848, 70.4744255, 69.9576467, 69.6188451, 69.3542529, 69.0412029, 69.039725, 68.8083636, 68.5623126, 68.6438668, 68.5020762, 68.0755848, 68.0907223, 67.9661741, 67.7359323, 67.3654227, 66.709406, 66.5346086, 65.9990199, 65.9996022, 66.0869337, 66.0966521, 65.8445999, 65.5590929, 65.1842839, 64.9326794, 64.5302826, 63.85465, 
63.296803, 62.4531355, 62.0042514, 61.138863, 61.1067071, 59.9992088, 58.5895882, 56.9990345, 55.9982151, 55.9989316, 55.9989316, 55.9985733, 56.7858112, 57.0455218, 57.1068778, 56.9920032, 56.9862707, 57.1235379, 57.280466, 57.8646468, 58.0027202, 58.3238764, 58.2758664, 58.5895882, 58.6261331, 58.6263122, 59.0148256, 59.1705444, 59.4475422, 59.8671366, 60.0569372, 59.9791001, 60.1745884, 60.0907502, 60.469142, 60.999043, 61.3305893, 61.4590339, 61.8874958, 62.1347113, 62.3389327, 62.4698405, 63.4155291, 
63.7051563, 64.1993184, 64.3305845, 64.5359703, 65.0345662, 65.5640641, 65.9234222, 66.1470357, 66.4168678, 66.6731746, 66.5432522, 66.553732, 67.0480733, 67.2620132, 67.6783831, 67.7865398, 37.1722583, 37.546239, 37.9334779, 37.9185067, 38.1751514, 38.410196, 38.6525647, 38.938531, 39.0229206, 39.0005508, 39.3244043, 39.5744696, 39.6593062, 39.5580585, 39.5390901, 39.8434289, 39.9264282, 40.2024386, 40.2021903, 40.3214133, 40.7866361, 40.6371481, 40.7550552, 40.9796721, 40.729706, 40.5668855, 40.4554584, 
40.3556508, 40.177288, 40.2233684, 40.3474328, 40.1622672, 40.4929732, 40.3974359, 40.5502757, 40.5106754, 40.6668669, 40.7649118, 40.8629319, 40.8511138, 41.0318849, 41.0485195, 41.1674197, 41.303029, 41.4202658, 41.1604183, 41.163919, 41.2634039, 41.4674882, 41.3972008, 41.5738007, 41.7205329, 41.9129978, 41.9244434, 42.196953, 42.2636653, 42.2088455, 42.0185655, 42.1089138, 41.7330212, 41.6630566, 41.4674385, 41.3660915, 41.2549624, 41.1181366, 40.8058528, 40.6940037, 40.5797463, 40.7900127, 40.9728941, 
41.148054, 41.1822419, 41.1255601, 41.1407547, 41.8769478, 41.9366586, 42.3621322, 42.3484521, 42.9380125, 42.8586132, 43.2865448, 43.4957684, 43.7352572, 43.5720394, 43.6002934, 43.6535986, 43.5269025, 43.5056747, 44.2255064, 44.3594274, 45.0007537, 45.5900657, 45.2367169, 45.0004309, 43.3332955, 41.9999695, 41.3186457, 41.2825709, 41.2420023, 41.3591149, 41.647142, 41.898399, 41.9270255, 42.1296201, 42.1714301, 42.4890766, 42.4482846, 42.6870285, 42.6474034, 42.7857437, 42.7859175, 42.5272121, 
42.5323266, 42.2900572, 42.3179388, 42.0893991, 41.945398, 41.6199059, 41.4164423, 41.2213456, 41.242201, 41.148774, 41.2971696, 41.1053006, 40.5404191, 40.4288927, 39.9582574, 39.4205871, 39.2239511, 38.964054, 38.9952873, 38.8393937, 38.6066333, 38.2883661, 38.2739908, 38.171179, 38.0242234, 37.9745182, 37.772867, 37.3547424, 37.3794212, 37.1834308, 37.2327387, 37.1722583))"
Vanuatu,VUT,32.3996,NA,313014,Vanuatu,Oceania,East Asia & Pacific,Melanesia,"list(list(c(169.3148293, 169.2235567, 169.3331913, 169.4710856, 169.3148293, -19.3148031, -19.4477062, -19.610626, -19.6177268, -19.3148031)), list(c(169.0958287, 168.9895529, 168.9729375, 169.234977, 169.0958287, -18.6312944, -18.6708451, -18.8841653, -18.9937303, -18.6312944)), list(c(168.3228774, 168.2416815, 168.2899601, 168.5391461, 168.4391851, 168.3228774, -17.5325661, -17.5787457, -17.7829542, -17.8037847, -17.5362654, -17.5325661)), list(c(168.182923, 168.1641579, 168.3383284, 168.182923, 
-16.5716567, -16.806304, -16.7837604, -16.5716567)), list(c(168.1491548, 167.9754322, 168.1341517, 168.293319, 168.1491548, -16.0921082, -16.3133237, -16.3679448, -16.3370839, -16.0921082)), list(c(167.2425191, 167.1454243, 167.379652, 167.4162417, 167.5299966, 167.835433, 167.7524905, 167.4187944, 167.2425191, -15.8819411, -16.0789992, -16.1931324, -16.5214798, -16.5769202, -16.4614959, -16.3369101, -16.0998297, -15.8819411)), list(c(168.181669, 168.1120725, 168.1979261, 168.2796147, 168.181669, 
-15.4629227, -15.643371, -15.9991779, -15.9133234, -15.4629227)), list(c(166.6083577, 166.522101, 166.6537253, 166.6179418, 166.8300455, 166.9100322, 167.0841579, 167.2191411, 167.1379451, 167.0645866, 166.8141467, 166.7595085, 166.6083577, -14.6362571, -14.8475167, -15.24419, -15.3925112, -15.6754485, -15.5971169, -15.6137515, -15.4712401, -15.1650391, -15.0942303, -15.1662805, -14.8941681, -14.6362571)))"
Vatican,VAT,NA,NA,501,Vatican City,Europe,Europe & Central Asia,Southern Europe,"list(c(12.4538135, 12.4515742, 12.458292, 12.4538135, 41.9068157, 41.9003853, 41.9017756, 41.9068157))"
Venezuela,VEN,95.835724,5267.1753,28212961,Venezuela,Americas,Latin America & Caribbean,Latin America and the Caribbean,"list(c(-66.8527641, -66.3103233, -65.9772095, -65.7432057, -65.5576598, -65.4449797, -65.3261192, -65.1752372, -65.1516353, -65.0108748, -64.8005177, -64.7554636, -64.393911, -64.1963626, -64.0770543, -64.0611555, -63.6773445, -63.5908191, -63.3922854, -63.370251, -63.9332931, -64.0156087, -64.2206363, -64.1175851, -64.1274827, -64.2437456, -64.4554462, -64.7574342, -64.6121503, -64.274334, -64.1303937, -63.9963062, -63.7363717, -63.6504285, -63.5135195, -63.3979284, -63.0960748, -62.9509701, -62.7280283, 
-62.7335817, -62.5621432, -62.4354453, -62.1180511, -61.753274, -61.5577409, -61.462348, -61.2846395, -61.1475514, -60.997162, -60.9475397, -60.7540668, -60.583524, -60.7363766, -61.4149202, -61.2093104, -61.1324587, -61.2317479, -61.1504176, -60.9571686, -60.9135924, -60.7290318, -60.5451877, -60.2879403, -60.5881369, -60.7144317, -60.5898387, -60.5077919, -60.3624632, -59.8064972, -59.9766369, -60.2246585, -60.4046063, -60.4692764, -60.7197164, -60.8452499, -60.862134, -60.8025694, -61.0012822, 
-61.1646146, -61.4121435, -61.8663571, -62.0263306, -62.1987992, -62.4179342, -62.4942485, -62.6658662, -62.8446495, -62.6654631, -62.3229891, -62.2087863, -62.6912595, -62.9654357, -63.1608793, -63.5312546, -63.7654822, -63.8205235, -64.0588266, -64.3933736, -64.4587603, -64.6354387, -64.8129681, -65.056332, -65.402971, -65.7430266, -65.8154446, -66.2354421, -67.0146634, -67.2129731, -67.9029371, -68.1055015, -68.2600111, -68.3233825, -68.2254816, -68.389217, -68.5296193, -68.8571349, -69.0529367, 
-69.2821036, -69.6271304, -69.7850437, -69.8958428, -70.0211524, -70.2155658, -70.2909397, -70.192994, -69.8054659, -69.7262405, -70.1483877, -70.5313029, -70.8421584, -71.2137877, -71.487964, -71.5629795, -71.5325255, -71.2093988, -71.0276596, -71.0886125, -71.0735646, -71.359609, -71.6466387, -71.760931, -71.7337463, -71.9721838, -71.9739304, -72.1324707, -71.9892022, -71.7950575, -71.6308742, -71.5888207, -71.6684044, -71.7601249, -71.9567776, -71.9526126, -71.4404915, -71.3782397, -71.9723629, 
-72.2456883, -72.442968, -72.6497422, -72.8854926, -72.9708983, -73.085549, -73.1447553, -73.3657712, -73.1721639, -73.0070849, -72.9316663, -72.7776941, -72.6544894, -72.3877923, -72.3538002, -72.4590011, -72.4758405, -72.2521374, -72.0486325, -71.7612445, -71.4492694, -71.1289642, -71.0241663, -70.8846598, -70.5435741, -70.3234987, -70.1178889, -69.4275666, -69.2526796, -69.1118743, -68.6484797, -68.4512, -68.2745664, -68.1244009, -67.9735189, -67.7847484, -67.552133, -67.4066252, -67.5977246, 
-67.6009939, -67.85851, -67.809873, -67.8552854, -67.6329707, -67.5004954, -67.3331772, -67.860794, -67.6563486, -67.5630606, -67.3919804, -67.187759, -67.2230051, -67.069839, -66.846315, -66.8527641, 1.2287656, 0.7449467, 0.8216149, 1.0008963, 0.9916852, 0.6892084, 0.9341344, 0.9409124, 1.1088971, 1.1107592, 1.3152656, 1.2277476, 1.5290079, 1.5215595, 1.6451522, 1.9248371, 2.0220378, 2.1237572, 2.1526071, 2.4260602, 2.4569708, 2.8103942, 3.0931577, 3.2772805, 3.4845676, 3.662682, 3.7807878, 4.0514105, 
4.111022, 4.1499271, 4.1024812, 3.9039583, 3.9142122, 4.0003149, 3.8481455, 3.9805024, 3.790843, 3.6111396, 3.8050197, 4.0392945, 4.0378049, 4.1836432, 4.0869639, 4.2545265, 4.2519444, 4.434652, 4.5374142, 4.4810551, 4.5176265, 4.6554703, 4.7534655, 4.9574753, 5.2013834, 5.9707961, 6.1119669, 6.2508534, 6.5693938, 6.7377758, 6.716697, 6.8175474, 6.7563718, 6.8618402, 7.0803246, 7.3142767, 7.5407805, 7.643642, 7.8321344, 7.8252323, 8.3043587, 8.51969, 8.6400054, 8.6358095, 8.5229176, 8.6050231, 8.7924728, 
9.1967186, 9.3738399, 9.5542882, 9.579265, 9.736822, 9.8034598, 9.9617865, 10.0225897, 9.9317945, 10.168006, 10.2688564, 10.5250791, 10.5792781, 10.5392557, 10.6967631, 10.745078, 10.7001149, 10.7197288, 10.6292564, 10.6618056, 10.4409874, 10.4425764, 10.376311, 10.2551267, 10.2417445, 10.0876137, 10.0625873, 10.1342899, 10.2434328, 10.2234216, 10.6526193, 10.6192756, 10.5550958, 10.4775587, 10.4850815, 10.6163708, 10.7705264, 10.8909411, 11.1421734, 11.2684226, 11.4534392, 11.4451219, 11.5384247, 
11.4751139, 11.772203, 12.1454886, 12.2012518, 12.0529803, 11.900513, 11.6067756, 11.6959321, 11.4917733, 11.4163465, 11.2359479, 11.2000966, 10.9967571, 10.9575541, 10.799277, 10.56386, 9.9666031, 9.7199888, 9.5403598, 9.310405, 9.0845715, 9.0435809, 9.1304284, 9.3201623, 9.5137445, 9.6023051, 9.8122488, 10.0763667, 10.3204734, 10.4446371, 10.7109149, 10.7838589, 11.0854668, 11.4121755, 11.5954541, 11.7225723, 11.8122254, 11.6439676, 11.1452272, 11.1257374, 10.8669327, 10.4541213, 9.8547788, 9.5561006, 
9.5425447, 9.1716674, 9.1797364, 9.2899221, 9.0828833, 9.1146131, 8.614979, 8.3463177, 8.15497, 7.9110371, 7.4897346, 7.379251, 7.039756, 7.0686803, 7.0179324, 7.0326801, 6.974161, 7.0653286, 7.0690528, 6.9352062, 6.9793997, 6.107473, 6.0585623, 6.2214077, 6.1326981, 6.186475, 6.1615479, 6.2293774, 6.2089442, 6.3168705, 6.2755819, 6.0073674, 5.827664, 5.5392646, 5.2553341, 5.0411946, 4.521723, 3.7813588, 3.7659656, 3.3357995, 2.864196, 2.7964658, 2.6566606, 2.5738351, 2.3487713, 2.2538796, 1.9314909, 
1.3270587, 1.2287656))"
Vietnam,VNM,37.756424,8050.359,99680606,Vietnam,Asia,East Asia & Pacific,South-eastern Asia,"list(list(c(105.1954304, 105.0774657, 104.8324895, 104.8700197, 105.1308499, 105.1954304, 8.7633001, 8.7820948, 8.65952, 8.5612765, 8.6336991, 8.7633001)), list(c(104.0041835, 103.8604223, 104.0345927, 104.0820653, 104.0041835, 10.4495778, 10.3066691, 10.1316581, 10.3733317, 10.4495778)), list(c(104.4417369, 104.5862146, 104.8050361, 104.887486, 105.0878111, 104.9054002, 104.8445368, 104.8104103, 104.8116643, 105.0766148, 105.2766712, 105.5249615, 106.1987579, 106.2129101, 106.5370668, 106.6549868, 
106.9966099, 107.1199937, 107.524585, 107.8932585, 107.9987281, 108.1041529, 108.344561, 108.5340928, 108.7345075, 108.7878917, 109.0245378, 109.0187605, 109.1296044, 109.2357906, 109.1928861, 109.2037242, 109.3012668, 109.1995144, 109.4612403, 109.2979079, 109.3237491, 109.2245494, 109.2850097, 109.2357906, 109.302073, 109.2045751, 109.0708011, 109.0787281, 108.9120369, 108.9341161, 108.4979062, 108.4062305, 108.1308003, 108.0436926, 107.9015438, 107.7065481, 107.2348234, 107.1196354, 106.7665472, 
106.516152, 106.4270739, 106.0616698, 105.8578514, 105.6254151, 105.8033475, 105.8104236, 106.0312157, 106.1833069, 106.3954106, 106.5754031, 106.5787173, 106.8604175, 107.0987206, 107.3496084, 107.4483155, 107.5733563, 107.787968, 108.0011913, 107.8670142, 107.3828392, 107.004313, 107.0549653, 106.7378846, 106.6594653, 106.5570411, 106.6117689, 106.7673086, 106.6017817, 106.3454301, 106.2019376, 105.8534624, 105.7156129, 105.5600732, 105.4393318, 105.3222627, 105.1823531, 104.8011397, 104.8623166, 
104.7222726, 104.5787354, 104.3992355, 104.2432479, 104.0392504, 103.9606968, 103.645945, 103.5301299, 103.3586466, 103.0308175, 102.8780097, 102.508127, 102.1439321, 102.6126561, 102.6761618, 102.9730891, 102.9922124, 102.8910422, 102.8841005, 102.9686105, 103.1267926, 103.3815768, 103.5993682, 103.6834752, 103.822086, 104.0926346, 104.636419, 104.3804256, 104.6106674, 104.9722648, 104.8441785, 104.8253239, 104.5604182, 104.4234644, 104.0577468, 104.1090709, 103.9076261, 104.4970916, 104.6770842, 
104.9087591, 105.1836967, 105.1040234, 105.3674512, 105.4593061, 105.633163, 105.7512173, 105.8584336, 106.0919895, 106.3046306, 106.4392555, 106.5476362, 106.5521595, 106.6606745, 107.0839862, 107.2677407, 107.4658713, 107.3989172, 107.2147596, 107.3861981, 107.5139261, 107.6094534, 107.6243669, 107.4673493, 107.5891656, 107.5565618, 107.4883536, 107.3410992, 107.6170669, 107.627681, 107.497042, 107.5898373, 107.5455894, 107.1520152, 106.9280434, 106.722344, 106.412026, 106.4654102, 106.367151, 
106.0248561, 105.8682416, 106.0242292, 106.1879646, 106.0729109, 105.8982926, 105.7796113, 105.3376689, 105.0806455, 105.0984253, 104.8687657, 104.5870207, 104.4417369, 10.4236824, 10.2516508, 10.2012504, 10.0911889, 10.0048627, 9.8250351, 9.5849753, 9.1733308, 8.7687126, 8.7846024, 8.7512587, 9.1196035, 9.3750317, 9.5057747, 9.5758139, 9.9687879, 10.5112003, 10.3629289, 10.5033299, 10.7178667, 10.7024735, 10.9195924, 10.9616506, 11.1553569, 11.1882786, 11.3074767, 11.3616509, 11.5225101, 11.5691366, 
11.7470525, 11.939145, 12.3958271, 12.4758222, 12.6382951, 12.9108296, 13.1475376, 13.2558364, 13.4466627, 13.5729119, 13.7662706, 13.8841777, 14.2325114, 14.5762271, 14.7074667, 15.0583328, 15.2087395, 15.6749803, 15.8791391, 16.1221037, 16.3066485, 16.2779228, 16.4920872, 16.8678307, 17.0841551, 17.339484, 17.6665899, 18.0883393, 18.3120872, 18.5474049, 19.0191326, 19.2703649, 19.5733134, 19.9891786, 19.9804144, 20.2050065, 20.2916306, 20.5508574, 20.90078, 20.9916745, 20.9999918, 21.2954423, 21.2812409, 
21.4775044, 21.5474443, 21.6494616, 21.5956846, 21.8330382, 21.9209781, 22.0073788, 22.333144, 22.4585243, 22.604164, 22.744863, 22.9297555, 22.856017, 22.9840538, 22.9450742, 23.0647689, 23.0879332, 23.3006576, 23.3925204, 23.277245, 23.1150203, 22.9422935, 22.8202153, 22.8523673, 22.701911, 22.8439507, 22.7238587, 22.5066902, 22.7950896, 22.5947046, 22.8031835, 22.4424111, 22.5873804, 22.7784053, 22.4007252, 21.9199602, 21.6570341, 21.7364829, 21.5861508, 21.4698078, 21.2997127, 21.070031, 20.9089484, 
20.786175, 20.7460285, 20.661341, 20.8711853, 20.964935, 20.6717686, 20.4474497, 20.2747229, 20.0617005, 19.9254954, 19.7861371, 19.6099344, 19.6986936, 19.6516202, 19.5166316, 19.3294798, 19.0036897, 18.8372692, 18.7862481, 18.6575657, 18.4475476, 18.1611344, 18.2049057, 17.9917841, 17.6682037, 17.6236875, 17.3607862, 17.2072761, 16.9950979, 16.9257043, 16.6942101, 16.473367, 16.3125079, 16.1228237, 16.0258216, 15.8939364, 15.8240959, 15.4927444, 15.4729567, 15.3371488, 15.1375831, 14.9869778, 14.8636831, 
14.6861148, 14.4069265, 14.1330761, 13.5264591, 13.3670151, 13.0300774, 12.5592435, 12.3524033, 12.2765296, 12.0635073, 11.9728114, 11.9736059, 11.872259, 11.6967266, 11.7743879, 11.3142547, 11.1398396, 11.0502858, 10.8107474, 10.8442401, 11.0312677, 10.859534, 10.9543016, 10.7208461, 10.5219756, 10.5269411, 10.4236824)), list(c(112.3340897, 112.3291185, 112.3220424, 112.3290737, 112.3340897, 16.8378884, 16.8420595, 16.834065, 16.8278084, 16.8378884)))"
Wallis and Futuna,WLF,NA,NA,11451,NA,NA,NA,NA,list()
Western Sahara,ESH,84.3074,NA,568702,Western Sahara,Africa,Africa,Northern Africa,"list(c(-8.6676106, -10.3582596, -11.9795808, -13.1723058, -13.5649842, -14.0388586, -14.1801117, -14.4754267, -14.4964758, -14.634594, -14.828067, -14.8295001, -14.8877659, -15.2201184, -15.329977, -15.7422714, -15.7789955, -16.1161848, -16.1419364, -16.2807711, -16.3597726, -16.4995926, -16.6797195, -16.8063279, -16.9667492, -17.0633513, -17.1046435, -17.0503636, -17.0687256, -16.9474019, -16.226536, -14.8714192, -13.8791986, -13.0008224, -13.0287237, -13.0792865, -13.1502713, -13.1080835, -12.5819893, 
-12.0008539, -12.0008539, -12.0008539, -10.9048655, -9.713932, -8.6676106, -8.6676106, -8.6676106, 27.6672674, 27.6672674, 27.6672674, 27.6672674, 26.7421845, 26.4452939, 26.4264248, 26.1792891, 25.9967057, 25.7738764, 25.2946507, 24.9075609, 24.6962268, 24.4411214, 24.3041714, 23.9610516, 23.7528955, 23.2047231, 23.0363163, 22.8964366, 22.5787404, 22.3203577, 22.2956044, 22.1622048, 21.7965165, 21.0013325, 20.8434279, 20.7699873, 20.8953179, 21.3342482, 21.3337764, 21.3338757, 21.3339502, 21.3340247, 
22.013263, 22.520842, 22.7602811, 22.9352921, 23.2717084, 23.4522312, 24.8801013, 26.0005788, 26.0005788, 26.0005788, 26.0005788, 27.3158799, 27.6672674))"
World,OWID_WRL,56.193768,16676.75,8021407128,NA,NA,NA,NA,list()
Yemen,YEM,39.849583,1959.3195,38222833,Yemen,Asia,Middle East & North Africa,Western Asia,"list(list(c(53.5099827, 53.3832848, 53.6515942, 54.138322, 54.4116473, 54.4458186, 54.1232741, 53.777486, 53.5099827, 12.7087563, 12.5537565, 12.3137216, 12.3412556, 12.4704097, 12.5662201, 12.6945797, 12.6104135, 12.7087563)), list(c(51.999998, 50.7833129, 49.1166688, 48.183341, 47.6004142, 47.4666849, 47.1833277, 47.000021, 46.7499841, 46.3666658, 45.4000176, 45.2166662, 44.3661018, 44.0113566, 43.9666607, 43.6833483, 43.4846354, 43.2407341, 43.1601652, 43.1504467, 43.2663962, 43.2347329, 42.9921751, 
42.9232952, 42.7712039, 42.8345753, 42.8112421, 42.6896049, 42.7754138, 42.6675257, 42.8595655, 42.9478824, 42.9979077, 43.1578811, 43.2862361, 43.2578869, 43.494533, 43.9066035, 44.4220387, 44.5700097, 44.8016846, 45.050378, 45.1358285, 45.3849697, 45.6583399, 46.241625, 46.6791336, 46.9291705, 47.3908185, 47.6349437, 47.9557864, 48.2132576, 48.6833253, 48.8024544, 49.0295612, 49.364153, 49.9333307, 50.195818, 50.4849525, 51.2216277, 51.5749845, 51.867478, 52.2257612, 52.1512383, 52.2696061, 52.489189, 
53.1090638, 52.7822199, 52.2893565, 51.999998, 18.9996428, 18.7888798, 18.6166744, 18.166671, 17.4505386, 17.1166547, 16.9500107, 16.9500107, 17.2833236, 17.2333452, 17.3333267, 17.433333, 17.433333, 17.402472, 17.330546, 17.3666704, 17.5451076, 17.4805306, 17.0869607, 16.8776377, 16.7947129, 16.6428414, 16.5216819, 16.3946878, 16.4041224, 16.0266161, 15.8741735, 15.7299986, 15.4658311, 15.2111975, 15.1416549, 14.9158214, 14.3991306, 13.9540679, 13.6882866, 13.2082415, 12.8174523, 12.645371, 12.6699754, 
12.8103516, 12.7711982, 12.8316787, 12.9804219, 13.0561714, 13.347004, 13.4304501, 13.4253852, 13.5370606, 13.6487607, 13.861212, 14.0395499, 13.9720929, 14.0370671, 14.1295506, 14.4499779, 14.6471104, 14.8454098, 14.8662403, 15.0229284, 15.1904414, 15.3262245, 15.4945568, 15.6320531, 15.9916586, 16.2483529, 16.4421089, 16.6500912, 17.3496882, 18.3892768, 18.9996428)))"
Yugoslavia,OWID_YGS,NA,19352.385,NA,NA,NA,NA,NA,list()
Zambia,ZMB,42.994038,3342.4214,20152890,Zambia,Africa,Sub-Saharan Africa,Sub-Saharan Africa,"list(c(23.4342096, 24.2497966, 24.5541582, 24.7279256, 25.0447375, 25.2617676, 25.262932, 25.5205377, 25.6910357, 25.9708997, 26.2167268, 26.308089, 26.7470755, 27.0183407, 27.319433, 27.5488687, 27.8302106, 28.1361397, 28.2525817, 28.7999042, 28.8476902, 29.2138109, 29.7864818, 30.2176309, 30.4218524, 30.3765743, 30.2565495, 30.2198702, 30.7997516, 31.5023451, 31.682875, 32.5824795, 33.2163273, 33.0041341, 32.795031, 32.9242817, 33.0212869, 32.9474357, 33.0457397, 33.3664928, 33.4747839, 33.3697173, 
33.2573507, 33.3325902, 33.3110037, 33.2377347, 33.3808689, 33.2985533, 33.3358148, 33.4487636, 33.6951281, 33.5631903, 33.5433056, 33.3213043, 33.380645, 33.2309274, 33.2194623, 32.9988942, 32.9596622, 32.7556646, 32.5455763, 32.4374643, 32.2552325, 31.9882667, 31.9492586, 31.67871, 31.484834, 31.211643, 31.0871396, 30.8490156, 30.7728356, 29.4823442, 28.8908633, 28.95625, 28.9117333, 28.6693099, 28.3800858, 28.5144868, 28.675759, 28.6221957, 28.6335712, 28.6950167, 28.5438212, 28.4765535, 28.4559522, 
28.3959398, 28.4199448, 28.5114414, 28.7172303, 29.0072158, 29.0404466, 29.278481, 29.4834638, 29.4825233, 29.8147414, 29.8147414, 29.6131175, 29.5758113, 29.1775347, 29.0056931, 28.8257006, 28.5339236, 28.3394654, 27.9610287, 27.8230001, 27.6497702, 27.5242367, 27.4763163, 27.0475408, 26.9609706, 26.5759057, 26.4332194, 26.3127467, 26.047841, 25.6557896, 25.3319911, 25.2943714, 25.205114, 24.7504974, 24.5274213, 24.3414723, 24.3792712, 24.1439239, 23.999894, 24.0313334, 24.0874943, 23.9623191, 24.0121652, 
23.9823829, 24.065639, 23.9465994, 23.8935287, 24.058115, 23.2291372, 22.0037189, 22.0002705, 22.0004496, 22.0002257, 22.1204297, 22.1352985, 22.7916286, 22.9954917, 23.2215685, 23.4342096, -17.6378607, -17.4743946, -17.5359178, -17.5003396, -17.5884534, -17.790477, -17.791346, -17.8640417, -17.8099668, -18.0022083, -17.8845246, -17.9367126, -18.0223684, -17.9544645, -17.5902907, -17.4157762, -16.9620983, -16.8238076, -16.725142, -16.5004755, -16.0532279, -15.7719789, -15.6122122, -15.6674788, -15.621175, 
-15.3454874, -15.2182202, -14.9971537, -14.7885011, -14.6102376, -14.5107279, -14.2250595, -14.0070717, -13.9626548, -13.6525559, -13.3925346, -12.893248, -12.7676195, -12.6234943, -12.5609779, -12.4165547, -12.3463666, -12.1403209, -11.8201668, -11.5934892, -11.4123706, -11.2353734, -10.9876915, -10.8224626, -10.822264, -10.5933519, -10.4072677, -10.2347147, -10.0630058, -9.9159261, -9.7489345, -9.6212949, -9.5737993, -9.4006753, -9.2851516, -9.2577666, -9.1194511, -9.1325601, -9.0752576, -8.9358993, 
-8.9166826, -8.6798256, -8.5834939, -8.6285315, -8.3718123, -8.2032813, -8.3907559, -8.4766848, -8.6016926, -8.7668222, -9.0588713, -9.252801, -9.3484873, -9.8127418, -9.9934632, -10.4655882, -10.6763512, -10.8690892, -11.1034882, -11.3717027, -11.4755572, -11.7203839, -11.8768734, -11.9901129, -12.2861593, -12.3831366, -12.3655337, -12.4581413, -12.249588, -12.1497058, -13.4444991, -13.4036823, -13.2054573, -13.4486702, -13.4231969, -13.0049978, -12.6352378, -12.4317245, -12.3145126, -12.2274912, 
-12.2858862, -12.1614494, -11.9543361, -11.7071756, -11.915853, -11.9856935, -11.9111606, -11.9635968, -11.9365097, -11.7332199, -11.6269322, -11.3009932, -11.236143, -11.3030787, -11.4649558, -11.3672585, -11.0851157, -11.0305442, -10.8899693, -11.2747254, -11.4033829, -11.6572966, -11.8107819, -12.1713805, -12.4244252, -12.5549944, -12.8405138, -13.0007771, -13.0002557, -12.9996847, -14.0040427, -15.406663, -16.2072843, -16.3481322, -16.4900975, -17.1199285, -17.2742082, -17.532715, -17.6378607
))"
Zimbabwe,ZWE,45.37538,1703.5294,16069010,Zimbabwe,Africa,Sub-Saharan Africa,Sub-Saharan Africa,"list(c(29.375307, 29.7734045, 30.2889293, 30.8398346, 31.2576824, 31.3095439, 31.3761846, 32.414579, 32.3797359, 32.5236762, 32.4837277, 32.6680196, 32.8717036, 32.8702257, 33.0269298, 33.0622207, 32.8536551, 32.8512815, 32.7802966, 32.8846018, 32.7171492, 32.7017878, 32.9222216, 32.982234, 33.068222, 32.9377621, 33.0418434, 32.9897132, 32.833009, 32.9798156, 32.7721457, 32.712178, 32.273908, 32.0374411, 31.7317359, 31.438078, 31.3157691, 31.1450471, 30.4218076, 30.4218524, 30.2176309, 29.7864818, 
29.2138109, 28.8476902, 28.7999042, 28.2525817, 28.1361397, 27.8302106, 27.5488687, 27.319433, 27.0183407, 26.7470755, 26.308089, 26.2167268, 25.9708997, 25.6910357, 25.5205377, 25.262932, 25.2375387, 25.3934815, 25.5222843, 25.7824427, 25.8254815, 25.9517763, 25.9749304, 26.1654475, 26.3586069, 26.4479986, 26.7262055, 27.0404199, 27.216964, 27.3622927, 27.6952274, 27.7306526, 27.6860463, 27.9204084, 28.0218473, 28.5761563, 29.064362, 29.0219054, 29.2469969, 29.375307, -22.1954705, -22.1416439, -22.3560566, 
-22.2922988, -22.3631573, -22.4219991, -22.3814802, -21.3174611, -21.1154375, -20.9091435, -20.6715417, -20.5558939, -20.2777732, -20.1057663, -20.0344113, -19.7764011, -19.6848611, -19.4843768, -19.3602379, -19.1028732, -19.0247154, -18.8422064, -18.7820239, -18.4945182, -18.3487792, -18.0150442, -17.5874851, -17.1849524, -16.9228456, -16.7070177, -16.7085819, -16.5985452, -16.433515, -16.4422047, -16.2077808, -16.1565115, -16.0192884, -15.9862674, -16.0062786, -15.621175, -15.6674788, -15.6122122, 
-15.7719789, -16.0532279, -16.5004755, -16.725142, -16.8238076, -16.9620983, -17.4157762, -17.5902907, -17.9544645, -18.0223684, -17.9367126, -17.8845246, -18.0022083, -17.8099668, -17.8640417, -17.791346, -17.9126793, -18.1212574, -18.3835381, -18.6244916, -18.8373153, -18.9128911, -19.1316238, -19.5387248, -19.6148467, -19.7517967, -19.9398671, -20.0087394, -20.0934518, -20.4682022, -20.4901748, -20.7945136, -21.0503887, -21.3302474, -21.5758189, -21.6289752, -21.8034648, -21.9553611, -22.0597619, 
-22.1954705))"
